📝 Logging to ./benchmark_results/base64_benchmark_clang_2025-08-09_19-39-30.log
📂 Benchmark: Enron email files
-----------------------DISABLE NEWLINES/NO_NL mode---------------------------

 ***** Benchmarking EVP_EncodeUpdate *****:
Benchmark ran 50000 iterations (40000 used after warmup)
Total elapsed (wall):     1.549959 s
CPU cycles (avg):         140159
Instructions (avg):       541159
Instructions per cycle:   3.8610
Throughput:              18.05 GB/s


 ***** Benchmarking EVP_EncodeUpdate_openssl *****:
Benchmark ran 50000 iterations (40000 used after warmup)
Total elapsed (wall):     13.049904 s
CPU cycles (avg):         1368191
Instructions (avg):       7710457
Instructions per cycle:   5.6355
Throughput:              2.14 GB/s
-----------------------PEM mode---------------------------

 ***** Benchmarking EVP_EncodeUpdate *****:
Benchmark ran 50000 iterations (40000 used after warmup)
Total elapsed (wall):     1.842074 s
CPU cycles (avg):         172670
Instructions (avg):       586563
Instructions per cycle:   3.3970
Throughput:              15.19 GB/s


 ***** Benchmarking EVP_EncodeUpdate_openssl *****:
Benchmark ran 50000 iterations (40000 used after warmup)
Total elapsed (wall):     13.127667 s
CPU cycles (avg):         1384810
Instructions (avg):       7768665
Instructions per cycle:   5.6099
Throughput:              2.13 GB/s
-----------------------Custom ctx->lengths mode: 3---------------------------

 ***** Benchmarking EVP_EncodeUpdate *****:
Benchmark ran 50000 iterations (40000 used after warmup)
Total elapsed (wall):     2.952497 s
CPU cycles (avg):         290039
Instructions (avg):       1094060
Instructions per cycle:   3.7721
Throughput:              9.48 GB/s


 ***** Benchmarking EVP_EncodeUpdate_openssl *****:
Benchmark ran 50000 iterations (40000 used after warmup)
Total elapsed (wall):     26.755614 s
CPU cycles (avg):         2854198
Instructions (avg):       15855163
Instructions per cycle:   5.5550
Throughput:              1.05 GB/s
-----------------------Custom ctx->lengths mode: 6---------------------------

 ***** Benchmarking EVP_EncodeUpdate *****:
Benchmark ran 50000 iterations (40000 used after warmup)
Total elapsed (wall):     3.146124 s
CPU cycles (avg):         313142
Instructions (avg):       897255
Instructions per cycle:   2.8653
Throughput:              8.89 GB/s


 ***** Benchmarking EVP_EncodeUpdate_openssl *****:
Benchmark ran 50000 iterations (40000 used after warmup)
Total elapsed (wall):     19.489944 s
CPU cycles (avg):         2050678
Instructions (avg):       11542352
Instructions per cycle:   5.6286
Throughput:              1.44 GB/s
-----------------------Custom ctx->lengths mode: 9---------------------------

 ***** Benchmarking EVP_EncodeUpdate *****:
Benchmark ran 50000 iterations (40000 used after warmup)
Total elapsed (wall):     7.066782 s
CPU cycles (avg):         735121
Instructions (avg):       2915714
Instructions per cycle:   3.9663
Throughput:              3.96 GB/s


 ***** Benchmarking EVP_EncodeUpdate_openssl *****:
Benchmark ran 50000 iterations (40000 used after warmup)
Total elapsed (wall):     16.790627 s
CPU cycles (avg):         1798224
Instructions (avg):       10105053
Instructions per cycle:   5.6195
Throughput:              1.67 GB/s
-----------------------Custom ctx->lengths mode: 12---------------------------

 ***** Benchmarking EVP_EncodeUpdate *****:
Benchmark ran 50000 iterations (40000 used after warmup)
Total elapsed (wall):     5.472929 s
CPU cycles (avg):         568482
Instructions (avg):       2475920
Instructions per cycle:   4.3553
Throughput:              5.11 GB/s


 ***** Benchmarking EVP_EncodeUpdate_openssl *****:
Benchmark ran 50000 iterations (40000 used after warmup)
Total elapsed (wall):     15.866993 s
CPU cycles (avg):         1681615
Instructions (avg):       9385913
Instructions per cycle:   5.5815
Throughput:              1.76 GB/s
-----------------------Custom ctx->lengths mode: 15---------------------------

 ***** Benchmarking EVP_EncodeUpdate *****:
Benchmark ran 50000 iterations (40000 used after warmup)
Total elapsed (wall):     6.076397 s
CPU cycles (avg):         632170
Instructions (avg):       2587205
Instructions per cycle:   4.0926
Throughput:              4.60 GB/s


 ***** Benchmarking EVP_EncodeUpdate_openssl *****:
Benchmark ran 50000 iterations (40000 used after warmup)
Total elapsed (wall):     15.103951 s
CPU cycles (avg):         1595417
Instructions (avg):       8954928
Instructions per cycle:   5.6129
Throughput:              1.85 GB/s
-----------------------Custom ctx->lengths mode: 18---------------------------

 ***** Benchmarking EVP_EncodeUpdate *****:
Benchmark ran 50000 iterations (40000 used after warmup)
Total elapsed (wall):     5.366459 s
CPU cycles (avg):         549252
Instructions (avg):       2369840
Instructions per cycle:   4.3147
Throughput:              5.21 GB/s


 ***** Benchmarking EVP_EncodeUpdate_openssl *****:
Benchmark ran 50000 iterations (40000 used after warmup)
Total elapsed (wall):     14.509974 s
CPU cycles (avg):         1532218
Instructions (avg):       8667349
Instructions per cycle:   5.6567
Throughput:              1.93 GB/s
-----------------------Custom ctx->lengths mode: 21---------------------------

 ***** Benchmarking EVP_EncodeUpdate *****:
Benchmark ran 50000 iterations (40000 used after warmup)
Total elapsed (wall):     5.421775 s
CPU cycles (avg):         561545
Instructions (avg):       2315377
Instructions per cycle:   4.1232
Throughput:              5.16 GB/s


 ***** Benchmarking EVP_EncodeUpdate_openssl *****:
Benchmark ran 50000 iterations (40000 used after warmup)
Total elapsed (wall):     14.172369 s
CPU cycles (avg):         1498478
Instructions (avg):       8461995
Instructions per cycle:   5.6471
Throughput:              1.97 GB/s
-----------------------Custom ctx->lengths mode: 24---------------------------

 ***** Benchmarking EVP_EncodeUpdate *****:
Benchmark ran 50000 iterations (40000 used after warmup)
Total elapsed (wall):     3.721055 s
CPU cycles (avg):         373228
Instructions (avg):       1370961
Instructions per cycle:   3.6732
Throughput:              7.52 GB/s


 ***** Benchmarking EVP_EncodeUpdate_openssl *****:
Benchmark ran 50000 iterations (40000 used after warmup)
Total elapsed (wall):     13.904142 s
CPU cycles (avg):         1474028
Instructions (avg):       8307694
Instructions per cycle:   5.6360
Throughput:              2.01 GB/s
-----------------------Custom ctx->lengths mode: 27---------------------------

 ***** Benchmarking EVP_EncodeUpdate *****:
Benchmark ran 50000 iterations (40000 used after warmup)
Total elapsed (wall):     4.829532 s
CPU cycles (avg):         496022
Instructions (avg):       2053955
Instructions per cycle:   4.1409
Throughput:              5.79 GB/s


 ***** Benchmarking EVP_EncodeUpdate_openssl *****:
Benchmark ran 50000 iterations (40000 used after warmup)
Total elapsed (wall):     13.714298 s
CPU cycles (avg):         1452219
Instructions (avg):       8188225
Instructions per cycle:   5.6384
Throughput:              2.04 GB/s
-----------------------Custom ctx->lengths mode: 30---------------------------

 ***** Benchmarking EVP_EncodeUpdate *****:
Benchmark ran 50000 iterations (40000 used after warmup)
Total elapsed (wall):     4.351450 s
CPU cycles (avg):         441177
Instructions (avg):       1876939
Instructions per cycle:   4.2544
Throughput:              6.43 GB/s


 ***** Benchmarking EVP_EncodeUpdate_openssl *****:
Benchmark ran 50000 iterations (40000 used after warmup)
Total elapsed (wall):     13.589445 s
CPU cycles (avg):         1434891
Instructions (avg):       8092368
Instructions per cycle:   5.6397
Throughput:              2.06 GB/s
-----------------------Custom ctx->lengths mode: 33---------------------------

 ***** Benchmarking EVP_EncodeUpdate *****:
Benchmark ran 50000 iterations (40000 used after warmup)
Total elapsed (wall):     4.560573 s
CPU cycles (avg):         467424
Instructions (avg):       1877956
Instructions per cycle:   4.0177
Throughput:              6.13 GB/s


 ***** Benchmarking EVP_EncodeUpdate_openssl *****:
Benchmark ran 50000 iterations (40000 used after warmup)
Total elapsed (wall):     13.498316 s
CPU cycles (avg):         1421607
Instructions (avg):       8013939
Instructions per cycle:   5.6372
Throughput:              2.07 GB/s
-----------------------Custom ctx->lengths mode: 36---------------------------

 ***** Benchmarking EVP_EncodeUpdate *****:
Benchmark ran 50000 iterations (40000 used after warmup)
Total elapsed (wall):     3.774411 s
CPU cycles (avg):         377108
Instructions (avg):       1614025
Instructions per cycle:   4.2800
Throughput:              7.41 GB/s


 ***** Benchmarking EVP_EncodeUpdate_openssl *****:
Benchmark ran 50000 iterations (40000 used after warmup)
Total elapsed (wall):     13.493168 s
CPU cycles (avg):         1416577
Instructions (avg):       7948578
Instructions per cycle:   5.6111
Throughput:              2.07 GB/s
-----------------------Custom ctx->lengths mode: 39---------------------------

 ***** Benchmarking EVP_EncodeUpdate *****:
Benchmark ran 50000 iterations (40000 used after warmup)
Total elapsed (wall):     4.350263 s
CPU cycles (avg):         441305
Instructions (avg):       1754408
Instructions per cycle:   3.9755
Throughput:              6.43 GB/s


 ***** Benchmarking EVP_EncodeUpdate_openssl *****:
Benchmark ran 50000 iterations (40000 used after warmup)
Total elapsed (wall):     13.293560 s
CPU cycles (avg):         1402300
Instructions (avg):       7893263
Instructions per cycle:   5.6288
Throughput:              2.10 GB/s
-----------------------Custom ctx->lengths mode: 42---------------------------

 ***** Benchmarking EVP_EncodeUpdate *****:
Benchmark ran 50000 iterations (40000 used after warmup)
Total elapsed (wall):     4.013927 s
CPU cycles (avg):         405770
Instructions (avg):       1650109
Instructions per cycle:   4.0666
Throughput:              6.97 GB/s


 ***** Benchmarking EVP_EncodeUpdate_openssl *****:
Benchmark ran 50000 iterations (40000 used after warmup)
Total elapsed (wall):     13.091969 s
CPU cycles (avg):         1390696
Instructions (avg):       7845865
Instructions per cycle:   5.6417
Throughput:              2.14 GB/s
-----------------------Custom ctx->lengths mode: 45---------------------------

 ***** Benchmarking EVP_EncodeUpdate *****:
Benchmark ran 50000 iterations (40000 used after warmup)
Total elapsed (wall):     4.053619 s
CPU cycles (avg):         415557
Instructions (avg):       1664702
Instructions per cycle:   4.0059
Throughput:              6.90 GB/s


 ***** Benchmarking EVP_EncodeUpdate_openssl *****:
Benchmark ran 50000 iterations (40000 used after warmup)
Total elapsed (wall):     13.238596 s
CPU cycles (avg):         1396090
Instructions (avg):       7804936
Instructions per cycle:   5.5906
Throughput:              2.11 GB/s
-----------------------Custom ctx->lengths mode: 48---------------------------

 ***** Benchmarking EVP_EncodeUpdate *****:
Benchmark ran 50000 iterations (40000 used after warmup)
Total elapsed (wall):     1.821834 s
CPU cycles (avg):         173357
Instructions (avg):       586574
Instructions per cycle:   3.3836
Throughput:              15.36 GB/s


 ***** Benchmarking EVP_EncodeUpdate_openssl *****:
Benchmark ran 50000 iterations (40000 used after warmup)
Total elapsed (wall):     13.097727 s
CPU cycles (avg):         1381892
Instructions (avg):       7768667
Instructions per cycle:   5.6218
Throughput:              2.14 GB/s
-----------------------Custom ctx->lengths mode: 51---------------------------

 ***** Benchmarking EVP_EncodeUpdate *****:
Benchmark ran 50000 iterations (40000 used after warmup)
Total elapsed (wall):     3.975457 s
CPU cycles (avg):         402476
Instructions (avg):       1595830
Instructions per cycle:   3.9650
Throughput:              7.04 GB/s


 ***** Benchmarking EVP_EncodeUpdate_openssl *****:
Benchmark ran 50000 iterations (40000 used after warmup)
Total elapsed (wall):     13.059829 s
CPU cycles (avg):         1379608
Instructions (avg):       7737130
Instructions per cycle:   5.6082
Throughput:              2.14 GB/s
-----------------------Custom ctx->lengths mode: 54---------------------------

 ***** Benchmarking EVP_EncodeUpdate *****:
Benchmark ran 50000 iterations (40000 used after warmup)
Total elapsed (wall):     3.693335 s
CPU cycles (avg):         369942
Instructions (avg):       1524715
Instructions per cycle:   4.1215
Throughput:              7.57 GB/s


 ***** Benchmarking EVP_EncodeUpdate_openssl *****:
Benchmark ran 50000 iterations (40000 used after warmup)
Total elapsed (wall):     13.008034 s
CPU cycles (avg):         1375221
Instructions (avg):       7708990
Instructions per cycle:   5.6056
Throughput:              2.15 GB/s
-----------------------Custom ctx->lengths mode: 57---------------------------

 ***** Benchmarking EVP_EncodeUpdate *****:
Benchmark ran 50000 iterations (40000 used after warmup)
Total elapsed (wall):     3.831105 s
CPU cycles (avg):         387736
Instructions (avg):       1541540
Instructions per cycle:   3.9757
Throughput:              7.30 GB/s


 ***** Benchmarking EVP_EncodeUpdate_openssl *****:
Benchmark ran 50000 iterations (40000 used after warmup)
Total elapsed (wall):     12.751148 s
CPU cycles (avg):         1358720
Instructions (avg):       7683788
Instructions per cycle:   5.6552
Throughput:              2.19 GB/s
-----------------------Custom ctx->lengths mode: 60---------------------------

 ***** Benchmarking EVP_EncodeUpdate *****:
Benchmark ran 50000 iterations (40000 used after warmup)
Total elapsed (wall):     3.374660 s
CPU cycles (avg):         338713
Instructions (avg):       1400667
Instructions per cycle:   4.1353
Throughput:              8.29 GB/s


 ***** Benchmarking EVP_EncodeUpdate_openssl *****:
Benchmark ran 50000 iterations (40000 used after warmup)
Total elapsed (wall):     12.853401 s
CPU cycles (avg):         1363041
Instructions (avg):       7661049
Instructions per cycle:   5.6206
Throughput:              2.18 GB/s
-----------------------Custom ctx->lengths mode: 63---------------------------

 ***** Benchmarking EVP_EncodeUpdate *****:
Benchmark ran 50000 iterations (40000 used after warmup)
Total elapsed (wall):     3.787715 s
CPU cycles (avg):         384613
Instructions (avg):       1497757
Instructions per cycle:   3.8942
Throughput:              7.39 GB/s


 ***** Benchmarking EVP_EncodeUpdate_openssl *****:
Benchmark ran 50000 iterations (40000 used after warmup)
Total elapsed (wall):     12.663792 s
CPU cycles (avg):         1352344
Instructions (avg):       7640487
Instructions per cycle:   5.6498
Throughput:              2.21 GB/s
-----------------------Custom ctx->lengths mode: 66---------------------------

 ***** Benchmarking EVP_EncodeUpdate *****:
Benchmark ran 50000 iterations (40000 used after warmup)
Total elapsed (wall):     3.611888 s
CPU cycles (avg):         363844
Instructions (avg):       1444188
Instructions per cycle:   3.9692
Throughput:              7.75 GB/s


 ***** Benchmarking EVP_EncodeUpdate_openssl *****:
Benchmark ran 50000 iterations (40000 used after warmup)
Total elapsed (wall):     12.617920 s
CPU cycles (avg):         1347845
Instructions (avg):       7621853
Instructions per cycle:   5.6548
Throughput:              2.22 GB/s
-----------------------Custom ctx->lengths mode: 69---------------------------

 ***** Benchmarking EVP_EncodeUpdate *****:
Benchmark ran 50000 iterations (40000 used after warmup)
Total elapsed (wall):     3.766200 s
CPU cycles (avg):         379684
Instructions (avg):       1462519
Instructions per cycle:   3.8519
Throughput:              7.43 GB/s


 ***** Benchmarking EVP_EncodeUpdate_openssl *****:
Benchmark ran 50000 iterations (40000 used after warmup)
Total elapsed (wall):     12.757057 s
CPU cycles (avg):         1352668
Instructions (avg):       7604780
Instructions per cycle:   5.6221
Throughput:              2.19 GB/s
-----------------------Custom ctx->lengths mode: 72---------------------------

 ***** Benchmarking EVP_EncodeUpdate *****:
Benchmark ran 50000 iterations (40000 used after warmup)
Total elapsed (wall):     3.140703 s
CPU cycles (avg):         310986
Instructions (avg):       1177526
Instructions per cycle:   3.7864
Throughput:              8.91 GB/s


 ***** Benchmarking EVP_EncodeUpdate_openssl *****:
Benchmark ran 50000 iterations (40000 used after warmup)
Total elapsed (wall):     12.742587 s
CPU cycles (avg):         1351309
Instructions (avg):       7589127
Instructions per cycle:   5.6161
Throughput:              2.20 GB/s
-----------------------Custom ctx->lengths mode: 75---------------------------

 ***** Benchmarking EVP_EncodeUpdate *****:
Benchmark ran 50000 iterations (40000 used after warmup)
Total elapsed (wall):     3.755752 s
CPU cycles (avg):         379613
Instructions (avg):       1431997
Instructions per cycle:   3.7723
Throughput:              7.45 GB/s


 ***** Benchmarking EVP_EncodeUpdate_openssl *****:
Benchmark ran 50000 iterations (40000 used after warmup)
Total elapsed (wall):     12.711554 s
CPU cycles (avg):         1347044
Instructions (avg):       7574854
Instructions per cycle:   5.6233
Throughput:              2.20 GB/s
-----------------------Custom ctx->lengths mode: 78---------------------------

 ***** Benchmarking EVP_EncodeUpdate *****:
Benchmark ran 50000 iterations (40000 used after warmup)
Total elapsed (wall):     3.560711 s
CPU cycles (avg):         354808
Instructions (avg):       1387219
Instructions per cycle:   3.9098
Throughput:              7.86 GB/s


 ***** Benchmarking EVP_EncodeUpdate_openssl *****:
Benchmark ran 50000 iterations (40000 used after warmup)
Total elapsed (wall):     13.149640 s
CPU cycles (avg):         1388731
Instructions (avg):       7561488
Instructions per cycle:   5.4449
Throughput:              2.13 GB/s


Processed files:
File: enron7.txt.decoded (247296 bytes)
File: enron12.txt.decoded (36552 bytes)
File: enron13.txt.decoded (59904 bytes)
File: enron10.txt.decoded (34773 bytes)
File: enron9.txt.decoded (58368 bytes)
File: enron11.txt.decoded (57696 bytes)
File: enron14.txt.decoded (35328 bytes)
File: enron2.txt.decoded (38400 bytes)
File: enron4.txt.decoded (72192 bytes)
File: enron15.txt.decoded (32760 bytes)
File: enron3.txt.decoded (26112 bytes)
 
🖼️  Benchmark: Mula JPG files
-----------------------DISABLE NEWLINES/NO_NL mode---------------------------

 ***** Benchmarking EVP_EncodeUpdate *****:
Benchmark ran 500000 iterations (490000 used after warmup)
Total elapsed (wall):     11.259343 s
CPU cycles (avg):         73472
Instructions (avg):       283640
Instructions per cycle:   3.8605
Throughput:              15.94 GB/s


 ***** Benchmarking EVP_EncodeUpdate_openssl *****:
Benchmark ran 50000 iterations (40000 used after warmup)
Total elapsed (wall):     6.836779 s
CPU cycles (avg):         713605
Instructions (avg):       4036980
Instructions per cycle:   5.6572
Throughput:              2.14 GB/s
-----------------------PEM mode---------------------------

 ***** Benchmarking EVP_EncodeUpdate *****:
Benchmark ran 50000 iterations (40000 used after warmup)
Total elapsed (wall):     1.057389 s
CPU cycles (avg):         88203
Instructions (avg):       305276
Instructions per cycle:   3.4611
Throughput:              13.85 GB/s


 ***** Benchmarking EVP_EncodeUpdate_openssl *****:
Benchmark ran 50000 iterations (40000 used after warmup)
Total elapsed (wall):     6.937442 s
CPU cycles (avg):         724801
Instructions (avg):       4067468
Instructions per cycle:   5.6118
Throughput:              2.11 GB/s
-----------------------Custom ctx->lengths mode: 3---------------------------

 ***** Benchmarking EVP_EncodeUpdate *****:
Benchmark ran 50000 iterations (40000 used after warmup)
Total elapsed (wall):     1.639945 s
CPU cycles (avg):         149771
Instructions (avg):       569922
Instructions per cycle:   3.8053
Throughput:              8.93 GB/s


 ***** Benchmarking EVP_EncodeUpdate_openssl *****:
Benchmark ran 50000 iterations (40000 used after warmup)
Total elapsed (wall):     14.247932 s
CPU cycles (avg):         1507236
Instructions (avg):       8301368
Instructions per cycle:   5.5077
Throughput:              1.03 GB/s
-----------------------Custom ctx->lengths mode: 6---------------------------

 ***** Benchmarking EVP_EncodeUpdate *****:
Benchmark ran 50000 iterations (40000 used after warmup)
Total elapsed (wall):     1.788260 s
CPU cycles (avg):         166147
Instructions (avg):       466888
Instructions per cycle:   2.8101
Throughput:              8.19 GB/s


 ***** Benchmarking EVP_EncodeUpdate_openssl *****:
Benchmark ran 50000 iterations (40000 used after warmup)
Total elapsed (wall):     10.020412 s
CPU cycles (avg):         1061564
Instructions (avg):       6043250
Instructions per cycle:   5.6928
Throughput:              1.46 GB/s
-----------------------Custom ctx->lengths mode: 9---------------------------

 ***** Benchmarking EVP_EncodeUpdate *****:
Benchmark ran 50000 iterations (40000 used after warmup)
Total elapsed (wall):     3.797181 s
CPU cycles (avg):         387487
Instructions (avg):       1524022
Instructions per cycle:   3.9331
Throughput:              3.86 GB/s


 ***** Benchmarking EVP_EncodeUpdate_openssl *****:
Benchmark ran 50000 iterations (40000 used after warmup)
Total elapsed (wall):     8.843741 s
CPU cycles (avg):         939626
Instructions (avg):       5290593
Instructions per cycle:   5.6305
Throughput:              1.66 GB/s
-----------------------Custom ctx->lengths mode: 12---------------------------

 ***** Benchmarking EVP_EncodeUpdate *****:
Benchmark ran 50000 iterations (40000 used after warmup)
Total elapsed (wall):     2.966084 s
CPU cycles (avg):         296101
Instructions (avg):       1294993
Instructions per cycle:   4.3735
Throughput:              4.94 GB/s


 ***** Benchmarking EVP_EncodeUpdate_openssl *****:
Benchmark ran 50000 iterations (40000 used after warmup)
Total elapsed (wall):     8.246545 s
CPU cycles (avg):         869388
Instructions (avg):       4914184
Instructions per cycle:   5.6525
Throughput:              1.78 GB/s
-----------------------Custom ctx->lengths mode: 15---------------------------

 ***** Benchmarking EVP_EncodeUpdate *****:
Benchmark ran 50000 iterations (40000 used after warmup)
Total elapsed (wall):     3.228850 s
CPU cycles (avg):         324688
Instructions (avg):       1351974
Instructions per cycle:   4.1639
Throughput:              4.54 GB/s


 ***** Benchmarking EVP_EncodeUpdate_openssl *****:
Benchmark ran 50000 iterations (40000 used after warmup)
Total elapsed (wall):     7.907172 s
CPU cycles (avg):         829908
Instructions (avg):       4688417
Instructions per cycle:   5.6493
Throughput:              1.85 GB/s
-----------------------Custom ctx->lengths mode: 18---------------------------

 ***** Benchmarking EVP_EncodeUpdate *****:
Benchmark ran 50000 iterations (40000 used after warmup)
Total elapsed (wall):     2.850869 s
CPU cycles (avg):         283912
Instructions (avg):       1238110
Instructions per cycle:   4.3609
Throughput:              5.14 GB/s


 ***** Benchmarking EVP_EncodeUpdate_openssl *****:
Benchmark ran 50000 iterations (40000 used after warmup)
Total elapsed (wall):     7.599079 s
CPU cycles (avg):         797678
Instructions (avg):       4537855
Instructions per cycle:   5.6888
Throughput:              1.93 GB/s
-----------------------Custom ctx->lengths mode: 21---------------------------

 ***** Benchmarking EVP_EncodeUpdate *****:
Benchmark ran 50000 iterations (40000 used after warmup)
Total elapsed (wall):     2.930823 s
CPU cycles (avg):         292560
Instructions (avg):       1210072
Instructions per cycle:   4.1361
Throughput:              5.00 GB/s


 ***** Benchmarking EVP_EncodeUpdate_openssl *****:
Benchmark ran 50000 iterations (40000 used after warmup)
Total elapsed (wall):     7.511148 s
CPU cycles (avg):         785236
Instructions (avg):       4430374
Instructions per cycle:   5.6421
Throughput:              1.95 GB/s
-----------------------Custom ctx->lengths mode: 24---------------------------

 ***** Benchmarking EVP_EncodeUpdate *****:
Benchmark ran 50000 iterations (40000 used after warmup)
Total elapsed (wall):     2.051288 s
CPU cycles (avg):         195434
Instructions (avg):       716782
Instructions per cycle:   3.6676
Throughput:              7.14 GB/s


 ***** Benchmarking EVP_EncodeUpdate_openssl *****:
Benchmark ran 50000 iterations (40000 used after warmup)
Total elapsed (wall):     7.314635 s
CPU cycles (avg):         767805
Instructions (avg):       4349669
Instructions per cycle:   5.6651
Throughput:              2.00 GB/s
-----------------------Custom ctx->lengths mode: 27---------------------------

 ***** Benchmarking EVP_EncodeUpdate *****:
Benchmark ran 50000 iterations (40000 used after warmup)
Total elapsed (wall):     2.641649 s
CPU cycles (avg):         260958
Instructions (avg):       1071970
Instructions per cycle:   4.1078
Throughput:              5.54 GB/s


 ***** Benchmarking EVP_EncodeUpdate_openssl *****:
Benchmark ran 50000 iterations (40000 used after warmup)
Total elapsed (wall):     7.188524 s
CPU cycles (avg):         755240
Instructions (avg):       4287039
Instructions per cycle:   5.6764
Throughput:              2.04 GB/s
-----------------------Custom ctx->lengths mode: 30---------------------------

 ***** Benchmarking EVP_EncodeUpdate *****:
Benchmark ran 50000 iterations (40000 used after warmup)
Total elapsed (wall):     2.348639 s
CPU cycles (avg):         228808
Instructions (avg):       980841
Instructions per cycle:   4.2867
Throughput:              6.24 GB/s


 ***** Benchmarking EVP_EncodeUpdate_openssl *****:
Benchmark ran 50000 iterations (40000 used after warmup)
Total elapsed (wall):     7.094040 s
CPU cycles (avg):         746105
Instructions (avg):       4236782
Instructions per cycle:   5.6785
Throughput:              2.06 GB/s
-----------------------Custom ctx->lengths mode: 33---------------------------

 ***** Benchmarking EVP_EncodeUpdate *****:
Benchmark ran 50000 iterations (40000 used after warmup)
Total elapsed (wall):     2.437056 s
CPU cycles (avg):         238675
Instructions (avg):       980325
Instructions per cycle:   4.1074
Throughput:              6.01 GB/s


 ***** Benchmarking EVP_EncodeUpdate_openssl *****:
Benchmark ran 50000 iterations (40000 used after warmup)
Total elapsed (wall):     7.062665 s
CPU cycles (avg):         741677
Instructions (avg):       4195757
Instructions per cycle:   5.6571
Throughput:              2.07 GB/s
-----------------------Custom ctx->lengths mode: 36---------------------------

 ***** Benchmarking EVP_EncodeUpdate *****:
Benchmark ran 50000 iterations (40000 used after warmup)
Total elapsed (wall):     2.022322 s
CPU cycles (avg):         192394
Instructions (avg):       842674
Instructions per cycle:   4.3799
Throughput:              7.24 GB/s


 ***** Benchmarking EVP_EncodeUpdate_openssl *****:
Benchmark ran 50000 iterations (40000 used after warmup)
Total elapsed (wall):     6.975509 s
CPU cycles (avg):         733961
Instructions (avg):       4161523
Instructions per cycle:   5.6699
Throughput:              2.10 GB/s
-----------------------Custom ctx->lengths mode: 39---------------------------

 ***** Benchmarking EVP_EncodeUpdate *****:
Benchmark ran 50000 iterations (40000 used after warmup)
Total elapsed (wall):     2.318456 s
CPU cycles (avg):         226396
Instructions (avg):       916208
Instructions per cycle:   4.0469
Throughput:              6.32 GB/s


 ***** Benchmarking EVP_EncodeUpdate_openssl *****:
Benchmark ran 50000 iterations (40000 used after warmup)
Total elapsed (wall):     6.916025 s
CPU cycles (avg):         729104
Instructions (avg):       4132595
Instructions per cycle:   5.6680
Throughput:              2.12 GB/s
-----------------------Custom ctx->lengths mode: 42---------------------------

 ***** Benchmarking EVP_EncodeUpdate *****:
Benchmark ran 50000 iterations (40000 used after warmup)
Total elapsed (wall):     2.142022 s
CPU cycles (avg):         206295
Instructions (avg):       861532
Instructions per cycle:   4.1762
Throughput:              6.84 GB/s


 ***** Benchmarking EVP_EncodeUpdate_openssl *****:
Benchmark ran 50000 iterations (40000 used after warmup)
Total elapsed (wall):     6.910722 s
CPU cycles (avg):         725004
Instructions (avg):       4107804
Instructions per cycle:   5.6659
Throughput:              2.12 GB/s
-----------------------Custom ctx->lengths mode: 45---------------------------

 ***** Benchmarking EVP_EncodeUpdate *****:
Benchmark ran 50000 iterations (40000 used after warmup)
Total elapsed (wall):     2.233772 s
CPU cycles (avg):         216341
Instructions (avg):       869166
Instructions per cycle:   4.0176
Throughput:              6.56 GB/s


 ***** Benchmarking EVP_EncodeUpdate_openssl *****:
Benchmark ran 50000 iterations (40000 used after warmup)
Total elapsed (wall):     6.839100 s
CPU cycles (avg):         719846
Instructions (avg):       4086267
Instructions per cycle:   5.6766
Throughput:              2.14 GB/s
-----------------------Custom ctx->lengths mode: 48---------------------------

 ***** Benchmarking EVP_EncodeUpdate *****:
Benchmark ran 50000 iterations (40000 used after warmup)
Total elapsed (wall):     1.047380 s
CPU cycles (avg):         87599
Instructions (avg):       305281
Instructions per cycle:   3.4850
Throughput:              13.98 GB/s


 ***** Benchmarking EVP_EncodeUpdate_openssl *****:
Benchmark ran 50000 iterations (40000 used after warmup)
Total elapsed (wall):     6.803837 s
CPU cycles (avg):         716465
Instructions (avg):       4067470
Instructions per cycle:   5.6771
Throughput:              2.15 GB/s
-----------------------Custom ctx->lengths mode: 51---------------------------

 ***** Benchmarking EVP_EncodeUpdate *****:
Benchmark ran 50000 iterations (40000 used after warmup)
Total elapsed (wall):     2.161480 s
CPU cycles (avg):         208492
Instructions (avg):       834152
Instructions per cycle:   4.0009
Throughput:              6.78 GB/s


 ***** Benchmarking EVP_EncodeUpdate_openssl *****:
Benchmark ran 50000 iterations (40000 used after warmup)
Total elapsed (wall):     6.774039 s
CPU cycles (avg):         713448
Instructions (avg):       4050818
Instructions per cycle:   5.6778
Throughput:              2.16 GB/s
-----------------------Custom ctx->lengths mode: 54---------------------------

 ***** Benchmarking EVP_EncodeUpdate *****:
Benchmark ran 50000 iterations (40000 used after warmup)
Total elapsed (wall):     2.029174 s
CPU cycles (avg):         193918
Instructions (avg):       794127
Instructions per cycle:   4.0952
Throughput:              7.22 GB/s


 ***** Benchmarking EVP_EncodeUpdate_openssl *****:
Benchmark ran 50000 iterations (40000 used after warmup)
Total elapsed (wall):     6.756083 s
CPU cycles (avg):         711456
Instructions (avg):       4036096
Instructions per cycle:   5.6730
Throughput:              2.17 GB/s
-----------------------Custom ctx->lengths mode: 57---------------------------

 ***** Benchmarking EVP_EncodeUpdate *****:
Benchmark ran 50000 iterations (40000 used after warmup)
Total elapsed (wall):     2.105168 s
CPU cycles (avg):         201963
Instructions (avg):       804684
Instructions per cycle:   3.9843
Throughput:              6.96 GB/s


 ***** Benchmarking EVP_EncodeUpdate_openssl *****:
Benchmark ran 50000 iterations (40000 used after warmup)
Total elapsed (wall):     6.736173 s
CPU cycles (avg):         708829
Instructions (avg):       4022882
Instructions per cycle:   5.6754
Throughput:              2.17 GB/s
-----------------------Custom ctx->lengths mode: 60---------------------------

 ***** Benchmarking EVP_EncodeUpdate *****:
Benchmark ran 50000 iterations (40000 used after warmup)
Total elapsed (wall):     1.827021 s
CPU cycles (avg):         171700
Instructions (avg):       731933
Instructions per cycle:   4.2628
Throughput:              8.02 GB/s


 ***** Benchmarking EVP_EncodeUpdate_openssl *****:
Benchmark ran 50000 iterations (40000 used after warmup)
Total elapsed (wall):     6.728072 s
CPU cycles (avg):         707500
Instructions (avg):       4010968
Instructions per cycle:   5.6692
Throughput:              2.18 GB/s
-----------------------Custom ctx->lengths mode: 63---------------------------

 ***** Benchmarking EVP_EncodeUpdate *****:
Benchmark ran 50000 iterations (40000 used after warmup)
Total elapsed (wall):     2.061671 s
CPU cycles (avg):         197522
Instructions (avg):       781692
Instructions per cycle:   3.9575
Throughput:              7.10 GB/s


 ***** Benchmarking EVP_EncodeUpdate_openssl *****:
Benchmark ran 50000 iterations (40000 used after warmup)
Total elapsed (wall):     6.706986 s
CPU cycles (avg):         705495
Instructions (avg):       4000239
Instructions per cycle:   5.6701
Throughput:              2.18 GB/s
-----------------------Custom ctx->lengths mode: 66---------------------------

 ***** Benchmarking EVP_EncodeUpdate *****:
Benchmark ran 50000 iterations (40000 used after warmup)
Total elapsed (wall):     1.982479 s
CPU cycles (avg):         188621
Instructions (avg):       754147
Instructions per cycle:   3.9982
Throughput:              7.39 GB/s


 ***** Benchmarking EVP_EncodeUpdate_openssl *****:
Benchmark ran 50000 iterations (40000 used after warmup)
Total elapsed (wall):     6.671198 s
CPU cycles (avg):         702749
Instructions (avg):       3990435
Instructions per cycle:   5.6783
Throughput:              2.20 GB/s
-----------------------Custom ctx->lengths mode: 69---------------------------

 ***** Benchmarking EVP_EncodeUpdate *****:
Benchmark ran 50000 iterations (40000 used after warmup)
Total elapsed (wall):     2.023206 s
CPU cycles (avg):         193301
Instructions (avg):       763810
Instructions per cycle:   3.9514
Throughput:              7.24 GB/s


 ***** Benchmarking EVP_EncodeUpdate_openssl *****:
Benchmark ran 50000 iterations (40000 used after warmup)
Total elapsed (wall):     6.668142 s
CPU cycles (avg):         702167
Instructions (avg):       3981518
Instructions per cycle:   5.6703
Throughput:              2.20 GB/s
-----------------------Custom ctx->lengths mode: 72---------------------------

 ***** Benchmarking EVP_EncodeUpdate *****:
Benchmark ran 50000 iterations (40000 used after warmup)
Total elapsed (wall):     1.738173 s
CPU cycles (avg):         161565
Instructions (avg):       617388
Instructions per cycle:   3.8213
Throughput:              8.43 GB/s


 ***** Benchmarking EVP_EncodeUpdate_openssl *****:
Benchmark ran 50000 iterations (40000 used after warmup)
Total elapsed (wall):     6.696435 s
CPU cycles (avg):         703173
Instructions (avg):       3973314
Instructions per cycle:   5.6505
Throughput:              2.19 GB/s
-----------------------Custom ctx->lengths mode: 75---------------------------

 ***** Benchmarking EVP_EncodeUpdate *****:
Benchmark ran 50000 iterations (40000 used after warmup)
Total elapsed (wall):     1.986819 s
CPU cycles (avg):         189265
Instructions (avg):       746693
Instructions per cycle:   3.9452
Throughput:              7.37 GB/s


 ***** Benchmarking EVP_EncodeUpdate_openssl *****:
Benchmark ran 50000 iterations (40000 used after warmup)
Total elapsed (wall):     6.634165 s
CPU cycles (avg):         698656
Instructions (avg):       3965869
Instructions per cycle:   5.6764
Throughput:              2.21 GB/s
-----------------------Custom ctx->lengths mode: 78---------------------------

 ***** Benchmarking EVP_EncodeUpdate *****:
Benchmark ran 50000 iterations (40000 used after warmup)
Total elapsed (wall):     1.895980 s
CPU cycles (avg):         179318
Instructions (avg):       725998
Instructions per cycle:   4.0486
Throughput:              7.73 GB/s


 ***** Benchmarking EVP_EncodeUpdate_openssl *****:
Benchmark ran 50000 iterations (40000 used after warmup)
Total elapsed (wall):     6.914997 s
CPU cycles (avg):         729543
Instructions (avg):       3958882
Instructions per cycle:   5.4265
Throughput:              2.12 GB/s


Processed files:
File: lena_color_512.jpg (105764 bytes)
File: googlelogo.png (2357 bytes)
File: mandril_color.jpg (247222 bytes)
File: bing.png (1355 bytes)
File: peppers_color.jpg (9478 bytes)
 
rm -f libcrypto.so.3
rm -f libcrypto.so
rm -f libssl.so.3
rm -f libssl.so
rm -f apps/libapps.a libcrypto.a libssl.a providers/libcommon.a providers/libdefault.a providers/liblegacy.a providers/libtemplate.a test/libtestutil.a
rm -f *.ld
rm -f doc/html/man1/CA.pl.html doc/html/man1/openssl-asn1parse.html doc/html/man1/openssl-ca.html doc/html/man1/openssl-ciphers.html doc/html/man1/openssl-cmds.html doc/html/man1/openssl-cmp.html doc/html/man1/openssl-cms.html doc/html/man1/openssl-configutl.html doc/html/man1/openssl-crl.html doc/html/man1/openssl-crl2pkcs7.html doc/html/man1/openssl-dgst.html doc/html/man1/openssl-dhparam.html doc/html/man1/openssl-dsa.html doc/html/man1/openssl-dsaparam.html doc/html/man1/openssl-ec.html doc/html/man1/openssl-ecparam.html doc/html/man1/openssl-enc.html doc/html/man1/openssl-engine.html doc/html/man1/openssl-errstr.html doc/html/man1/openssl-fipsinstall.html doc/html/man1/openssl-format-options.html doc/html/man1/openssl-gendsa.html doc/html/man1/openssl-genpkey.html doc/html/man1/openssl-genrsa.html doc/html/man1/openssl-info.html doc/html/man1/openssl-kdf.html doc/html/man1/openssl-list.html doc/html/man1/openssl-mac.html doc/html/man1/openssl-namedisplay-options.html doc/html/man1/openssl-nseq.html doc/html/man1/openssl-ocsp.html doc/html/man1/openssl-passphrase-options.html doc/html/man1/openssl-passwd.html doc/html/man1/openssl-pkcs12.html doc/html/man1/openssl-pkcs7.html doc/html/man1/openssl-pkcs8.html doc/html/man1/openssl-pkey.html doc/html/man1/openssl-pkeyparam.html doc/html/man1/openssl-pkeyutl.html doc/html/man1/openssl-prime.html doc/html/man1/openssl-rand.html doc/html/man1/openssl-rehash.html doc/html/man1/openssl-req.html doc/html/man1/openssl-rsa.html doc/html/man1/openssl-rsautl.html doc/html/man1/openssl-s_client.html doc/html/man1/openssl-s_server.html doc/html/man1/openssl-s_time.html doc/html/man1/openssl-sess_id.html doc/html/man1/openssl-skeyutl.html doc/html/man1/openssl-smime.html doc/html/man1/openssl-speed.html doc/html/man1/openssl-spkac.html doc/html/man1/openssl-srp.html doc/html/man1/openssl-storeutl.html doc/html/man1/openssl-ts.html doc/html/man1/openssl-verification-options.html doc/html/man1/openssl-verify.html doc/html/man1/openssl-version.html doc/html/man1/openssl-x509.html doc/html/man1/openssl.html doc/html/man1/tsget.html
rm -f doc/html/man3/ADMISSIONS.html doc/html/man3/ASN1_EXTERN_FUNCS.html doc/html/man3/ASN1_INTEGER_get_int64.html doc/html/man3/ASN1_INTEGER_new.html doc/html/man3/ASN1_ITEM_lookup.html doc/html/man3/ASN1_OBJECT_new.html doc/html/man3/ASN1_STRING_TABLE_add.html doc/html/man3/ASN1_STRING_length.html doc/html/man3/ASN1_STRING_new.html doc/html/man3/ASN1_STRING_print_ex.html doc/html/man3/ASN1_TIME_set.html doc/html/man3/ASN1_TYPE_get.html doc/html/man3/ASN1_aux_cb.html doc/html/man3/ASN1_generate_nconf.html doc/html/man3/ASN1_item_d2i_bio.html doc/html/man3/ASN1_item_new.html doc/html/man3/ASN1_item_sign.html doc/html/man3/ASYNC_WAIT_CTX_new.html doc/html/man3/ASYNC_start_job.html doc/html/man3/BF_encrypt.html doc/html/man3/BIO_ADDR.html doc/html/man3/BIO_ADDRINFO.html doc/html/man3/BIO_connect.html doc/html/man3/BIO_ctrl.html doc/html/man3/BIO_f_base64.html doc/html/man3/BIO_f_buffer.html doc/html/man3/BIO_f_cipher.html doc/html/man3/BIO_f_md.html doc/html/man3/BIO_f_null.html doc/html/man3/BIO_f_prefix.html doc/html/man3/BIO_f_readbuffer.html doc/html/man3/BIO_f_ssl.html doc/html/man3/BIO_find_type.html doc/html/man3/BIO_get_data.html doc/html/man3/BIO_get_ex_new_index.html doc/html/man3/BIO_get_rpoll_descriptor.html doc/html/man3/BIO_meth_new.html doc/html/man3/BIO_new.html doc/html/man3/BIO_new_CMS.html doc/html/man3/BIO_parse_hostserv.html doc/html/man3/BIO_printf.html doc/html/man3/BIO_push.html doc/html/man3/BIO_read.html doc/html/man3/BIO_s_accept.html doc/html/man3/BIO_s_bio.html doc/html/man3/BIO_s_connect.html doc/html/man3/BIO_s_core.html doc/html/man3/BIO_s_datagram.html doc/html/man3/BIO_s_dgram_pair.html doc/html/man3/BIO_s_fd.html doc/html/man3/BIO_s_file.html doc/html/man3/BIO_s_mem.html doc/html/man3/BIO_s_null.html doc/html/man3/BIO_s_socket.html doc/html/man3/BIO_sendmmsg.html doc/html/man3/BIO_set_callback.html doc/html/man3/BIO_should_retry.html doc/html/man3/BIO_socket_wait.html doc/html/man3/BN_BLINDING_new.html doc/html/man3/BN_CTX_new.html doc/html/man3/BN_CTX_start.html doc/html/man3/BN_add.html doc/html/man3/BN_add_word.html doc/html/man3/BN_bn2bin.html doc/html/man3/BN_cmp.html doc/html/man3/BN_copy.html doc/html/man3/BN_generate_prime.html doc/html/man3/BN_mod_exp_mont.html doc/html/man3/BN_mod_inverse.html doc/html/man3/BN_mod_mul_montgomery.html doc/html/man3/BN_mod_mul_reciprocal.html doc/html/man3/BN_new.html doc/html/man3/BN_num_bytes.html doc/html/man3/BN_rand.html doc/html/man3/BN_security_bits.html doc/html/man3/BN_set_bit.html doc/html/man3/BN_swap.html doc/html/man3/BN_zero.html doc/html/man3/BUF_MEM_new.html doc/html/man3/CMAC_CTX.html doc/html/man3/CMS_EncryptedData_decrypt.html doc/html/man3/CMS_EncryptedData_encrypt.html doc/html/man3/CMS_EnvelopedData_create.html doc/html/man3/CMS_add0_cert.html doc/html/man3/CMS_add1_recipient_cert.html doc/html/man3/CMS_add1_signer.html doc/html/man3/CMS_compress.html doc/html/man3/CMS_data_create.html doc/html/man3/CMS_decrypt.html doc/html/man3/CMS_digest_create.html doc/html/man3/CMS_encrypt.html doc/html/man3/CMS_final.html doc/html/man3/CMS_get0_RecipientInfos.html doc/html/man3/CMS_get0_SignerInfos.html doc/html/man3/CMS_get0_type.html doc/html/man3/CMS_get1_ReceiptRequest.html doc/html/man3/CMS_sign.html doc/html/man3/CMS_sign_receipt.html doc/html/man3/CMS_signed_get_attr.html doc/html/man3/CMS_uncompress.html doc/html/man3/CMS_verify.html doc/html/man3/CMS_verify_receipt.html doc/html/man3/COMP_CTX_new.html doc/html/man3/CONF_modules_free.html doc/html/man3/CONF_modules_load_file.html doc/html/man3/CRYPTO_THREAD_run_once.html doc/html/man3/CRYPTO_get_ex_new_index.html doc/html/man3/CRYPTO_memcmp.html doc/html/man3/CTLOG_STORE_get0_log_by_id.html doc/html/man3/CTLOG_STORE_new.html doc/html/man3/CTLOG_new.html doc/html/man3/CT_POLICY_EVAL_CTX_new.html doc/html/man3/DEFINE_STACK_OF.html doc/html/man3/DES_random_key.html doc/html/man3/DH_generate_key.html doc/html/man3/DH_generate_parameters.html doc/html/man3/DH_get0_pqg.html doc/html/man3/DH_get_1024_160.html doc/html/man3/DH_meth_new.html doc/html/man3/DH_new.html doc/html/man3/DH_new_by_nid.html doc/html/man3/DH_set_method.html doc/html/man3/DH_size.html doc/html/man3/DSA_SIG_new.html doc/html/man3/DSA_do_sign.html doc/html/man3/DSA_dup_DH.html doc/html/man3/DSA_generate_key.html doc/html/man3/DSA_generate_parameters.html doc/html/man3/DSA_get0_pqg.html doc/html/man3/DSA_meth_new.html doc/html/man3/DSA_new.html doc/html/man3/DSA_set_method.html doc/html/man3/DSA_sign.html doc/html/man3/DSA_size.html doc/html/man3/DTLS_get_data_mtu.html doc/html/man3/DTLS_set_timer_cb.html doc/html/man3/DTLSv1_get_timeout.html doc/html/man3/DTLSv1_handle_timeout.html doc/html/man3/DTLSv1_listen.html doc/html/man3/ECDSA_SIG_new.html doc/html/man3/ECDSA_sign.html doc/html/man3/ECPKParameters_print.html doc/html/man3/EC_GFp_simple_method.html doc/html/man3/EC_GROUP_copy.html doc/html/man3/EC_GROUP_new.html doc/html/man3/EC_KEY_get_enc_flags.html doc/html/man3/EC_KEY_new.html doc/html/man3/EC_POINT_add.html doc/html/man3/EC_POINT_new.html doc/html/man3/ENGINE_add.html doc/html/man3/ERR_GET_LIB.html doc/html/man3/ERR_clear_error.html doc/html/man3/ERR_error_string.html doc/html/man3/ERR_get_error.html doc/html/man3/ERR_load_crypto_strings.html doc/html/man3/ERR_load_strings.html doc/html/man3/ERR_new.html doc/html/man3/ERR_print_errors.html doc/html/man3/ERR_put_error.html doc/html/man3/ERR_remove_state.html doc/html/man3/ERR_set_mark.html doc/html/man3/EVP_ASYM_CIPHER_free.html doc/html/man3/EVP_BytesToKey.html doc/html/man3/EVP_CIPHER_CTX_get_cipher_data.html doc/html/man3/EVP_CIPHER_CTX_get_original_iv.html doc/html/man3/EVP_CIPHER_meth_new.html doc/html/man3/EVP_DigestInit.html doc/html/man3/EVP_DigestSignInit.html doc/html/man3/EVP_DigestVerifyInit.html doc/html/man3/EVP_EncodeInit.html doc/html/man3/EVP_EncryptInit.html doc/html/man3/EVP_KDF.html doc/html/man3/EVP_KEM_free.html doc/html/man3/EVP_KEYEXCH_free.html doc/html/man3/EVP_KEYMGMT.html doc/html/man3/EVP_MAC.html doc/html/man3/EVP_MD_meth_new.html doc/html/man3/EVP_OpenInit.html doc/html/man3/EVP_PBE_CipherInit.html doc/html/man3/EVP_PKEY2PKCS8.html doc/html/man3/EVP_PKEY_ASN1_METHOD.html doc/html/man3/EVP_PKEY_CTX_ctrl.html doc/html/man3/EVP_PKEY_CTX_get0_libctx.html doc/html/man3/EVP_PKEY_CTX_get0_pkey.html doc/html/man3/EVP_PKEY_CTX_get_algor.html doc/html/man3/EVP_PKEY_CTX_new.html doc/html/man3/EVP_PKEY_CTX_set1_pbe_pass.html doc/html/man3/EVP_PKEY_CTX_set_hkdf_md.html doc/html/man3/EVP_PKEY_CTX_set_params.html doc/html/man3/EVP_PKEY_CTX_set_rsa_pss_keygen_md.html doc/html/man3/EVP_PKEY_CTX_set_scrypt_N.html doc/html/man3/EVP_PKEY_CTX_set_tls1_prf_md.html doc/html/man3/EVP_PKEY_asn1_get_count.html doc/html/man3/EVP_PKEY_check.html doc/html/man3/EVP_PKEY_copy_parameters.html doc/html/man3/EVP_PKEY_decapsulate.html doc/html/man3/EVP_PKEY_decrypt.html doc/html/man3/EVP_PKEY_derive.html doc/html/man3/EVP_PKEY_digestsign_supports_digest.html doc/html/man3/EVP_PKEY_encapsulate.html doc/html/man3/EVP_PKEY_encrypt.html doc/html/man3/EVP_PKEY_fromdata.html doc/html/man3/EVP_PKEY_get_attr.html doc/html/man3/EVP_PKEY_get_default_digest_nid.html doc/html/man3/EVP_PKEY_get_field_type.html doc/html/man3/EVP_PKEY_get_group_name.html doc/html/man3/EVP_PKEY_get_size.html doc/html/man3/EVP_PKEY_gettable_params.html doc/html/man3/EVP_PKEY_is_a.html doc/html/man3/EVP_PKEY_keygen.html doc/html/man3/EVP_PKEY_meth_get_count.html doc/html/man3/EVP_PKEY_meth_new.html doc/html/man3/EVP_PKEY_new.html doc/html/man3/EVP_PKEY_print_private.html doc/html/man3/EVP_PKEY_set1_RSA.html doc/html/man3/EVP_PKEY_set1_encoded_public_key.html doc/html/man3/EVP_PKEY_set_type.html doc/html/man3/EVP_PKEY_settable_params.html doc/html/man3/EVP_PKEY_sign.html doc/html/man3/EVP_PKEY_todata.html doc/html/man3/EVP_PKEY_verify.html doc/html/man3/EVP_PKEY_verify_recover.html doc/html/man3/EVP_RAND.html doc/html/man3/EVP_SIGNATURE.html doc/html/man3/EVP_SKEY.html doc/html/man3/EVP_SKEYMGMT.html doc/html/man3/EVP_SealInit.html doc/html/man3/EVP_SignInit.html doc/html/man3/EVP_VerifyInit.html doc/html/man3/EVP_aes_128_gcm.html doc/html/man3/EVP_aria_128_gcm.html doc/html/man3/EVP_bf_cbc.html doc/html/man3/EVP_blake2b512.html doc/html/man3/EVP_camellia_128_ecb.html doc/html/man3/EVP_cast5_cbc.html doc/html/man3/EVP_chacha20.html doc/html/man3/EVP_des_cbc.html doc/html/man3/EVP_desx_cbc.html doc/html/man3/EVP_idea_cbc.html doc/html/man3/EVP_md2.html doc/html/man3/EVP_md4.html doc/html/man3/EVP_md5.html doc/html/man3/EVP_mdc2.html doc/html/man3/EVP_rc2_cbc.html doc/html/man3/EVP_rc4.html doc/html/man3/EVP_rc5_32_12_16_cbc.html doc/html/man3/EVP_ripemd160.html doc/html/man3/EVP_seed_cbc.html doc/html/man3/EVP_set_default_properties.html doc/html/man3/EVP_sha1.html doc/html/man3/EVP_sha224.html doc/html/man3/EVP_sha3_224.html doc/html/man3/EVP_sm3.html doc/html/man3/EVP_sm4_cbc.html doc/html/man3/EVP_whirlpool.html doc/html/man3/GENERAL_NAME.html doc/html/man3/HMAC.html doc/html/man3/MD5.html doc/html/man3/MDC2_Init.html doc/html/man3/NCONF_new_ex.html doc/html/man3/OBJ_nid2obj.html doc/html/man3/OCSP_REQUEST_new.html doc/html/man3/OCSP_cert_to_id.html doc/html/man3/OCSP_request_add1_nonce.html doc/html/man3/OCSP_resp_find_status.html doc/html/man3/OCSP_response_status.html doc/html/man3/OCSP_sendreq_new.html doc/html/man3/OPENSSL_Applink.html doc/html/man3/OPENSSL_FILE.html doc/html/man3/OPENSSL_LH_COMPFUNC.html doc/html/man3/OPENSSL_LH_stats.html doc/html/man3/OPENSSL_config.html doc/html/man3/OPENSSL_fork_prepare.html doc/html/man3/OPENSSL_gmtime.html doc/html/man3/OPENSSL_hexchar2int.html doc/html/man3/OPENSSL_ia32cap.html doc/html/man3/OPENSSL_init_crypto.html doc/html/man3/OPENSSL_init_ssl.html doc/html/man3/OPENSSL_instrument_bus.html doc/html/man3/OPENSSL_load_builtin_modules.html doc/html/man3/OPENSSL_load_u16_le.html doc/html/man3/OPENSSL_malloc.html doc/html/man3/OPENSSL_riscvcap.html doc/html/man3/OPENSSL_s390xcap.html doc/html/man3/OPENSSL_secure_malloc.html doc/html/man3/OPENSSL_strcasecmp.html doc/html/man3/OSSL_ALGORITHM.html doc/html/man3/OSSL_CALLBACK.html doc/html/man3/OSSL_CMP_ATAV_set0.html doc/html/man3/OSSL_CMP_CTX_new.html doc/html/man3/OSSL_CMP_HDR_get0_transactionID.html doc/html/man3/OSSL_CMP_ITAV_new_caCerts.html doc/html/man3/OSSL_CMP_ITAV_set0.html doc/html/man3/OSSL_CMP_MSG_get0_header.html doc/html/man3/OSSL_CMP_MSG_http_perform.html doc/html/man3/OSSL_CMP_SRV_CTX_new.html doc/html/man3/OSSL_CMP_STATUSINFO_new.html doc/html/man3/OSSL_CMP_exec_certreq.html doc/html/man3/OSSL_CMP_log_open.html doc/html/man3/OSSL_CMP_validate_msg.html doc/html/man3/OSSL_CORE_MAKE_FUNC.html doc/html/man3/OSSL_CRMF_MSG_get0_tmpl.html doc/html/man3/OSSL_CRMF_MSG_set0_validity.html doc/html/man3/OSSL_CRMF_MSG_set1_regCtrl_regToken.html doc/html/man3/OSSL_CRMF_MSG_set1_regInfo_certReq.html doc/html/man3/OSSL_CRMF_pbmp_new.html doc/html/man3/OSSL_DECODER.html doc/html/man3/OSSL_DECODER_CTX.html doc/html/man3/OSSL_DECODER_CTX_new_for_pkey.html doc/html/man3/OSSL_DECODER_from_bio.html doc/html/man3/OSSL_DISPATCH.html doc/html/man3/OSSL_ENCODER.html doc/html/man3/OSSL_ENCODER_CTX.html doc/html/man3/OSSL_ENCODER_CTX_new_for_pkey.html doc/html/man3/OSSL_ENCODER_to_bio.html doc/html/man3/OSSL_ERR_STATE_save.html doc/html/man3/OSSL_ESS_check_signing_certs.html doc/html/man3/OSSL_GENERAL_NAMES_print.html doc/html/man3/OSSL_HPKE_CTX_new.html doc/html/man3/OSSL_HTTP_REQ_CTX.html doc/html/man3/OSSL_HTTP_parse_url.html doc/html/man3/OSSL_HTTP_transfer.html doc/html/man3/OSSL_IETF_ATTR_SYNTAX.html doc/html/man3/OSSL_IETF_ATTR_SYNTAX_print.html doc/html/man3/OSSL_INDICATOR_set_callback.html doc/html/man3/OSSL_ITEM.html doc/html/man3/OSSL_LIB_CTX.html doc/html/man3/OSSL_LIB_CTX_set_conf_diagnostics.html doc/html/man3/OSSL_PARAM.html doc/html/man3/OSSL_PARAM_BLD.html doc/html/man3/OSSL_PARAM_allocate_from_text.html doc/html/man3/OSSL_PARAM_dup.html doc/html/man3/OSSL_PARAM_int.html doc/html/man3/OSSL_PARAM_print_to_bio.html doc/html/man3/OSSL_PROVIDER.html doc/html/man3/OSSL_QUIC_client_method.html doc/html/man3/OSSL_SELF_TEST_new.html doc/html/man3/OSSL_SELF_TEST_set_callback.html doc/html/man3/OSSL_STORE_INFO.html doc/html/man3/OSSL_STORE_LOADER.html doc/html/man3/OSSL_STORE_SEARCH.html doc/html/man3/OSSL_STORE_attach.html doc/html/man3/OSSL_STORE_expect.html doc/html/man3/OSSL_STORE_open.html doc/html/man3/OSSL_sleep.html doc/html/man3/OSSL_trace_enabled.html doc/html/man3/OSSL_trace_get_category_num.html doc/html/man3/OSSL_trace_set_channel.html doc/html/man3/OpenSSL_add_all_algorithms.html doc/html/man3/OpenSSL_version.html doc/html/man3/PBMAC1_get1_pbkdf2_param.html doc/html/man3/PEM_X509_INFO_read_bio_ex.html doc/html/man3/PEM_bytes_read_bio.html doc/html/man3/PEM_read.html doc/html/man3/PEM_read_CMS.html doc/html/man3/PEM_read_bio_PrivateKey.html doc/html/man3/PEM_read_bio_ex.html doc/html/man3/PEM_write_bio_CMS_stream.html doc/html/man3/PEM_write_bio_PKCS7_stream.html doc/html/man3/PKCS12_PBE_keyivgen.html doc/html/man3/PKCS12_SAFEBAG_create_cert.html doc/html/man3/PKCS12_SAFEBAG_get0_attrs.html doc/html/man3/PKCS12_SAFEBAG_get1_cert.html doc/html/man3/PKCS12_SAFEBAG_set0_attrs.html doc/html/man3/PKCS12_add1_attr_by_NID.html doc/html/man3/PKCS12_add_CSPName_asc.html doc/html/man3/PKCS12_add_cert.html doc/html/man3/PKCS12_add_friendlyname_asc.html doc/html/man3/PKCS12_add_localkeyid.html doc/html/man3/PKCS12_add_safe.html doc/html/man3/PKCS12_create.html doc/html/man3/PKCS12_decrypt_skey.html doc/html/man3/PKCS12_gen_mac.html doc/html/man3/PKCS12_get_friendlyname.html doc/html/man3/PKCS12_init.html doc/html/man3/PKCS12_item_decrypt_d2i.html doc/html/man3/PKCS12_key_gen_utf8_ex.html doc/html/man3/PKCS12_newpass.html doc/html/man3/PKCS12_pack_p7encdata.html doc/html/man3/PKCS12_parse.html doc/html/man3/PKCS5_PBE_keyivgen.html doc/html/man3/PKCS5_PBKDF2_HMAC.html doc/html/man3/PKCS7_decrypt.html doc/html/man3/PKCS7_encrypt.html doc/html/man3/PKCS7_get_octet_string.html doc/html/man3/PKCS7_sign.html doc/html/man3/PKCS7_sign_add_signer.html doc/html/man3/PKCS7_type_is_other.html doc/html/man3/PKCS7_verify.html doc/html/man3/PKCS8_encrypt.html doc/html/man3/PKCS8_pkey_add1_attr.html doc/html/man3/RAND_add.html doc/html/man3/RAND_bytes.html doc/html/man3/RAND_cleanup.html doc/html/man3/RAND_egd.html doc/html/man3/RAND_get0_primary.html doc/html/man3/RAND_load_file.html doc/html/man3/RAND_set_DRBG_type.html doc/html/man3/RAND_set_rand_method.html doc/html/man3/RC4_set_key.html doc/html/man3/RIPEMD160_Init.html doc/html/man3/RSA_blinding_on.html doc/html/man3/RSA_check_key.html doc/html/man3/RSA_generate_key.html doc/html/man3/RSA_get0_key.html doc/html/man3/RSA_meth_new.html doc/html/man3/RSA_new.html doc/html/man3/RSA_padding_add_PKCS1_type_1.html doc/html/man3/RSA_print.html doc/html/man3/RSA_private_encrypt.html doc/html/man3/RSA_public_encrypt.html doc/html/man3/RSA_set_method.html doc/html/man3/RSA_sign.html doc/html/man3/RSA_sign_ASN1_OCTET_STRING.html doc/html/man3/RSA_size.html doc/html/man3/SCT_new.html doc/html/man3/SCT_print.html doc/html/man3/SCT_validate.html doc/html/man3/SHA256_Init.html doc/html/man3/SMIME_read_ASN1.html doc/html/man3/SMIME_read_CMS.html doc/html/man3/SMIME_read_PKCS7.html doc/html/man3/SMIME_write_ASN1.html doc/html/man3/SMIME_write_CMS.html doc/html/man3/SMIME_write_PKCS7.html doc/html/man3/SRP_Calc_B.html doc/html/man3/SRP_VBASE_new.html doc/html/man3/SRP_create_verifier.html doc/html/man3/SRP_user_pwd_new.html doc/html/man3/SSL_CIPHER_get_name.html doc/html/man3/SSL_COMP_add_compression_method.html doc/html/man3/SSL_CONF_CTX_new.html doc/html/man3/SSL_CONF_CTX_set1_prefix.html doc/html/man3/SSL_CONF_CTX_set_flags.html doc/html/man3/SSL_CONF_CTX_set_ssl_ctx.html doc/html/man3/SSL_CONF_cmd.html doc/html/man3/SSL_CONF_cmd_argv.html doc/html/man3/SSL_CTX_add1_chain_cert.html doc/html/man3/SSL_CTX_add_extra_chain_cert.html doc/html/man3/SSL_CTX_add_session.html doc/html/man3/SSL_CTX_config.html doc/html/man3/SSL_CTX_ctrl.html doc/html/man3/SSL_CTX_dane_enable.html doc/html/man3/SSL_CTX_flush_sessions.html doc/html/man3/SSL_CTX_free.html doc/html/man3/SSL_CTX_get0_param.html doc/html/man3/SSL_CTX_get_verify_mode.html doc/html/man3/SSL_CTX_has_client_custom_ext.html doc/html/man3/SSL_CTX_load_verify_locations.html doc/html/man3/SSL_CTX_new.html doc/html/man3/SSL_CTX_sess_number.html doc/html/man3/SSL_CTX_sess_set_cache_size.html doc/html/man3/SSL_CTX_sess_set_get_cb.html doc/html/man3/SSL_CTX_sessions.html doc/html/man3/SSL_CTX_set0_CA_list.html doc/html/man3/SSL_CTX_set1_cert_comp_preference.html doc/html/man3/SSL_CTX_set1_curves.html doc/html/man3/SSL_CTX_set1_sigalgs.html doc/html/man3/SSL_CTX_set1_verify_cert_store.html doc/html/man3/SSL_CTX_set_alpn_select_cb.html doc/html/man3/SSL_CTX_set_cert_cb.html doc/html/man3/SSL_CTX_set_cert_store.html doc/html/man3/SSL_CTX_set_cert_verify_callback.html doc/html/man3/SSL_CTX_set_cipher_list.html doc/html/man3/SSL_CTX_set_client_cert_cb.html doc/html/man3/SSL_CTX_set_client_hello_cb.html doc/html/man3/SSL_CTX_set_ct_validation_callback.html doc/html/man3/SSL_CTX_set_ctlog_list_file.html doc/html/man3/SSL_CTX_set_default_passwd_cb.html doc/html/man3/SSL_CTX_set_domain_flags.html doc/html/man3/SSL_CTX_set_generate_session_id.html doc/html/man3/SSL_CTX_set_info_callback.html doc/html/man3/SSL_CTX_set_keylog_callback.html doc/html/man3/SSL_CTX_set_max_cert_list.html doc/html/man3/SSL_CTX_set_min_proto_version.html doc/html/man3/SSL_CTX_set_mode.html doc/html/man3/SSL_CTX_set_msg_callback.html doc/html/man3/SSL_CTX_set_new_pending_conn_cb.html doc/html/man3/SSL_CTX_set_num_tickets.html doc/html/man3/SSL_CTX_set_options.html doc/html/man3/SSL_CTX_set_psk_client_callback.html doc/html/man3/SSL_CTX_set_quiet_shutdown.html doc/html/man3/SSL_CTX_set_read_ahead.html doc/html/man3/SSL_CTX_set_record_padding_callback.html doc/html/man3/SSL_CTX_set_security_level.html doc/html/man3/SSL_CTX_set_session_cache_mode.html doc/html/man3/SSL_CTX_set_session_id_context.html doc/html/man3/SSL_CTX_set_session_ticket_cb.html doc/html/man3/SSL_CTX_set_split_send_fragment.html doc/html/man3/SSL_CTX_set_srp_password.html doc/html/man3/SSL_CTX_set_ssl_version.html doc/html/man3/SSL_CTX_set_stateless_cookie_generate_cb.html doc/html/man3/SSL_CTX_set_timeout.html doc/html/man3/SSL_CTX_set_tlsext_servername_callback.html doc/html/man3/SSL_CTX_set_tlsext_status_cb.html doc/html/man3/SSL_CTX_set_tlsext_ticket_key_cb.html doc/html/man3/SSL_CTX_set_tlsext_use_srtp.html doc/html/man3/SSL_CTX_set_tmp_dh_callback.html doc/html/man3/SSL_CTX_set_tmp_ecdh.html doc/html/man3/SSL_CTX_set_verify.html doc/html/man3/SSL_CTX_use_certificate.html doc/html/man3/SSL_CTX_use_psk_identity_hint.html doc/html/man3/SSL_CTX_use_serverinfo.html doc/html/man3/SSL_SESSION_free.html doc/html/man3/SSL_SESSION_get0_cipher.html doc/html/man3/SSL_SESSION_get0_hostname.html doc/html/man3/SSL_SESSION_get0_id_context.html doc/html/man3/SSL_SESSION_get0_peer.html doc/html/man3/SSL_SESSION_get_compress_id.html doc/html/man3/SSL_SESSION_get_protocol_version.html doc/html/man3/SSL_SESSION_get_time.html doc/html/man3/SSL_SESSION_has_ticket.html doc/html/man3/SSL_SESSION_is_resumable.html doc/html/man3/SSL_SESSION_print.html doc/html/man3/SSL_SESSION_set1_id.html doc/html/man3/SSL_accept.html doc/html/man3/SSL_accept_stream.html doc/html/man3/SSL_alert_type_string.html doc/html/man3/SSL_alloc_buffers.html doc/html/man3/SSL_check_chain.html doc/html/man3/SSL_clear.html doc/html/man3/SSL_connect.html doc/html/man3/SSL_do_handshake.html doc/html/man3/SSL_export_keying_material.html doc/html/man3/SSL_extension_supported.html doc/html/man3/SSL_free.html doc/html/man3/SSL_get0_connection.html doc/html/man3/SSL_get0_group_name.html doc/html/man3/SSL_get0_peer_rpk.html doc/html/man3/SSL_get0_peer_scts.html doc/html/man3/SSL_get1_builtin_sigalgs.html doc/html/man3/SSL_get_SSL_CTX.html doc/html/man3/SSL_get_all_async_fds.html doc/html/man3/SSL_get_certificate.html doc/html/man3/SSL_get_ciphers.html doc/html/man3/SSL_get_client_random.html doc/html/man3/SSL_get_conn_close_info.html doc/html/man3/SSL_get_current_cipher.html doc/html/man3/SSL_get_default_timeout.html doc/html/man3/SSL_get_error.html doc/html/man3/SSL_get_event_timeout.html doc/html/man3/SSL_get_extms_support.html doc/html/man3/SSL_get_fd.html doc/html/man3/SSL_get_handshake_rtt.html doc/html/man3/SSL_get_peer_cert_chain.html doc/html/man3/SSL_get_peer_certificate.html doc/html/man3/SSL_get_peer_signature_nid.html doc/html/man3/SSL_get_peer_tmp_key.html doc/html/man3/SSL_get_psk_identity.html doc/html/man3/SSL_get_rbio.html doc/html/man3/SSL_get_rpoll_descriptor.html doc/html/man3/SSL_get_session.html doc/html/man3/SSL_get_shared_sigalgs.html doc/html/man3/SSL_get_stream_id.html doc/html/man3/SSL_get_stream_read_state.html doc/html/man3/SSL_get_value_uint.html doc/html/man3/SSL_get_verify_result.html doc/html/man3/SSL_get_version.html doc/html/man3/SSL_group_to_name.html doc/html/man3/SSL_handle_events.html doc/html/man3/SSL_in_init.html doc/html/man3/SSL_inject_net_dgram.html doc/html/man3/SSL_key_update.html doc/html/man3/SSL_library_init.html doc/html/man3/SSL_load_client_CA_file.html doc/html/man3/SSL_new.html doc/html/man3/SSL_new_domain.html doc/html/man3/SSL_new_listener.html doc/html/man3/SSL_new_stream.html doc/html/man3/SSL_pending.html doc/html/man3/SSL_poll.html doc/html/man3/SSL_read.html doc/html/man3/SSL_read_early_data.html doc/html/man3/SSL_rstate_string.html doc/html/man3/SSL_session_reused.html doc/html/man3/SSL_set1_host.html doc/html/man3/SSL_set1_initial_peer_addr.html doc/html/man3/SSL_set1_server_cert_type.html doc/html/man3/SSL_set_async_callback.html doc/html/man3/SSL_set_bio.html doc/html/man3/SSL_set_blocking_mode.html doc/html/man3/SSL_set_connect_state.html doc/html/man3/SSL_set_default_stream_mode.html doc/html/man3/SSL_set_fd.html doc/html/man3/SSL_set_incoming_stream_policy.html doc/html/man3/SSL_set_quic_tls_cbs.html doc/html/man3/SSL_set_retry_verify.html doc/html/man3/SSL_set_session.html doc/html/man3/SSL_set_session_secret_cb.html doc/html/man3/SSL_set_shutdown.html doc/html/man3/SSL_set_verify_result.html doc/html/man3/SSL_shutdown.html doc/html/man3/SSL_state_string.html doc/html/man3/SSL_stream_conclude.html doc/html/man3/SSL_stream_reset.html doc/html/man3/SSL_want.html doc/html/man3/SSL_write.html doc/html/man3/TS_RESP_CTX_new.html doc/html/man3/TS_VERIFY_CTX.html doc/html/man3/UI_STRING.html doc/html/man3/UI_UTIL_read_pw.html doc/html/man3/UI_create_method.html doc/html/man3/UI_new.html doc/html/man3/X509V3_get_d2i.html doc/html/man3/X509V3_set_ctx.html doc/html/man3/X509_ACERT_add1_attr.html doc/html/man3/X509_ACERT_add_attr_nconf.html doc/html/man3/X509_ACERT_get0_holder_baseCertId.html doc/html/man3/X509_ACERT_get_attr.html doc/html/man3/X509_ACERT_print_ex.html doc/html/man3/X509_ALGOR_dup.html doc/html/man3/X509_ATTRIBUTE.html doc/html/man3/X509_CRL_get0_by_serial.html doc/html/man3/X509_EXTENSION_set_object.html doc/html/man3/X509_LOOKUP.html doc/html/man3/X509_LOOKUP_hash_dir.html doc/html/man3/X509_LOOKUP_meth_new.html doc/html/man3/X509_NAME_ENTRY_get_object.html doc/html/man3/X509_NAME_add_entry_by_txt.html doc/html/man3/X509_NAME_get0_der.html doc/html/man3/X509_NAME_get_index_by_NID.html doc/html/man3/X509_NAME_print_ex.html doc/html/man3/X509_PUBKEY_new.html doc/html/man3/X509_REQ_get_attr.html doc/html/man3/X509_REQ_get_extensions.html doc/html/man3/X509_SIG_get0.html doc/html/man3/X509_STORE_CTX_get_by_subject.html doc/html/man3/X509_STORE_CTX_get_error.html doc/html/man3/X509_STORE_CTX_new.html doc/html/man3/X509_STORE_CTX_set_verify_cb.html doc/html/man3/X509_STORE_add_cert.html doc/html/man3/X509_STORE_get0_param.html doc/html/man3/X509_STORE_new.html doc/html/man3/X509_STORE_set_verify_cb_func.html doc/html/man3/X509_VERIFY_PARAM_set_flags.html doc/html/man3/X509_add_cert.html doc/html/man3/X509_check_ca.html doc/html/man3/X509_check_host.html doc/html/man3/X509_check_issued.html doc/html/man3/X509_check_private_key.html doc/html/man3/X509_check_purpose.html doc/html/man3/X509_cmp.html doc/html/man3/X509_cmp_time.html doc/html/man3/X509_digest.html doc/html/man3/X509_dup.html doc/html/man3/X509_get0_distinguishing_id.html doc/html/man3/X509_get0_notBefore.html doc/html/man3/X509_get0_signature.html doc/html/man3/X509_get0_uids.html doc/html/man3/X509_get_default_cert_file.html doc/html/man3/X509_get_extension_flags.html doc/html/man3/X509_get_pubkey.html doc/html/man3/X509_get_serialNumber.html doc/html/man3/X509_get_subject_name.html doc/html/man3/X509_get_version.html doc/html/man3/X509_load_http.html doc/html/man3/X509_new.html doc/html/man3/X509_sign.html doc/html/man3/X509_verify.html doc/html/man3/X509_verify_cert.html doc/html/man3/X509v3_get_ext_by_NID.html doc/html/man3/b2i_PVK_bio_ex.html doc/html/man3/d2i_PKCS8PrivateKey_bio.html doc/html/man3/d2i_PrivateKey.html doc/html/man3/d2i_RSAPrivateKey.html doc/html/man3/d2i_SSL_SESSION.html doc/html/man3/d2i_X509.html doc/html/man3/i2d_CMS_bio_stream.html doc/html/man3/i2d_PKCS7_bio_stream.html doc/html/man3/i2d_re_X509_tbs.html doc/html/man3/o2i_SCT_LIST.html doc/html/man3/s2i_ASN1_IA5STRING.html
rm -f doc/html/man5/config.html doc/html/man5/fips_config.html doc/html/man5/x509v3_config.html
rm -f doc/html/man7/EVP_ASYM_CIPHER-RSA.html doc/html/man7/EVP_ASYM_CIPHER-SM2.html doc/html/man7/EVP_CIPHER-AES.html doc/html/man7/EVP_CIPHER-ARIA.html doc/html/man7/EVP_CIPHER-BLOWFISH.html doc/html/man7/EVP_CIPHER-CAMELLIA.html doc/html/man7/EVP_CIPHER-CAST.html doc/html/man7/EVP_CIPHER-CHACHA.html doc/html/man7/EVP_CIPHER-DES.html doc/html/man7/EVP_CIPHER-IDEA.html doc/html/man7/EVP_CIPHER-NULL.html doc/html/man7/EVP_CIPHER-RC2.html doc/html/man7/EVP_CIPHER-RC4.html doc/html/man7/EVP_CIPHER-RC5.html doc/html/man7/EVP_CIPHER-SEED.html doc/html/man7/EVP_CIPHER-SM4.html doc/html/man7/EVP_KDF-ARGON2.html doc/html/man7/EVP_KDF-HKDF.html doc/html/man7/EVP_KDF-HMAC-DRBG.html doc/html/man7/EVP_KDF-KB.html doc/html/man7/EVP_KDF-KRB5KDF.html doc/html/man7/EVP_KDF-PBKDF1.html doc/html/man7/EVP_KDF-PBKDF2.html doc/html/man7/EVP_KDF-PKCS12KDF.html doc/html/man7/EVP_KDF-PVKKDF.html doc/html/man7/EVP_KDF-SCRYPT.html doc/html/man7/EVP_KDF-SS.html doc/html/man7/EVP_KDF-SSHKDF.html doc/html/man7/EVP_KDF-TLS13_KDF.html doc/html/man7/EVP_KDF-TLS1_PRF.html doc/html/man7/EVP_KDF-X942-ASN1.html doc/html/man7/EVP_KDF-X942-CONCAT.html doc/html/man7/EVP_KDF-X963.html doc/html/man7/EVP_KEM-EC.html doc/html/man7/EVP_KEM-ML-KEM.html doc/html/man7/EVP_KEM-RSA.html doc/html/man7/EVP_KEM-X25519.html doc/html/man7/EVP_KEYEXCH-DH.html doc/html/man7/EVP_KEYEXCH-ECDH.html doc/html/man7/EVP_KEYEXCH-X25519.html doc/html/man7/EVP_MAC-BLAKE2.html doc/html/man7/EVP_MAC-CMAC.html doc/html/man7/EVP_MAC-GMAC.html doc/html/man7/EVP_MAC-HMAC.html doc/html/man7/EVP_MAC-KMAC.html doc/html/man7/EVP_MAC-Poly1305.html doc/html/man7/EVP_MAC-Siphash.html doc/html/man7/EVP_MD-BLAKE2.html doc/html/man7/EVP_MD-KECCAK.html doc/html/man7/EVP_MD-MD2.html doc/html/man7/EVP_MD-MD4.html doc/html/man7/EVP_MD-MD5-SHA1.html doc/html/man7/EVP_MD-MD5.html doc/html/man7/EVP_MD-MDC2.html doc/html/man7/EVP_MD-NULL.html doc/html/man7/EVP_MD-RIPEMD160.html doc/html/man7/EVP_MD-SHA1.html doc/html/man7/EVP_MD-SHA2.html doc/html/man7/EVP_MD-SHA3.html doc/html/man7/EVP_MD-SHAKE.html doc/html/man7/EVP_MD-SM3.html doc/html/man7/EVP_MD-WHIRLPOOL.html doc/html/man7/EVP_MD-common.html doc/html/man7/EVP_PKEY-DH.html doc/html/man7/EVP_PKEY-DSA.html doc/html/man7/EVP_PKEY-EC.html doc/html/man7/EVP_PKEY-FFC.html doc/html/man7/EVP_PKEY-HMAC.html doc/html/man7/EVP_PKEY-ML-DSA.html doc/html/man7/EVP_PKEY-ML-KEM.html doc/html/man7/EVP_PKEY-RSA.html doc/html/man7/EVP_PKEY-SLH-DSA.html doc/html/man7/EVP_PKEY-SM2.html doc/html/man7/EVP_PKEY-X25519.html doc/html/man7/EVP_RAND-CRNG-TEST.html doc/html/man7/EVP_RAND-CTR-DRBG.html doc/html/man7/EVP_RAND-HASH-DRBG.html doc/html/man7/EVP_RAND-HMAC-DRBG.html doc/html/man7/EVP_RAND-JITTER.html doc/html/man7/EVP_RAND-SEED-SRC.html doc/html/man7/EVP_RAND-TEST-RAND.html doc/html/man7/EVP_RAND.html doc/html/man7/EVP_SIGNATURE-DSA.html doc/html/man7/EVP_SIGNATURE-ECDSA.html doc/html/man7/EVP_SIGNATURE-ED25519.html doc/html/man7/EVP_SIGNATURE-HMAC.html doc/html/man7/EVP_SIGNATURE-ML-DSA.html doc/html/man7/EVP_SIGNATURE-RSA.html doc/html/man7/EVP_SIGNATURE-SLH-DSA.html doc/html/man7/OSSL_PROVIDER-FIPS.html doc/html/man7/OSSL_PROVIDER-base.html doc/html/man7/OSSL_PROVIDER-default.html doc/html/man7/OSSL_PROVIDER-legacy.html doc/html/man7/OSSL_PROVIDER-null.html doc/html/man7/OSSL_STORE-winstore.html doc/html/man7/RAND.html doc/html/man7/RSA-PSS.html doc/html/man7/X25519.html doc/html/man7/bio.html doc/html/man7/ct.html doc/html/man7/des_modes.html doc/html/man7/evp.html doc/html/man7/fips_module.html doc/html/man7/life_cycle-cipher.html doc/html/man7/life_cycle-digest.html doc/html/man7/life_cycle-kdf.html doc/html/man7/life_cycle-mac.html doc/html/man7/life_cycle-pkey.html doc/html/man7/life_cycle-rand.html doc/html/man7/openssl-core.h.html doc/html/man7/openssl-core_dispatch.h.html doc/html/man7/openssl-core_names.h.html doc/html/man7/openssl-env.html doc/html/man7/openssl-glossary.html doc/html/man7/openssl-qlog.html doc/html/man7/openssl-quic-concurrency.html doc/html/man7/openssl-quic.html doc/html/man7/openssl-threads.html doc/html/man7/openssl_user_macros.html doc/html/man7/ossl-guide-introduction.html doc/html/man7/ossl-guide-libcrypto-introduction.html doc/html/man7/ossl-guide-libraries-introduction.html doc/html/man7/ossl-guide-libssl-introduction.html doc/html/man7/ossl-guide-migration.html doc/html/man7/ossl-guide-quic-client-block.html doc/html/man7/ossl-guide-quic-client-non-block.html doc/html/man7/ossl-guide-quic-introduction.html doc/html/man7/ossl-guide-quic-multi-stream.html doc/html/man7/ossl-guide-quic-server-block.html doc/html/man7/ossl-guide-quic-server-non-block.html doc/html/man7/ossl-guide-tls-client-block.html doc/html/man7/ossl-guide-tls-client-non-block.html doc/html/man7/ossl-guide-tls-introduction.html doc/html/man7/ossl-guide-tls-server-block.html doc/html/man7/ossl_store-file.html doc/html/man7/ossl_store.html doc/html/man7/passphrase-encoding.html doc/html/man7/property.html doc/html/man7/provider-asym_cipher.html doc/html/man7/provider-base.html doc/html/man7/provider-cipher.html doc/html/man7/provider-decoder.html doc/html/man7/provider-digest.html doc/html/man7/provider-encoder.html doc/html/man7/provider-kdf.html doc/html/man7/provider-kem.html doc/html/man7/provider-keyexch.html doc/html/man7/provider-keymgmt.html doc/html/man7/provider-mac.html doc/html/man7/provider-object.html doc/html/man7/provider-rand.html doc/html/man7/provider-signature.html doc/html/man7/provider-skeymgmt.html doc/html/man7/provider-storemgmt.html doc/html/man7/provider.html doc/html/man7/proxy-certificates.html doc/html/man7/x509.html
rm -f doc/man/man1/CA.pl.1 doc/man/man1/openssl-asn1parse.1 doc/man/man1/openssl-ca.1 doc/man/man1/openssl-ciphers.1 doc/man/man1/openssl-cmds.1 doc/man/man1/openssl-cmp.1 doc/man/man1/openssl-cms.1 doc/man/man1/openssl-configutl.1 doc/man/man1/openssl-crl.1 doc/man/man1/openssl-crl2pkcs7.1 doc/man/man1/openssl-dgst.1 doc/man/man1/openssl-dhparam.1 doc/man/man1/openssl-dsa.1 doc/man/man1/openssl-dsaparam.1 doc/man/man1/openssl-ec.1 doc/man/man1/openssl-ecparam.1 doc/man/man1/openssl-enc.1 doc/man/man1/openssl-engine.1 doc/man/man1/openssl-errstr.1 doc/man/man1/openssl-fipsinstall.1 doc/man/man1/openssl-format-options.1 doc/man/man1/openssl-gendsa.1 doc/man/man1/openssl-genpkey.1 doc/man/man1/openssl-genrsa.1 doc/man/man1/openssl-info.1 doc/man/man1/openssl-kdf.1 doc/man/man1/openssl-list.1 doc/man/man1/openssl-mac.1 doc/man/man1/openssl-namedisplay-options.1 doc/man/man1/openssl-nseq.1 doc/man/man1/openssl-ocsp.1 doc/man/man1/openssl-passphrase-options.1 doc/man/man1/openssl-passwd.1 doc/man/man1/openssl-pkcs12.1 doc/man/man1/openssl-pkcs7.1 doc/man/man1/openssl-pkcs8.1 doc/man/man1/openssl-pkey.1 doc/man/man1/openssl-pkeyparam.1 doc/man/man1/openssl-pkeyutl.1 doc/man/man1/openssl-prime.1 doc/man/man1/openssl-rand.1 doc/man/man1/openssl-rehash.1 doc/man/man1/openssl-req.1 doc/man/man1/openssl-rsa.1 doc/man/man1/openssl-rsautl.1 doc/man/man1/openssl-s_client.1 doc/man/man1/openssl-s_server.1 doc/man/man1/openssl-s_time.1 doc/man/man1/openssl-sess_id.1 doc/man/man1/openssl-skeyutl.1 doc/man/man1/openssl-smime.1 doc/man/man1/openssl-speed.1 doc/man/man1/openssl-spkac.1 doc/man/man1/openssl-srp.1 doc/man/man1/openssl-storeutl.1 doc/man/man1/openssl-ts.1 doc/man/man1/openssl-verification-options.1 doc/man/man1/openssl-verify.1 doc/man/man1/openssl-version.1 doc/man/man1/openssl-x509.1 doc/man/man1/openssl.1 doc/man/man1/tsget.1
rm -f doc/man/man3/ADMISSIONS.3 doc/man/man3/ASN1_EXTERN_FUNCS.3 doc/man/man3/ASN1_INTEGER_get_int64.3 doc/man/man3/ASN1_INTEGER_new.3 doc/man/man3/ASN1_ITEM_lookup.3 doc/man/man3/ASN1_OBJECT_new.3 doc/man/man3/ASN1_STRING_TABLE_add.3 doc/man/man3/ASN1_STRING_length.3 doc/man/man3/ASN1_STRING_new.3 doc/man/man3/ASN1_STRING_print_ex.3 doc/man/man3/ASN1_TIME_set.3 doc/man/man3/ASN1_TYPE_get.3 doc/man/man3/ASN1_aux_cb.3 doc/man/man3/ASN1_generate_nconf.3 doc/man/man3/ASN1_item_d2i_bio.3 doc/man/man3/ASN1_item_new.3 doc/man/man3/ASN1_item_sign.3 doc/man/man3/ASYNC_WAIT_CTX_new.3 doc/man/man3/ASYNC_start_job.3 doc/man/man3/BF_encrypt.3 doc/man/man3/BIO_ADDR.3 doc/man/man3/BIO_ADDRINFO.3 doc/man/man3/BIO_connect.3 doc/man/man3/BIO_ctrl.3 doc/man/man3/BIO_f_base64.3 doc/man/man3/BIO_f_buffer.3 doc/man/man3/BIO_f_cipher.3 doc/man/man3/BIO_f_md.3 doc/man/man3/BIO_f_null.3 doc/man/man3/BIO_f_prefix.3 doc/man/man3/BIO_f_readbuffer.3 doc/man/man3/BIO_f_ssl.3 doc/man/man3/BIO_find_type.3 doc/man/man3/BIO_get_data.3 doc/man/man3/BIO_get_ex_new_index.3 doc/man/man3/BIO_get_rpoll_descriptor.3 doc/man/man3/BIO_meth_new.3 doc/man/man3/BIO_new.3 doc/man/man3/BIO_new_CMS.3 doc/man/man3/BIO_parse_hostserv.3 doc/man/man3/BIO_printf.3 doc/man/man3/BIO_push.3 doc/man/man3/BIO_read.3 doc/man/man3/BIO_s_accept.3 doc/man/man3/BIO_s_bio.3 doc/man/man3/BIO_s_connect.3 doc/man/man3/BIO_s_core.3 doc/man/man3/BIO_s_datagram.3 doc/man/man3/BIO_s_dgram_pair.3 doc/man/man3/BIO_s_fd.3 doc/man/man3/BIO_s_file.3 doc/man/man3/BIO_s_mem.3 doc/man/man3/BIO_s_null.3 doc/man/man3/BIO_s_socket.3 doc/man/man3/BIO_sendmmsg.3 doc/man/man3/BIO_set_callback.3 doc/man/man3/BIO_should_retry.3 doc/man/man3/BIO_socket_wait.3 doc/man/man3/BN_BLINDING_new.3 doc/man/man3/BN_CTX_new.3 doc/man/man3/BN_CTX_start.3 doc/man/man3/BN_add.3 doc/man/man3/BN_add_word.3 doc/man/man3/BN_bn2bin.3 doc/man/man3/BN_cmp.3 doc/man/man3/BN_copy.3 doc/man/man3/BN_generate_prime.3 doc/man/man3/BN_mod_exp_mont.3 doc/man/man3/BN_mod_inverse.3 doc/man/man3/BN_mod_mul_montgomery.3 doc/man/man3/BN_mod_mul_reciprocal.3 doc/man/man3/BN_new.3 doc/man/man3/BN_num_bytes.3 doc/man/man3/BN_rand.3 doc/man/man3/BN_security_bits.3 doc/man/man3/BN_set_bit.3 doc/man/man3/BN_swap.3 doc/man/man3/BN_zero.3 doc/man/man3/BUF_MEM_new.3 doc/man/man3/CMAC_CTX.3 doc/man/man3/CMS_EncryptedData_decrypt.3 doc/man/man3/CMS_EncryptedData_encrypt.3 doc/man/man3/CMS_EnvelopedData_create.3 doc/man/man3/CMS_add0_cert.3 doc/man/man3/CMS_add1_recipient_cert.3 doc/man/man3/CMS_add1_signer.3 doc/man/man3/CMS_compress.3 doc/man/man3/CMS_data_create.3 doc/man/man3/CMS_decrypt.3 doc/man/man3/CMS_digest_create.3 doc/man/man3/CMS_encrypt.3 doc/man/man3/CMS_final.3 doc/man/man3/CMS_get0_RecipientInfos.3 doc/man/man3/CMS_get0_SignerInfos.3 doc/man/man3/CMS_get0_type.3 doc/man/man3/CMS_get1_ReceiptRequest.3 doc/man/man3/CMS_sign.3 doc/man/man3/CMS_sign_receipt.3 doc/man/man3/CMS_signed_get_attr.3 doc/man/man3/CMS_uncompress.3 doc/man/man3/CMS_verify.3 doc/man/man3/CMS_verify_receipt.3 doc/man/man3/COMP_CTX_new.3 doc/man/man3/CONF_modules_free.3 doc/man/man3/CONF_modules_load_file.3 doc/man/man3/CRYPTO_THREAD_run_once.3 doc/man/man3/CRYPTO_get_ex_new_index.3 doc/man/man3/CRYPTO_memcmp.3 doc/man/man3/CTLOG_STORE_get0_log_by_id.3 doc/man/man3/CTLOG_STORE_new.3 doc/man/man3/CTLOG_new.3 doc/man/man3/CT_POLICY_EVAL_CTX_new.3 doc/man/man3/DEFINE_STACK_OF.3 doc/man/man3/DES_random_key.3 doc/man/man3/DH_generate_key.3 doc/man/man3/DH_generate_parameters.3 doc/man/man3/DH_get0_pqg.3 doc/man/man3/DH_get_1024_160.3 doc/man/man3/DH_meth_new.3 doc/man/man3/DH_new.3 doc/man/man3/DH_new_by_nid.3 doc/man/man3/DH_set_method.3 doc/man/man3/DH_size.3 doc/man/man3/DSA_SIG_new.3 doc/man/man3/DSA_do_sign.3 doc/man/man3/DSA_dup_DH.3 doc/man/man3/DSA_generate_key.3 doc/man/man3/DSA_generate_parameters.3 doc/man/man3/DSA_get0_pqg.3 doc/man/man3/DSA_meth_new.3 doc/man/man3/DSA_new.3 doc/man/man3/DSA_set_method.3 doc/man/man3/DSA_sign.3 doc/man/man3/DSA_size.3 doc/man/man3/DTLS_get_data_mtu.3 doc/man/man3/DTLS_set_timer_cb.3 doc/man/man3/DTLSv1_get_timeout.3 doc/man/man3/DTLSv1_handle_timeout.3 doc/man/man3/DTLSv1_listen.3 doc/man/man3/ECDSA_SIG_new.3 doc/man/man3/ECDSA_sign.3 doc/man/man3/ECPKParameters_print.3 doc/man/man3/EC_GFp_simple_method.3 doc/man/man3/EC_GROUP_copy.3 doc/man/man3/EC_GROUP_new.3 doc/man/man3/EC_KEY_get_enc_flags.3 doc/man/man3/EC_KEY_new.3 doc/man/man3/EC_POINT_add.3 doc/man/man3/EC_POINT_new.3 doc/man/man3/ENGINE_add.3 doc/man/man3/ERR_GET_LIB.3 doc/man/man3/ERR_clear_error.3 doc/man/man3/ERR_error_string.3 doc/man/man3/ERR_get_error.3 doc/man/man3/ERR_load_crypto_strings.3 doc/man/man3/ERR_load_strings.3 doc/man/man3/ERR_new.3 doc/man/man3/ERR_print_errors.3 doc/man/man3/ERR_put_error.3 doc/man/man3/ERR_remove_state.3 doc/man/man3/ERR_set_mark.3 doc/man/man3/EVP_ASYM_CIPHER_free.3 doc/man/man3/EVP_BytesToKey.3 doc/man/man3/EVP_CIPHER_CTX_get_cipher_data.3 doc/man/man3/EVP_CIPHER_CTX_get_original_iv.3 doc/man/man3/EVP_CIPHER_meth_new.3 doc/man/man3/EVP_DigestInit.3 doc/man/man3/EVP_DigestSignInit.3 doc/man/man3/EVP_DigestVerifyInit.3 doc/man/man3/EVP_EncodeInit.3 doc/man/man3/EVP_EncryptInit.3 doc/man/man3/EVP_KDF.3 doc/man/man3/EVP_KEM_free.3 doc/man/man3/EVP_KEYEXCH_free.3 doc/man/man3/EVP_KEYMGMT.3 doc/man/man3/EVP_MAC.3 doc/man/man3/EVP_MD_meth_new.3 doc/man/man3/EVP_OpenInit.3 doc/man/man3/EVP_PBE_CipherInit.3 doc/man/man3/EVP_PKEY2PKCS8.3 doc/man/man3/EVP_PKEY_ASN1_METHOD.3 doc/man/man3/EVP_PKEY_CTX_ctrl.3 doc/man/man3/EVP_PKEY_CTX_get0_libctx.3 doc/man/man3/EVP_PKEY_CTX_get0_pkey.3 doc/man/man3/EVP_PKEY_CTX_get_algor.3 doc/man/man3/EVP_PKEY_CTX_new.3 doc/man/man3/EVP_PKEY_CTX_set1_pbe_pass.3 doc/man/man3/EVP_PKEY_CTX_set_hkdf_md.3 doc/man/man3/EVP_PKEY_CTX_set_params.3 doc/man/man3/EVP_PKEY_CTX_set_rsa_pss_keygen_md.3 doc/man/man3/EVP_PKEY_CTX_set_scrypt_N.3 doc/man/man3/EVP_PKEY_CTX_set_tls1_prf_md.3 doc/man/man3/EVP_PKEY_asn1_get_count.3 doc/man/man3/EVP_PKEY_check.3 doc/man/man3/EVP_PKEY_copy_parameters.3 doc/man/man3/EVP_PKEY_decapsulate.3 doc/man/man3/EVP_PKEY_decrypt.3 doc/man/man3/EVP_PKEY_derive.3 doc/man/man3/EVP_PKEY_digestsign_supports_digest.3 doc/man/man3/EVP_PKEY_encapsulate.3 doc/man/man3/EVP_PKEY_encrypt.3 doc/man/man3/EVP_PKEY_fromdata.3 doc/man/man3/EVP_PKEY_get_attr.3 doc/man/man3/EVP_PKEY_get_default_digest_nid.3 doc/man/man3/EVP_PKEY_get_field_type.3 doc/man/man3/EVP_PKEY_get_group_name.3 doc/man/man3/EVP_PKEY_get_size.3 doc/man/man3/EVP_PKEY_gettable_params.3 doc/man/man3/EVP_PKEY_is_a.3 doc/man/man3/EVP_PKEY_keygen.3 doc/man/man3/EVP_PKEY_meth_get_count.3 doc/man/man3/EVP_PKEY_meth_new.3 doc/man/man3/EVP_PKEY_new.3 doc/man/man3/EVP_PKEY_print_private.3 doc/man/man3/EVP_PKEY_set1_RSA.3 doc/man/man3/EVP_PKEY_set1_encoded_public_key.3 doc/man/man3/EVP_PKEY_set_type.3 doc/man/man3/EVP_PKEY_settable_params.3 doc/man/man3/EVP_PKEY_sign.3 doc/man/man3/EVP_PKEY_todata.3 doc/man/man3/EVP_PKEY_verify.3 doc/man/man3/EVP_PKEY_verify_recover.3 doc/man/man3/EVP_RAND.3 doc/man/man3/EVP_SIGNATURE.3 doc/man/man3/EVP_SKEY.3 doc/man/man3/EVP_SKEYMGMT.3 doc/man/man3/EVP_SealInit.3 doc/man/man3/EVP_SignInit.3 doc/man/man3/EVP_VerifyInit.3 doc/man/man3/EVP_aes_128_gcm.3 doc/man/man3/EVP_aria_128_gcm.3 doc/man/man3/EVP_bf_cbc.3 doc/man/man3/EVP_blake2b512.3 doc/man/man3/EVP_camellia_128_ecb.3 doc/man/man3/EVP_cast5_cbc.3 doc/man/man3/EVP_chacha20.3 doc/man/man3/EVP_des_cbc.3 doc/man/man3/EVP_desx_cbc.3 doc/man/man3/EVP_idea_cbc.3 doc/man/man3/EVP_md2.3 doc/man/man3/EVP_md4.3 doc/man/man3/EVP_md5.3 doc/man/man3/EVP_mdc2.3 doc/man/man3/EVP_rc2_cbc.3 doc/man/man3/EVP_rc4.3 doc/man/man3/EVP_rc5_32_12_16_cbc.3 doc/man/man3/EVP_ripemd160.3 doc/man/man3/EVP_seed_cbc.3 doc/man/man3/EVP_set_default_properties.3 doc/man/man3/EVP_sha1.3 doc/man/man3/EVP_sha224.3 doc/man/man3/EVP_sha3_224.3 doc/man/man3/EVP_sm3.3 doc/man/man3/EVP_sm4_cbc.3 doc/man/man3/EVP_whirlpool.3 doc/man/man3/GENERAL_NAME.3 doc/man/man3/HMAC.3 doc/man/man3/MD5.3 doc/man/man3/MDC2_Init.3 doc/man/man3/NCONF_new_ex.3 doc/man/man3/OBJ_nid2obj.3 doc/man/man3/OCSP_REQUEST_new.3 doc/man/man3/OCSP_cert_to_id.3 doc/man/man3/OCSP_request_add1_nonce.3 doc/man/man3/OCSP_resp_find_status.3 doc/man/man3/OCSP_response_status.3 doc/man/man3/OCSP_sendreq_new.3 doc/man/man3/OPENSSL_Applink.3 doc/man/man3/OPENSSL_FILE.3 doc/man/man3/OPENSSL_LH_COMPFUNC.3 doc/man/man3/OPENSSL_LH_stats.3 doc/man/man3/OPENSSL_config.3 doc/man/man3/OPENSSL_fork_prepare.3 doc/man/man3/OPENSSL_gmtime.3 doc/man/man3/OPENSSL_hexchar2int.3 doc/man/man3/OPENSSL_ia32cap.3 doc/man/man3/OPENSSL_init_crypto.3 doc/man/man3/OPENSSL_init_ssl.3 doc/man/man3/OPENSSL_instrument_bus.3 doc/man/man3/OPENSSL_load_builtin_modules.3 doc/man/man3/OPENSSL_load_u16_le.3 doc/man/man3/OPENSSL_malloc.3 doc/man/man3/OPENSSL_riscvcap.3 doc/man/man3/OPENSSL_s390xcap.3 doc/man/man3/OPENSSL_secure_malloc.3 doc/man/man3/OPENSSL_strcasecmp.3 doc/man/man3/OSSL_ALGORITHM.3 doc/man/man3/OSSL_CALLBACK.3 doc/man/man3/OSSL_CMP_ATAV_set0.3 doc/man/man3/OSSL_CMP_CTX_new.3 doc/man/man3/OSSL_CMP_HDR_get0_transactionID.3 doc/man/man3/OSSL_CMP_ITAV_new_caCerts.3 doc/man/man3/OSSL_CMP_ITAV_set0.3 doc/man/man3/OSSL_CMP_MSG_get0_header.3 doc/man/man3/OSSL_CMP_MSG_http_perform.3 doc/man/man3/OSSL_CMP_SRV_CTX_new.3 doc/man/man3/OSSL_CMP_STATUSINFO_new.3 doc/man/man3/OSSL_CMP_exec_certreq.3 doc/man/man3/OSSL_CMP_log_open.3 doc/man/man3/OSSL_CMP_validate_msg.3 doc/man/man3/OSSL_CORE_MAKE_FUNC.3 doc/man/man3/OSSL_CRMF_MSG_get0_tmpl.3 doc/man/man3/OSSL_CRMF_MSG_set0_validity.3 doc/man/man3/OSSL_CRMF_MSG_set1_regCtrl_regToken.3 doc/man/man3/OSSL_CRMF_MSG_set1_regInfo_certReq.3 doc/man/man3/OSSL_CRMF_pbmp_new.3 doc/man/man3/OSSL_DECODER.3 doc/man/man3/OSSL_DECODER_CTX.3 doc/man/man3/OSSL_DECODER_CTX_new_for_pkey.3 doc/man/man3/OSSL_DECODER_from_bio.3 doc/man/man3/OSSL_DISPATCH.3 doc/man/man3/OSSL_ENCODER.3 doc/man/man3/OSSL_ENCODER_CTX.3 doc/man/man3/OSSL_ENCODER_CTX_new_for_pkey.3 doc/man/man3/OSSL_ENCODER_to_bio.3 doc/man/man3/OSSL_ERR_STATE_save.3 doc/man/man3/OSSL_ESS_check_signing_certs.3 doc/man/man3/OSSL_GENERAL_NAMES_print.3 doc/man/man3/OSSL_HPKE_CTX_new.3 doc/man/man3/OSSL_HTTP_REQ_CTX.3 doc/man/man3/OSSL_HTTP_parse_url.3 doc/man/man3/OSSL_HTTP_transfer.3 doc/man/man3/OSSL_IETF_ATTR_SYNTAX.3 doc/man/man3/OSSL_IETF_ATTR_SYNTAX_print.3 doc/man/man3/OSSL_INDICATOR_set_callback.3 doc/man/man3/OSSL_ITEM.3 doc/man/man3/OSSL_LIB_CTX.3 doc/man/man3/OSSL_LIB_CTX_set_conf_diagnostics.3 doc/man/man3/OSSL_PARAM.3 doc/man/man3/OSSL_PARAM_BLD.3 doc/man/man3/OSSL_PARAM_allocate_from_text.3 doc/man/man3/OSSL_PARAM_dup.3 doc/man/man3/OSSL_PARAM_int.3 doc/man/man3/OSSL_PARAM_print_to_bio.3 doc/man/man3/OSSL_PROVIDER.3 doc/man/man3/OSSL_QUIC_client_method.3 doc/man/man3/OSSL_SELF_TEST_new.3 doc/man/man3/OSSL_SELF_TEST_set_callback.3 doc/man/man3/OSSL_STORE_INFO.3 doc/man/man3/OSSL_STORE_LOADER.3 doc/man/man3/OSSL_STORE_SEARCH.3 doc/man/man3/OSSL_STORE_attach.3 doc/man/man3/OSSL_STORE_expect.3 doc/man/man3/OSSL_STORE_open.3 doc/man/man3/OSSL_sleep.3 doc/man/man3/OSSL_trace_enabled.3 doc/man/man3/OSSL_trace_get_category_num.3 doc/man/man3/OSSL_trace_set_channel.3 doc/man/man3/OpenSSL_add_all_algorithms.3 doc/man/man3/OpenSSL_version.3 doc/man/man3/PBMAC1_get1_pbkdf2_param.3 doc/man/man3/PEM_X509_INFO_read_bio_ex.3 doc/man/man3/PEM_bytes_read_bio.3 doc/man/man3/PEM_read.3 doc/man/man3/PEM_read_CMS.3 doc/man/man3/PEM_read_bio_PrivateKey.3 doc/man/man3/PEM_read_bio_ex.3 doc/man/man3/PEM_write_bio_CMS_stream.3 doc/man/man3/PEM_write_bio_PKCS7_stream.3 doc/man/man3/PKCS12_PBE_keyivgen.3 doc/man/man3/PKCS12_SAFEBAG_create_cert.3 doc/man/man3/PKCS12_SAFEBAG_get0_attrs.3 doc/man/man3/PKCS12_SAFEBAG_get1_cert.3 doc/man/man3/PKCS12_SAFEBAG_set0_attrs.3 doc/man/man3/PKCS12_add1_attr_by_NID.3 doc/man/man3/PKCS12_add_CSPName_asc.3 doc/man/man3/PKCS12_add_cert.3 doc/man/man3/PKCS12_add_friendlyname_asc.3 doc/man/man3/PKCS12_add_localkeyid.3 doc/man/man3/PKCS12_add_safe.3 doc/man/man3/PKCS12_create.3 doc/man/man3/PKCS12_decrypt_skey.3 doc/man/man3/PKCS12_gen_mac.3 doc/man/man3/PKCS12_get_friendlyname.3 doc/man/man3/PKCS12_init.3 doc/man/man3/PKCS12_item_decrypt_d2i.3 doc/man/man3/PKCS12_key_gen_utf8_ex.3 doc/man/man3/PKCS12_newpass.3 doc/man/man3/PKCS12_pack_p7encdata.3 doc/man/man3/PKCS12_parse.3 doc/man/man3/PKCS5_PBE_keyivgen.3 doc/man/man3/PKCS5_PBKDF2_HMAC.3 doc/man/man3/PKCS7_decrypt.3 doc/man/man3/PKCS7_encrypt.3 doc/man/man3/PKCS7_get_octet_string.3 doc/man/man3/PKCS7_sign.3 doc/man/man3/PKCS7_sign_add_signer.3 doc/man/man3/PKCS7_type_is_other.3 doc/man/man3/PKCS7_verify.3 doc/man/man3/PKCS8_encrypt.3 doc/man/man3/PKCS8_pkey_add1_attr.3 doc/man/man3/RAND_add.3 doc/man/man3/RAND_bytes.3 doc/man/man3/RAND_cleanup.3 doc/man/man3/RAND_egd.3 doc/man/man3/RAND_get0_primary.3 doc/man/man3/RAND_load_file.3 doc/man/man3/RAND_set_DRBG_type.3 doc/man/man3/RAND_set_rand_method.3 doc/man/man3/RC4_set_key.3 doc/man/man3/RIPEMD160_Init.3 doc/man/man3/RSA_blinding_on.3 doc/man/man3/RSA_check_key.3 doc/man/man3/RSA_generate_key.3 doc/man/man3/RSA_get0_key.3 doc/man/man3/RSA_meth_new.3 doc/man/man3/RSA_new.3 doc/man/man3/RSA_padding_add_PKCS1_type_1.3 doc/man/man3/RSA_print.3 doc/man/man3/RSA_private_encrypt.3 doc/man/man3/RSA_public_encrypt.3 doc/man/man3/RSA_set_method.3 doc/man/man3/RSA_sign.3 doc/man/man3/RSA_sign_ASN1_OCTET_STRING.3 doc/man/man3/RSA_size.3 doc/man/man3/SCT_new.3 doc/man/man3/SCT_print.3 doc/man/man3/SCT_validate.3 doc/man/man3/SHA256_Init.3 doc/man/man3/SMIME_read_ASN1.3 doc/man/man3/SMIME_read_CMS.3 doc/man/man3/SMIME_read_PKCS7.3 doc/man/man3/SMIME_write_ASN1.3 doc/man/man3/SMIME_write_CMS.3 doc/man/man3/SMIME_write_PKCS7.3 doc/man/man3/SRP_Calc_B.3 doc/man/man3/SRP_VBASE_new.3 doc/man/man3/SRP_create_verifier.3 doc/man/man3/SRP_user_pwd_new.3 doc/man/man3/SSL_CIPHER_get_name.3 doc/man/man3/SSL_COMP_add_compression_method.3 doc/man/man3/SSL_CONF_CTX_new.3 doc/man/man3/SSL_CONF_CTX_set1_prefix.3 doc/man/man3/SSL_CONF_CTX_set_flags.3 doc/man/man3/SSL_CONF_CTX_set_ssl_ctx.3 doc/man/man3/SSL_CONF_cmd.3 doc/man/man3/SSL_CONF_cmd_argv.3 doc/man/man3/SSL_CTX_add1_chain_cert.3 doc/man/man3/SSL_CTX_add_extra_chain_cert.3 doc/man/man3/SSL_CTX_add_session.3 doc/man/man3/SSL_CTX_config.3 doc/man/man3/SSL_CTX_ctrl.3 doc/man/man3/SSL_CTX_dane_enable.3 doc/man/man3/SSL_CTX_flush_sessions.3 doc/man/man3/SSL_CTX_free.3 doc/man/man3/SSL_CTX_get0_param.3 doc/man/man3/SSL_CTX_get_verify_mode.3 doc/man/man3/SSL_CTX_has_client_custom_ext.3 doc/man/man3/SSL_CTX_load_verify_locations.3 doc/man/man3/SSL_CTX_new.3 doc/man/man3/SSL_CTX_sess_number.3 doc/man/man3/SSL_CTX_sess_set_cache_size.3 doc/man/man3/SSL_CTX_sess_set_get_cb.3 doc/man/man3/SSL_CTX_sessions.3 doc/man/man3/SSL_CTX_set0_CA_list.3 doc/man/man3/SSL_CTX_set1_cert_comp_preference.3 doc/man/man3/SSL_CTX_set1_curves.3 doc/man/man3/SSL_CTX_set1_sigalgs.3 doc/man/man3/SSL_CTX_set1_verify_cert_store.3 doc/man/man3/SSL_CTX_set_alpn_select_cb.3 doc/man/man3/SSL_CTX_set_cert_cb.3 doc/man/man3/SSL_CTX_set_cert_store.3 doc/man/man3/SSL_CTX_set_cert_verify_callback.3 doc/man/man3/SSL_CTX_set_cipher_list.3 doc/man/man3/SSL_CTX_set_client_cert_cb.3 doc/man/man3/SSL_CTX_set_client_hello_cb.3 doc/man/man3/SSL_CTX_set_ct_validation_callback.3 doc/man/man3/SSL_CTX_set_ctlog_list_file.3 doc/man/man3/SSL_CTX_set_default_passwd_cb.3 doc/man/man3/SSL_CTX_set_domain_flags.3 doc/man/man3/SSL_CTX_set_generate_session_id.3 doc/man/man3/SSL_CTX_set_info_callback.3 doc/man/man3/SSL_CTX_set_keylog_callback.3 doc/man/man3/SSL_CTX_set_max_cert_list.3 doc/man/man3/SSL_CTX_set_min_proto_version.3 doc/man/man3/SSL_CTX_set_mode.3 doc/man/man3/SSL_CTX_set_msg_callback.3 doc/man/man3/SSL_CTX_set_new_pending_conn_cb.3 doc/man/man3/SSL_CTX_set_num_tickets.3 doc/man/man3/SSL_CTX_set_options.3 doc/man/man3/SSL_CTX_set_psk_client_callback.3 doc/man/man3/SSL_CTX_set_quiet_shutdown.3 doc/man/man3/SSL_CTX_set_read_ahead.3 doc/man/man3/SSL_CTX_set_record_padding_callback.3 doc/man/man3/SSL_CTX_set_security_level.3 doc/man/man3/SSL_CTX_set_session_cache_mode.3 doc/man/man3/SSL_CTX_set_session_id_context.3 doc/man/man3/SSL_CTX_set_session_ticket_cb.3 doc/man/man3/SSL_CTX_set_split_send_fragment.3 doc/man/man3/SSL_CTX_set_srp_password.3 doc/man/man3/SSL_CTX_set_ssl_version.3 doc/man/man3/SSL_CTX_set_stateless_cookie_generate_cb.3 doc/man/man3/SSL_CTX_set_timeout.3 doc/man/man3/SSL_CTX_set_tlsext_servername_callback.3 doc/man/man3/SSL_CTX_set_tlsext_status_cb.3 doc/man/man3/SSL_CTX_set_tlsext_ticket_key_cb.3 doc/man/man3/SSL_CTX_set_tlsext_use_srtp.3 doc/man/man3/SSL_CTX_set_tmp_dh_callback.3 doc/man/man3/SSL_CTX_set_tmp_ecdh.3 doc/man/man3/SSL_CTX_set_verify.3 doc/man/man3/SSL_CTX_use_certificate.3 doc/man/man3/SSL_CTX_use_psk_identity_hint.3 doc/man/man3/SSL_CTX_use_serverinfo.3 doc/man/man3/SSL_SESSION_free.3 doc/man/man3/SSL_SESSION_get0_cipher.3 doc/man/man3/SSL_SESSION_get0_hostname.3 doc/man/man3/SSL_SESSION_get0_id_context.3 doc/man/man3/SSL_SESSION_get0_peer.3 doc/man/man3/SSL_SESSION_get_compress_id.3 doc/man/man3/SSL_SESSION_get_protocol_version.3 doc/man/man3/SSL_SESSION_get_time.3 doc/man/man3/SSL_SESSION_has_ticket.3 doc/man/man3/SSL_SESSION_is_resumable.3 doc/man/man3/SSL_SESSION_print.3 doc/man/man3/SSL_SESSION_set1_id.3 doc/man/man3/SSL_accept.3 doc/man/man3/SSL_accept_stream.3 doc/man/man3/SSL_alert_type_string.3 doc/man/man3/SSL_alloc_buffers.3 doc/man/man3/SSL_check_chain.3 doc/man/man3/SSL_clear.3 doc/man/man3/SSL_connect.3 doc/man/man3/SSL_do_handshake.3 doc/man/man3/SSL_export_keying_material.3 doc/man/man3/SSL_extension_supported.3 doc/man/man3/SSL_free.3 doc/man/man3/SSL_get0_connection.3 doc/man/man3/SSL_get0_group_name.3 doc/man/man3/SSL_get0_peer_rpk.3 doc/man/man3/SSL_get0_peer_scts.3 doc/man/man3/SSL_get1_builtin_sigalgs.3 doc/man/man3/SSL_get_SSL_CTX.3 doc/man/man3/SSL_get_all_async_fds.3 doc/man/man3/SSL_get_certificate.3 doc/man/man3/SSL_get_ciphers.3 doc/man/man3/SSL_get_client_random.3 doc/man/man3/SSL_get_conn_close_info.3 doc/man/man3/SSL_get_current_cipher.3 doc/man/man3/SSL_get_default_timeout.3 doc/man/man3/SSL_get_error.3 doc/man/man3/SSL_get_event_timeout.3 doc/man/man3/SSL_get_extms_support.3 doc/man/man3/SSL_get_fd.3 doc/man/man3/SSL_get_handshake_rtt.3 doc/man/man3/SSL_get_peer_cert_chain.3 doc/man/man3/SSL_get_peer_certificate.3 doc/man/man3/SSL_get_peer_signature_nid.3 doc/man/man3/SSL_get_peer_tmp_key.3 doc/man/man3/SSL_get_psk_identity.3 doc/man/man3/SSL_get_rbio.3 doc/man/man3/SSL_get_rpoll_descriptor.3 doc/man/man3/SSL_get_session.3 doc/man/man3/SSL_get_shared_sigalgs.3 doc/man/man3/SSL_get_stream_id.3 doc/man/man3/SSL_get_stream_read_state.3 doc/man/man3/SSL_get_value_uint.3 doc/man/man3/SSL_get_verify_result.3 doc/man/man3/SSL_get_version.3 doc/man/man3/SSL_group_to_name.3 doc/man/man3/SSL_handle_events.3 doc/man/man3/SSL_in_init.3 doc/man/man3/SSL_inject_net_dgram.3 doc/man/man3/SSL_key_update.3 doc/man/man3/SSL_library_init.3 doc/man/man3/SSL_load_client_CA_file.3 doc/man/man3/SSL_new.3 doc/man/man3/SSL_new_domain.3 doc/man/man3/SSL_new_listener.3 doc/man/man3/SSL_new_stream.3 doc/man/man3/SSL_pending.3 doc/man/man3/SSL_poll.3 doc/man/man3/SSL_read.3 doc/man/man3/SSL_read_early_data.3 doc/man/man3/SSL_rstate_string.3 doc/man/man3/SSL_session_reused.3 doc/man/man3/SSL_set1_host.3 doc/man/man3/SSL_set1_initial_peer_addr.3 doc/man/man3/SSL_set1_server_cert_type.3 doc/man/man3/SSL_set_async_callback.3 doc/man/man3/SSL_set_bio.3 doc/man/man3/SSL_set_blocking_mode.3 doc/man/man3/SSL_set_connect_state.3 doc/man/man3/SSL_set_default_stream_mode.3 doc/man/man3/SSL_set_fd.3 doc/man/man3/SSL_set_incoming_stream_policy.3 doc/man/man3/SSL_set_quic_tls_cbs.3 doc/man/man3/SSL_set_retry_verify.3 doc/man/man3/SSL_set_session.3 doc/man/man3/SSL_set_session_secret_cb.3 doc/man/man3/SSL_set_shutdown.3 doc/man/man3/SSL_set_verify_result.3 doc/man/man3/SSL_shutdown.3 doc/man/man3/SSL_state_string.3 doc/man/man3/SSL_stream_conclude.3 doc/man/man3/SSL_stream_reset.3 doc/man/man3/SSL_want.3 doc/man/man3/SSL_write.3 doc/man/man3/TS_RESP_CTX_new.3 doc/man/man3/TS_VERIFY_CTX.3 doc/man/man3/UI_STRING.3 doc/man/man3/UI_UTIL_read_pw.3 doc/man/man3/UI_create_method.3 doc/man/man3/UI_new.3 doc/man/man3/X509V3_get_d2i.3 doc/man/man3/X509V3_set_ctx.3 doc/man/man3/X509_ACERT_add1_attr.3 doc/man/man3/X509_ACERT_add_attr_nconf.3 doc/man/man3/X509_ACERT_get0_holder_baseCertId.3 doc/man/man3/X509_ACERT_get_attr.3 doc/man/man3/X509_ACERT_print_ex.3 doc/man/man3/X509_ALGOR_dup.3 doc/man/man3/X509_ATTRIBUTE.3 doc/man/man3/X509_CRL_get0_by_serial.3 doc/man/man3/X509_EXTENSION_set_object.3 doc/man/man3/X509_LOOKUP.3 doc/man/man3/X509_LOOKUP_hash_dir.3 doc/man/man3/X509_LOOKUP_meth_new.3 doc/man/man3/X509_NAME_ENTRY_get_object.3 doc/man/man3/X509_NAME_add_entry_by_txt.3 doc/man/man3/X509_NAME_get0_der.3 doc/man/man3/X509_NAME_get_index_by_NID.3 doc/man/man3/X509_NAME_print_ex.3 doc/man/man3/X509_PUBKEY_new.3 doc/man/man3/X509_REQ_get_attr.3 doc/man/man3/X509_REQ_get_extensions.3 doc/man/man3/X509_SIG_get0.3 doc/man/man3/X509_STORE_CTX_get_by_subject.3 doc/man/man3/X509_STORE_CTX_get_error.3 doc/man/man3/X509_STORE_CTX_new.3 doc/man/man3/X509_STORE_CTX_set_verify_cb.3 doc/man/man3/X509_STORE_add_cert.3 doc/man/man3/X509_STORE_get0_param.3 doc/man/man3/X509_STORE_new.3 doc/man/man3/X509_STORE_set_verify_cb_func.3 doc/man/man3/X509_VERIFY_PARAM_set_flags.3 doc/man/man3/X509_add_cert.3 doc/man/man3/X509_check_ca.3 doc/man/man3/X509_check_host.3 doc/man/man3/X509_check_issued.3 doc/man/man3/X509_check_private_key.3 doc/man/man3/X509_check_purpose.3 doc/man/man3/X509_cmp.3 doc/man/man3/X509_cmp_time.3 doc/man/man3/X509_digest.3 doc/man/man3/X509_dup.3 doc/man/man3/X509_get0_distinguishing_id.3 doc/man/man3/X509_get0_notBefore.3 doc/man/man3/X509_get0_signature.3 doc/man/man3/X509_get0_uids.3 doc/man/man3/X509_get_default_cert_file.3 doc/man/man3/X509_get_extension_flags.3 doc/man/man3/X509_get_pubkey.3 doc/man/man3/X509_get_serialNumber.3 doc/man/man3/X509_get_subject_name.3 doc/man/man3/X509_get_version.3 doc/man/man3/X509_load_http.3 doc/man/man3/X509_new.3 doc/man/man3/X509_sign.3 doc/man/man3/X509_verify.3 doc/man/man3/X509_verify_cert.3 doc/man/man3/X509v3_get_ext_by_NID.3 doc/man/man3/b2i_PVK_bio_ex.3 doc/man/man3/d2i_PKCS8PrivateKey_bio.3 doc/man/man3/d2i_PrivateKey.3 doc/man/man3/d2i_RSAPrivateKey.3 doc/man/man3/d2i_SSL_SESSION.3 doc/man/man3/d2i_X509.3 doc/man/man3/i2d_CMS_bio_stream.3 doc/man/man3/i2d_PKCS7_bio_stream.3 doc/man/man3/i2d_re_X509_tbs.3 doc/man/man3/o2i_SCT_LIST.3 doc/man/man3/s2i_ASN1_IA5STRING.3
rm -f doc/man/man5/config.5 doc/man/man5/fips_config.5 doc/man/man5/x509v3_config.5
rm -f doc/man/man7/EVP_ASYM_CIPHER-RSA.7 doc/man/man7/EVP_ASYM_CIPHER-SM2.7 doc/man/man7/EVP_CIPHER-AES.7 doc/man/man7/EVP_CIPHER-ARIA.7 doc/man/man7/EVP_CIPHER-BLOWFISH.7 doc/man/man7/EVP_CIPHER-CAMELLIA.7 doc/man/man7/EVP_CIPHER-CAST.7 doc/man/man7/EVP_CIPHER-CHACHA.7 doc/man/man7/EVP_CIPHER-DES.7 doc/man/man7/EVP_CIPHER-IDEA.7 doc/man/man7/EVP_CIPHER-NULL.7 doc/man/man7/EVP_CIPHER-RC2.7 doc/man/man7/EVP_CIPHER-RC4.7 doc/man/man7/EVP_CIPHER-RC5.7 doc/man/man7/EVP_CIPHER-SEED.7 doc/man/man7/EVP_CIPHER-SM4.7 doc/man/man7/EVP_KDF-ARGON2.7 doc/man/man7/EVP_KDF-HKDF.7 doc/man/man7/EVP_KDF-HMAC-DRBG.7 doc/man/man7/EVP_KDF-KB.7 doc/man/man7/EVP_KDF-KRB5KDF.7 doc/man/man7/EVP_KDF-PBKDF1.7 doc/man/man7/EVP_KDF-PBKDF2.7 doc/man/man7/EVP_KDF-PKCS12KDF.7 doc/man/man7/EVP_KDF-PVKKDF.7 doc/man/man7/EVP_KDF-SCRYPT.7 doc/man/man7/EVP_KDF-SS.7 doc/man/man7/EVP_KDF-SSHKDF.7 doc/man/man7/EVP_KDF-TLS13_KDF.7 doc/man/man7/EVP_KDF-TLS1_PRF.7 doc/man/man7/EVP_KDF-X942-ASN1.7 doc/man/man7/EVP_KDF-X942-CONCAT.7 doc/man/man7/EVP_KDF-X963.7 doc/man/man7/EVP_KEM-EC.7 doc/man/man7/EVP_KEM-ML-KEM.7 doc/man/man7/EVP_KEM-RSA.7 doc/man/man7/EVP_KEM-X25519.7 doc/man/man7/EVP_KEYEXCH-DH.7 doc/man/man7/EVP_KEYEXCH-ECDH.7 doc/man/man7/EVP_KEYEXCH-X25519.7 doc/man/man7/EVP_MAC-BLAKE2.7 doc/man/man7/EVP_MAC-CMAC.7 doc/man/man7/EVP_MAC-GMAC.7 doc/man/man7/EVP_MAC-HMAC.7 doc/man/man7/EVP_MAC-KMAC.7 doc/man/man7/EVP_MAC-Poly1305.7 doc/man/man7/EVP_MAC-Siphash.7 doc/man/man7/EVP_MD-BLAKE2.7 doc/man/man7/EVP_MD-KECCAK.7 doc/man/man7/EVP_MD-MD2.7 doc/man/man7/EVP_MD-MD4.7 doc/man/man7/EVP_MD-MD5-SHA1.7 doc/man/man7/EVP_MD-MD5.7 doc/man/man7/EVP_MD-MDC2.7 doc/man/man7/EVP_MD-NULL.7 doc/man/man7/EVP_MD-RIPEMD160.7 doc/man/man7/EVP_MD-SHA1.7 doc/man/man7/EVP_MD-SHA2.7 doc/man/man7/EVP_MD-SHA3.7 doc/man/man7/EVP_MD-SHAKE.7 doc/man/man7/EVP_MD-SM3.7 doc/man/man7/EVP_MD-WHIRLPOOL.7 doc/man/man7/EVP_MD-common.7 doc/man/man7/EVP_PKEY-DH.7 doc/man/man7/EVP_PKEY-DSA.7 doc/man/man7/EVP_PKEY-EC.7 doc/man/man7/EVP_PKEY-FFC.7 doc/man/man7/EVP_PKEY-HMAC.7 doc/man/man7/EVP_PKEY-ML-DSA.7 doc/man/man7/EVP_PKEY-ML-KEM.7 doc/man/man7/EVP_PKEY-RSA.7 doc/man/man7/EVP_PKEY-SLH-DSA.7 doc/man/man7/EVP_PKEY-SM2.7 doc/man/man7/EVP_PKEY-X25519.7 doc/man/man7/EVP_RAND-CRNG-TEST.7 doc/man/man7/EVP_RAND-CTR-DRBG.7 doc/man/man7/EVP_RAND-HASH-DRBG.7 doc/man/man7/EVP_RAND-HMAC-DRBG.7 doc/man/man7/EVP_RAND-JITTER.7 doc/man/man7/EVP_RAND-SEED-SRC.7 doc/man/man7/EVP_RAND-TEST-RAND.7 doc/man/man7/EVP_RAND.7 doc/man/man7/EVP_SIGNATURE-DSA.7 doc/man/man7/EVP_SIGNATURE-ECDSA.7 doc/man/man7/EVP_SIGNATURE-ED25519.7 doc/man/man7/EVP_SIGNATURE-HMAC.7 doc/man/man7/EVP_SIGNATURE-ML-DSA.7 doc/man/man7/EVP_SIGNATURE-RSA.7 doc/man/man7/EVP_SIGNATURE-SLH-DSA.7 doc/man/man7/OSSL_PROVIDER-FIPS.7 doc/man/man7/OSSL_PROVIDER-base.7 doc/man/man7/OSSL_PROVIDER-default.7 doc/man/man7/OSSL_PROVIDER-legacy.7 doc/man/man7/OSSL_PROVIDER-null.7 doc/man/man7/OSSL_STORE-winstore.7 doc/man/man7/RAND.7 doc/man/man7/RSA-PSS.7 doc/man/man7/X25519.7 doc/man/man7/bio.7 doc/man/man7/ct.7 doc/man/man7/des_modes.7 doc/man/man7/evp.7 doc/man/man7/fips_module.7 doc/man/man7/life_cycle-cipher.7 doc/man/man7/life_cycle-digest.7 doc/man/man7/life_cycle-kdf.7 doc/man/man7/life_cycle-mac.7 doc/man/man7/life_cycle-pkey.7 doc/man/man7/life_cycle-rand.7 doc/man/man7/openssl-core.h.7 doc/man/man7/openssl-core_dispatch.h.7 doc/man/man7/openssl-core_names.h.7 doc/man/man7/openssl-env.7 doc/man/man7/openssl-glossary.7 doc/man/man7/openssl-qlog.7 doc/man/man7/openssl-quic-concurrency.7 doc/man/man7/openssl-quic.7 doc/man/man7/openssl-threads.7 doc/man/man7/openssl_user_macros.7 doc/man/man7/ossl-guide-introduction.7 doc/man/man7/ossl-guide-libcrypto-introduction.7 doc/man/man7/ossl-guide-libraries-introduction.7 doc/man/man7/ossl-guide-libssl-introduction.7 doc/man/man7/ossl-guide-migration.7 doc/man/man7/ossl-guide-quic-client-block.7 doc/man/man7/ossl-guide-quic-client-non-block.7 doc/man/man7/ossl-guide-quic-introduction.7 doc/man/man7/ossl-guide-quic-multi-stream.7 doc/man/man7/ossl-guide-quic-server-block.7 doc/man/man7/ossl-guide-quic-server-non-block.7 doc/man/man7/ossl-guide-tls-client-block.7 doc/man/man7/ossl-guide-tls-client-non-block.7 doc/man/man7/ossl-guide-tls-introduction.7 doc/man/man7/ossl-guide-tls-server-block.7 doc/man/man7/ossl_store-file.7 doc/man/man7/ossl_store.7 doc/man/man7/passphrase-encoding.7 doc/man/man7/property.7 doc/man/man7/provider-asym_cipher.7 doc/man/man7/provider-base.7 doc/man/man7/provider-cipher.7 doc/man/man7/provider-decoder.7 doc/man/man7/provider-digest.7 doc/man/man7/provider-encoder.7 doc/man/man7/provider-kdf.7 doc/man/man7/provider-kem.7 doc/man/man7/provider-keyexch.7 doc/man/man7/provider-keymgmt.7 doc/man/man7/provider-mac.7 doc/man/man7/provider-object.7 doc/man/man7/provider-rand.7 doc/man/man7/provider-signature.7 doc/man/man7/provider-skeymgmt.7 doc/man/man7/provider-storemgmt.7 doc/man/man7/provider.7 doc/man/man7/proxy-certificates.7 doc/man/man7/x509.7
rm -f apps/openssl fuzz/acert-test fuzz/asn1-test fuzz/asn1parse-test fuzz/bignum-test fuzz/bndiv-test fuzz/client-test fuzz/cmp-test fuzz/cms-test fuzz/conf-test fuzz/crl-test fuzz/ct-test fuzz/decoder-test fuzz/dtlsclient-test fuzz/dtlsserver-test fuzz/hashtable-test fuzz/ml-dsa-test fuzz/ml-kem-test fuzz/pem-test fuzz/provider-test fuzz/punycode-test fuzz/quic-client-test fuzz/quic-lcidm-test fuzz/quic-rcidm-test fuzz/quic-server-test fuzz/quic-srtm-test fuzz/server-test fuzz/slh-dsa-test fuzz/smime-test fuzz/v3name-test fuzz/x509-test test/aborttest test/aesgcmtest test/afalgtest test/algorithmid_test test/asn1_decode_test test/asn1_dsa_internal_test test/asn1_encode_test test/asn1_internal_test test/asn1_stable_parse_test test/asn1_string_table_test test/asn1_time_test test/asynciotest test/asynctest test/bad_dtls_test test/bftest test/bio_addr_test test/bio_base64_test test/bio_callback_test test/bio_core_test test/bio_dgram_test test/bio_enc_test test/bio_memleak_test test/bio_meth_test test/bio_prefix_text test/bio_pw_callback_test test/bio_readbuffer_test test/bio_tfo_test test/bioprinttest test/bn_internal_test test/bntest test/build_wincrypt_test test/buildtest_c_aes test/buildtest_c_async test/buildtest_c_blowfish test/buildtest_c_bn test/buildtest_c_buffer test/buildtest_c_byteorder test/buildtest_c_camellia test/buildtest_c_cast test/buildtest_c_cmac test/buildtest_c_cmp_util test/buildtest_c_conf_api test/buildtest_c_configuration test/buildtest_c_conftypes test/buildtest_c_core test/buildtest_c_core_dispatch test/buildtest_c_core_object test/buildtest_c_cryptoerr_legacy test/buildtest_c_decoder test/buildtest_c_des test/buildtest_c_dh test/buildtest_c_dsa test/buildtest_c_dtls1 test/buildtest_c_e_os2 test/buildtest_c_e_ostime test/buildtest_c_ebcdic test/buildtest_c_ec test/buildtest_c_ecdh test/buildtest_c_ecdsa test/buildtest_c_encoder test/buildtest_c_engine test/buildtest_c_evp test/buildtest_c_fips_names test/buildtest_c_hmac test/buildtest_c_hpke test/buildtest_c_http test/buildtest_c_idea test/buildtest_c_indicator test/buildtest_c_kdf test/buildtest_c_macros test/buildtest_c_md4 test/buildtest_c_md5 test/buildtest_c_mdc2 test/buildtest_c_ml_kem test/buildtest_c_modes test/buildtest_c_obj_mac test/buildtest_c_objects test/buildtest_c_ossl_typ test/buildtest_c_param_build test/buildtest_c_params test/buildtest_c_pem test/buildtest_c_pem2 test/buildtest_c_prov_ssl test/buildtest_c_provider test/buildtest_c_quic test/buildtest_c_rand test/buildtest_c_rc2 test/buildtest_c_rc4 test/buildtest_c_ripemd test/buildtest_c_rsa test/buildtest_c_seed test/buildtest_c_self_test test/buildtest_c_sha test/buildtest_c_srtp test/buildtest_c_ssl2 test/buildtest_c_sslerr_legacy test/buildtest_c_stack test/buildtest_c_store test/buildtest_c_symhacks test/buildtest_c_thread test/buildtest_c_tls1 test/buildtest_c_ts test/buildtest_c_txt_db test/buildtest_c_types test/buildtest_c_whrlpool test/byteorder_test test/ca_internals_test test/casttest test/chacha_internal_test test/cipher_overhead_test test/cipherbytes_test test/cipherlist_test test/ciphername_test test/clienthellotest test/cmactest test/cmp_asn_test test/cmp_client_test test/cmp_ctx_test test/cmp_hdr_test test/cmp_msg_test test/cmp_protect_test test/cmp_server_test test/cmp_status_test test/cmp_vfy_test test/cmsapitest test/conf_include_test test/confdump test/constant_time_test test/context_internal_test test/crltest test/ct_test test/ctype_internal_test test/curve448_internal_test test/d2i_test test/danetest test/decoder_propq_test test/defltfips_test test/destest test/dhtest test/drbgtest test/dsa_no_digest_size_test test/dsatest test/dtls_mtu_test test/dtlstest test/dtlsv1listentest test/ec_internal_test test/ecdsatest test/ecstresstest test/ectest test/endecode_test test/endecoder_legacy_test test/enginetest test/errtest test/evp_byname_test test/evp_extra_test test/evp_extra_test2 test/evp_fetch_prov_test test/evp_kdf_test test/evp_libctx_test test/evp_pkey_ctx_new_from_name test/evp_pkey_dhkem_test test/evp_pkey_dparams_test test/evp_pkey_provided_test test/evp_skey_test test/evp_test test/evp_xof_test test/exdatatest test/exptest test/ext_internal_test test/fatalerrtest test/ffc_internal_test test/fips_version_test test/gmdifftest test/hexstr_test test/hmactest test/hpke_test test/http_test test/ideatest test/igetest test/json_test test/keymgmt_internal_test test/lhash_test test/list_test test/localetest test/mdc2_internal_test test/mdc2test test/membio_test test/memleaktest test/ml_dsa_test test/ml_kem_evp_extra_test test/ml_kem_internal_test test/modes_internal_test test/moduleloadtest test/namemap_internal_test test/nodefltctxtest test/ocspapitest test/ossl_store_test test/packettest test/pairwise_fail_test test/param_build_test test/params_api_test test/params_conversion_test test/params_test test/pbelutest test/pbetest test/pem_read_depr_test test/pemtest test/pkcs12_api_test test/pkcs12_format_test test/pkcs7_test test/pkey_meth_kdf_test test/pkey_meth_test test/poly1305_internal_test test/priority_queue_test test/property_test test/prov_config_test test/provfetchtest test/provider_default_search_path_test test/provider_fallback_test test/provider_internal_test test/provider_pkey_test test/provider_status_test test/provider_test test/punycode_test test/quic_ackm_test test/quic_cc_test test/quic_cfq_test test/quic_client_test test/quic_fc_test test/quic_fifd_test test/quic_lcidm_test test/quic_multistream_test test/quic_newcid_test test/quic_qlog_test test/quic_radix_test test/quic_rcidm_test test/quic_record_test test/quic_srt_gen_test test/quic_srtm_test test/quic_stream_test test/quic_tserver_test test/quic_txp_test test/quic_txpim_test test/quic_wire_test test/quicapitest test/quicfaultstest test/rand_status_test test/rand_test test/rc2test test/rc4test test/rc5test test/rdcpu_sanitytest test/recordlentest test/rpktest test/rsa_complex test/rsa_mp_test test/rsa_sp800_56b_test test/rsa_test test/rsa_x931_test test/safe_math_test test/sanitytest test/secmemtest test/servername_test test/sha_test test/shlibloadtest test/siphash_internal_test test/slh_dsa_test test/sm2_internal_test test/sm3_internal_test test/sm4_internal_test test/sparse_array_test test/srptest test/ssl_cert_table_internal_test test/ssl_ctx_test test/ssl_handshake_rtt_test test/ssl_old_test test/ssl_test test/ssl_test_ctx_test test/sslapitest test/sslbuffertest test/sslcorrupttest test/stack_test test/strtoultest test/sysdefaulttest test/test_base64_simdutf test/test_test test/threadpool_test test/threadstest test/threadstest_fips test/time_offset_test test/time_test test/timing_load_creds test/tls13ccstest test/tls13encryptiontest test/tls13groupselection_test test/tls13secretstest test/trace_api_test test/uitest test/upcallstest test/user_property_test test/v3ext test/v3nametest test/verify_extra_test test/versions test/wpackettest test/x509_acert_test test/x509_check_cert_pkey_test test/x509_dup_cert_test test/x509_internal_test test/x509_load_cert_file_test test/x509_req_test test/x509_test test/x509_time_test test/x509aux  engines/afalg.so engines/capi.so engines/dasync.so engines/loader_attic.so engines/ossltest.so engines/padlock.so providers/legacy.so test/p_minimal.so test/p_test.so  apps/CA.pl apps/tsget.pl tools/c_rehash util/shlib_wrap.sh util/wrap.pl
rm -f OpenSSLConfigVersion.cmake exporters/OpenSSLConfigVersion.cmake exporters/openssl.pc include/crypto/bn_conf.h include/crypto/dso_conf.h include/internal/param_names.h include/openssl/asn1.h include/openssl/asn1t.h include/openssl/bio.h include/openssl/cmp.h include/openssl/cms.h include/openssl/comp.h include/openssl/conf.h include/openssl/core_names.h include/openssl/crmf.h include/openssl/crypto.h include/openssl/ct.h include/openssl/err.h include/openssl/ess.h include/openssl/fipskey.h include/openssl/lhash.h include/openssl/ocsp.h include/openssl/opensslv.h include/openssl/pkcs12.h include/openssl/pkcs7.h include/openssl/safestack.h include/openssl/srp.h include/openssl/ssl.h include/openssl/ui.h include/openssl/x509.h include/openssl/x509_acert.h include/openssl/x509_vfy.h include/openssl/x509v3.h openssl.pc providers/implementations/ciphers/cipher_chacha20_poly1305.c providers/implementations/ciphers/ciphercommon.c providers/implementations/keymgmt/ml_dsa_kmgmt.c providers/implementations/keymgmt/ml_kem_kmgmt.c test/provider_internal_test.cnf OpenSSLConfig.cmake apps/CA.pl apps/progs.c apps/progs.h apps/tsget.pl builddata.pm crypto/aes/aes-x86_64.s crypto/aes/aesni-mb-x86_64.s crypto/aes/aesni-sha1-x86_64.s crypto/aes/aesni-sha256-x86_64.s crypto/aes/aesni-x86_64.s crypto/aes/aesni-xts-avx512.s crypto/aes/bsaes-x86_64.s crypto/aes/vpaes-x86_64.s crypto/bn/rsaz-2k-avx512.s crypto/bn/rsaz-2k-avxifma.s crypto/bn/rsaz-3k-avx512.s crypto/bn/rsaz-3k-avxifma.s crypto/bn/rsaz-4k-avx512.s crypto/bn/rsaz-4k-avxifma.s crypto/bn/rsaz-avx2.s crypto/bn/rsaz-x86_64.s crypto/bn/x86_64-gf2m.s crypto/bn/x86_64-mont.s crypto/bn/x86_64-mont5.s crypto/buildinf.h crypto/camellia/cmll-x86_64.s crypto/chacha/chacha-x86_64.s crypto/ec/ecp_nistz256-x86_64.s crypto/ec/x25519-x86_64.s crypto/md5/md5-x86_64.s crypto/modes/aes-gcm-avx512.s crypto/modes/aesni-gcm-x86_64.s crypto/modes/ghash-x86_64.s crypto/poly1305/poly1305-x86_64.s crypto/rc4/rc4-md5-x86_64.s crypto/rc4/rc4-x86_64.s crypto/sha/keccak1600-x86_64.s crypto/sha/sha1-mb-x86_64.s crypto/sha/sha1-x86_64.s crypto/sha/sha256-mb-x86_64.s crypto/sha/sha256-x86_64.s crypto/sha/sha512-x86_64.s crypto/sm3/sm3-x86_64.S crypto/sm4/sm4-x86_64.S crypto/whrlpool/wp-x86_64.s crypto/x86_64cpuid.s doc/man1/openssl-asn1parse.pod doc/man1/openssl-ca.pod doc/man1/openssl-ciphers.pod doc/man1/openssl-cmds.pod doc/man1/openssl-cmp.pod doc/man1/openssl-cms.pod doc/man1/openssl-configutl.pod doc/man1/openssl-crl.pod doc/man1/openssl-crl2pkcs7.pod doc/man1/openssl-dgst.pod doc/man1/openssl-dhparam.pod doc/man1/openssl-dsa.pod doc/man1/openssl-dsaparam.pod doc/man1/openssl-ec.pod doc/man1/openssl-ecparam.pod doc/man1/openssl-enc.pod doc/man1/openssl-engine.pod doc/man1/openssl-errstr.pod doc/man1/openssl-fipsinstall.pod doc/man1/openssl-gendsa.pod doc/man1/openssl-genpkey.pod doc/man1/openssl-genrsa.pod doc/man1/openssl-info.pod doc/man1/openssl-kdf.pod doc/man1/openssl-list.pod doc/man1/openssl-mac.pod doc/man1/openssl-nseq.pod doc/man1/openssl-ocsp.pod doc/man1/openssl-passwd.pod doc/man1/openssl-pkcs12.pod doc/man1/openssl-pkcs7.pod doc/man1/openssl-pkcs8.pod doc/man1/openssl-pkey.pod doc/man1/openssl-pkeyparam.pod doc/man1/openssl-pkeyutl.pod doc/man1/openssl-prime.pod doc/man1/openssl-rand.pod doc/man1/openssl-rehash.pod doc/man1/openssl-req.pod doc/man1/openssl-rsa.pod doc/man1/openssl-rsautl.pod doc/man1/openssl-s_client.pod doc/man1/openssl-s_server.pod doc/man1/openssl-s_time.pod doc/man1/openssl-sess_id.pod doc/man1/openssl-skeyutl.pod doc/man1/openssl-smime.pod doc/man1/openssl-speed.pod doc/man1/openssl-spkac.pod doc/man1/openssl-srp.pod doc/man1/openssl-storeutl.pod doc/man1/openssl-ts.pod doc/man1/openssl-verify.pod doc/man1/openssl-version.pod doc/man1/openssl-x509.pod doc/man7/openssl_user_macros.pod engines/afalg.ld engines/capi.ld engines/dasync.ld engines/e_padlock-x86_64.s engines/loader_attic.ld engines/ossltest.ld engines/padlock.ld exporters/OpenSSLConfig.cmake exporters/libcrypto.pc exporters/libssl.pc installdata.pm libcrypto.ld libcrypto.pc libssl.ld libssl.pc providers/common/der/der_digests_gen.c providers/common/der/der_dsa_gen.c providers/common/der/der_ec_gen.c providers/common/der/der_ecx_gen.c providers/common/der/der_ml_dsa_gen.c providers/common/der/der_rsa_gen.c providers/common/der/der_slh_dsa_gen.c providers/common/der/der_sm2_gen.c providers/common/der/der_wrap_gen.c providers/common/include/prov/der_digests.h providers/common/include/prov/der_dsa.h providers/common/include/prov/der_ec.h providers/common/include/prov/der_ecx.h providers/common/include/prov/der_ml_dsa.h providers/common/include/prov/der_rsa.h providers/common/include/prov/der_slh_dsa.h providers/common/include/prov/der_sm2.h providers/common/include/prov/der_wrap.h providers/implementations/ciphers/cipher_chacha20_poly1305.c providers/implementations/ciphers/ciphercommon.c providers/implementations/keymgmt/ml_dsa_kmgmt.c providers/implementations/keymgmt/ml_kem_kmgmt.c providers/legacy.ld test/buildtest_aes.c test/buildtest_async.c test/buildtest_blowfish.c test/buildtest_bn.c test/buildtest_buffer.c test/buildtest_byteorder.c test/buildtest_camellia.c test/buildtest_cast.c test/buildtest_cmac.c test/buildtest_cmp_util.c test/buildtest_conf_api.c test/buildtest_configuration.c test/buildtest_conftypes.c test/buildtest_core.c test/buildtest_core_dispatch.c test/buildtest_core_object.c test/buildtest_cryptoerr_legacy.c test/buildtest_decoder.c test/buildtest_des.c test/buildtest_dh.c test/buildtest_dsa.c test/buildtest_dtls1.c test/buildtest_e_os2.c test/buildtest_e_ostime.c test/buildtest_ebcdic.c test/buildtest_ec.c test/buildtest_ecdh.c test/buildtest_ecdsa.c test/buildtest_encoder.c test/buildtest_engine.c test/buildtest_evp.c test/buildtest_fips_names.c test/buildtest_hmac.c test/buildtest_hpke.c test/buildtest_http.c test/buildtest_idea.c test/buildtest_indicator.c test/buildtest_kdf.c test/buildtest_macros.c test/buildtest_md4.c test/buildtest_md5.c test/buildtest_mdc2.c test/buildtest_ml_kem.c test/buildtest_modes.c test/buildtest_obj_mac.c test/buildtest_objects.c test/buildtest_ossl_typ.c test/buildtest_param_build.c test/buildtest_params.c test/buildtest_pem.c test/buildtest_pem2.c test/buildtest_prov_ssl.c test/buildtest_provider.c test/buildtest_quic.c test/buildtest_rand.c test/buildtest_rc2.c test/buildtest_rc4.c test/buildtest_ripemd.c test/buildtest_rsa.c test/buildtest_seed.c test/buildtest_self_test.c test/buildtest_sha.c test/buildtest_srtp.c test/buildtest_ssl2.c test/buildtest_sslerr_legacy.c test/buildtest_stack.c test/buildtest_store.c test/buildtest_symhacks.c test/buildtest_thread.c test/buildtest_tls1.c test/buildtest_ts.c test/buildtest_txt_db.c test/buildtest_types.c test/buildtest_whrlpool.c test/p_minimal.ld test/p_test.ld tools/c_rehash util/shlib_wrap.sh util/wrap.pl
find . -name '*.d' \! -name '.*' \! -type d -exec rm -f {} \;
find . -name '*.o' \! -name '.*' \! -type d -exec rm -f {} \;
rm -f core
rm -f tags TAGS doc-nits md-nits
rm -f -r test/test-runs
rm -f providers/fips*.new
find . -type l \! -name '.*' -exec rm -f {} \;
🛠️  Configuring and building OpenSSL with Clang and -march=native -mtune=native...
✅ Benchmarks complete at Sat 09 Aug 2025 07:56:41 PM EDT
Results logged to: ./benchmark_results/base64_benchmark_clang_2025-08-09_19-39-30.log
