📝 Logging to ./benchmark_results/base64_benchmark_gcc_2025-10-15_19-43-44.log
📂 Benchmark: Enron email files

======================= Alphabet: STD =======================
-----------------------DISABLE NEWLINES/NO_NL mode---------------------------

 ***** Benchmarking EVP_EncodeUpdate *****:
Benchmark ran 50000 iterations (40000 used after warmup)
Total elapsed (wall):     1.581969 s
CPU cycles (avg):         145260
Instructions (avg):       505812
Instructions per cycle:   3.4821
Instructions per byte:    0.7232
Throughput:              17.68 GB/s
-----------------------PEM mode---------------------------

 ***** Benchmarking EVP_EncodeUpdate *****:
Benchmark ran 50000 iterations (40000 used after warmup)
Total elapsed (wall):     1.820650 s
CPU cycles (avg):         172798
Instructions (avg):       718808
Instructions per cycle:   4.1598
Instructions per byte:    1.0278
Throughput:              15.37 GB/s
-----------------------Custom ctx->lengths mode: 1---------------------------

 ***** Benchmarking EVP_EncodeUpdate *****:
Benchmark ran 50000 iterations (40000 used after warmup)
Total elapsed (wall):     18.725192 s
CPU cycles (avg):         2017999
Instructions (avg):       9795102
Instructions per cycle:   4.8539
Instructions per byte:    14.0054
Throughput:              1.49 GB/s
-----------------------Custom ctx->lengths mode: 2---------------------------

 ***** Benchmarking EVP_EncodeUpdate *****:
Benchmark ran 50000 iterations (40000 used after warmup)
Total elapsed (wall):     29.708929 s
CPU cycles (avg):         3260812
Instructions (avg):       17838113
Instructions per cycle:   5.4705
Instructions per byte:    25.5056
Throughput:              0.94 GB/s
-----------------------Custom ctx->lengths mode: 3---------------------------

 ***** Benchmarking EVP_EncodeUpdate *****:
Benchmark ran 50000 iterations (40000 used after warmup)
Total elapsed (wall):     3.008926 s
CPU cycles (avg):         308753
Instructions (avg):       1171214
Instructions per cycle:   3.7934
Instructions per byte:    1.6746
Throughput:              9.30 GB/s
-----------------------Custom ctx->lengths mode: 4---------------------------

 ***** Benchmarking EVP_EncodeUpdate *****:
Benchmark ran 50000 iterations (40000 used after warmup)
Total elapsed (wall):     21.919124 s
CPU cycles (avg):         2397000
Instructions (avg):       13641910
Instructions per cycle:   5.6912
Instructions per byte:    19.5057
Throughput:              1.28 GB/s
-----------------------Custom ctx->lengths mode: 5---------------------------

 ***** Benchmarking EVP_EncodeUpdate *****:
Benchmark ran 50000 iterations (40000 used after warmup)
Total elapsed (wall):     20.048899 s
CPU cycles (avg):         2205444
Instructions (avg):       12174018
Instructions per cycle:   5.5200
Instructions per byte:    17.4068
Throughput:              1.40 GB/s
-----------------------Custom ctx->lengths mode: 6---------------------------

 ***** Benchmarking EVP_EncodeUpdate *****:
Benchmark ran 50000 iterations (40000 used after warmup)
Total elapsed (wall):     3.473236 s
CPU cycles (avg):         361640
Instructions (avg):       1009028
Instructions per cycle:   2.7901
Instructions per byte:    1.4427
Throughput:              8.05 GB/s
-----------------------Custom ctx->lengths mode: 7---------------------------

 ***** Benchmarking EVP_EncodeUpdate *****:
Benchmark ran 50000 iterations (40000 used after warmup)
Total elapsed (wall):     20.822225 s
CPU cycles (avg):         2272944
Instructions (avg):       12293861
Instructions per cycle:   5.4088
Instructions per byte:    17.5782
Throughput:              1.34 GB/s
-----------------------Custom ctx->lengths mode: 8---------------------------

 ***** Benchmarking EVP_EncodeUpdate *****:
Benchmark ran 50000 iterations (40000 used after warmup)
Total elapsed (wall):     19.769553 s
CPU cycles (avg):         2149804
Instructions (avg):       11543772
Instructions per cycle:   5.3697
Instructions per byte:    16.5057
Throughput:              1.42 GB/s
-----------------------Custom ctx->lengths mode: 9---------------------------

 ***** Benchmarking EVP_EncodeUpdate *****:
Benchmark ran 50000 iterations (40000 used after warmup)
Total elapsed (wall):     5.471519 s
CPU cycles (avg):         576966
Instructions (avg):       2328510
Instructions per cycle:   4.0358
Instructions per byte:    3.3294
Throughput:              5.11 GB/s
-----------------------Custom ctx->lengths mode: 10---------------------------

 ***** Benchmarking EVP_EncodeUpdate *****:
Benchmark ran 50000 iterations (40000 used after warmup)
Total elapsed (wall):     19.157802 s
CPU cycles (avg):         2106086
Instructions (avg):       11754339
Instructions per cycle:   5.5811
Instructions per byte:    16.8068
Throughput:              1.46 GB/s
-----------------------Custom ctx->lengths mode: 11---------------------------

 ***** Benchmarking EVP_EncodeUpdate *****:
Benchmark ran 50000 iterations (40000 used after warmup)
Total elapsed (wall):     19.221333 s
CPU cycles (avg):         2111314
Instructions (avg):       11258645
Instructions per cycle:   5.3325
Instructions per byte:    16.0980
Throughput:              1.46 GB/s
-----------------------Custom ctx->lengths mode: 12---------------------------

 ***** Benchmarking EVP_EncodeUpdate *****:
Benchmark ran 50000 iterations (40000 used after warmup)
Total elapsed (wall):     5.266878 s
CPU cycles (avg):         556395
Instructions (avg):       2528597
Instructions per cycle:   4.5446
Instructions per byte:    3.6155
Throughput:              5.31 GB/s
-----------------------Custom ctx->lengths mode: 13---------------------------

 ***** Benchmarking EVP_EncodeUpdate *****:
Benchmark ran 50000 iterations (40000 used after warmup)
Total elapsed (wall):     18.719521 s
CPU cycles (avg):         2050100
Instructions (avg):       11463800
Instructions per cycle:   5.5918
Instructions per byte:    16.3914
Throughput:              1.49 GB/s
-----------------------Custom ctx->lengths mode: 14---------------------------

 ***** Benchmarking EVP_EncodeUpdate *****:
Benchmark ran 50000 iterations (40000 used after warmup)
Total elapsed (wall):     18.216782 s
CPU cycles (avg):         2000816
Instructions (avg):       11094934
Instructions per cycle:   5.5452
Instructions per byte:    15.8639
Throughput:              1.54 GB/s
-----------------------Custom ctx->lengths mode: 15---------------------------

 ***** Benchmarking EVP_EncodeUpdate *****:
Benchmark ran 50000 iterations (40000 used after warmup)
Total elapsed (wall):     5.625237 s
CPU cycles (avg):         597555
Instructions (avg):       2639834
Instructions per cycle:   4.4177
Instructions per byte:    3.7745
Throughput:              4.97 GB/s
-----------------------Custom ctx->lengths mode: 16---------------------------

 ***** Benchmarking EVP_EncodeUpdate *****:
Benchmark ran 50000 iterations (40000 used after warmup)
Total elapsed (wall):     18.550440 s
CPU cycles (avg):         2028696
Instructions (avg):       11281681
Instructions per cycle:   5.5610
Instructions per byte:    16.1310
Throughput:              1.51 GB/s
-----------------------Custom ctx->lengths mode: 17---------------------------

 ***** Benchmarking EVP_EncodeUpdate *****:
Benchmark ran 50000 iterations (40000 used after warmup)
Total elapsed (wall):     18.119817 s
CPU cycles (avg):         1989657
Instructions (avg):       10989268
Instructions per cycle:   5.5232
Instructions per byte:    15.7128
Throughput:              1.54 GB/s
-----------------------Custom ctx->lengths mode: 18---------------------------

 ***** Benchmarking EVP_EncodeUpdate *****:
Benchmark ran 50000 iterations (40000 used after warmup)
Total elapsed (wall):     5.097435 s
CPU cycles (avg):         537251
Instructions (avg):       2422337
Instructions per cycle:   4.5088
Instructions per byte:    3.4635
Throughput:              5.49 GB/s
-----------------------Custom ctx->lengths mode: 19---------------------------

 ***** Benchmarking EVP_EncodeUpdate *****:
Benchmark ran 50000 iterations (40000 used after warmup)
Total elapsed (wall):     18.323825 s
CPU cycles (avg):         2005238
Instructions (avg):       11158124
Instructions per cycle:   5.5645
Instructions per byte:    15.9543
Throughput:              1.53 GB/s
-----------------------Custom ctx->lengths mode: 20---------------------------

 ***** Benchmarking EVP_EncodeUpdate *****:
Benchmark ran 50000 iterations (40000 used after warmup)
Total elapsed (wall):     18.096640 s
CPU cycles (avg):         1983253
Instructions (avg):       10915102
Instructions per cycle:   5.5036
Instructions per byte:    15.6068
Throughput:              1.55 GB/s
-----------------------Custom ctx->lengths mode: 21---------------------------

 ***** Benchmarking EVP_EncodeUpdate *****:
Benchmark ran 50000 iterations (40000 used after warmup)
Total elapsed (wall):     5.062851 s
CPU cycles (avg):         534362
Instructions (avg):       2367919
Instructions per cycle:   4.4313
Instructions per byte:    3.3857
Throughput:              5.53 GB/s
-----------------------Custom ctx->lengths mode: 22---------------------------

 ***** Benchmarking EVP_EncodeUpdate *****:
Benchmark ran 50000 iterations (40000 used after warmup)
Total elapsed (wall):     18.352721 s
CPU cycles (avg):         2006103
Instructions (avg):       11067844
Instructions per cycle:   5.5171
Instructions per byte:    15.8252
Throughput:              1.52 GB/s
-----------------------Custom ctx->lengths mode: 23---------------------------

 ***** Benchmarking EVP_EncodeUpdate *****:
Benchmark ran 50000 iterations (40000 used after warmup)
Total elapsed (wall):     18.252968 s
CPU cycles (avg):         1993254
Instructions (avg):       10860360
Instructions per cycle:   5.4486
Instructions per byte:    15.5285
Throughput:              1.53 GB/s
-----------------------Custom ctx->lengths mode: 24---------------------------

 ***** Benchmarking EVP_EncodeUpdate *****:
Benchmark ran 50000 iterations (40000 used after warmup)
Total elapsed (wall):     2.357495 s
CPU cycles (avg):         236404
Instructions (avg):       892224
Instructions per cycle:   3.7741
Instructions per byte:    1.2757
Throughput:              11.87 GB/s
-----------------------Custom ctx->lengths mode: 25---------------------------

 ***** Benchmarking EVP_EncodeUpdate *****:
Benchmark ran 50000 iterations (40000 used after warmup)
Total elapsed (wall):     18.064774 s
CPU cycles (avg):         1979696
Instructions (avg):       10999072
Instructions per cycle:   5.5559
Instructions per byte:    15.7269
Throughput:              1.55 GB/s
-----------------------Custom ctx->lengths mode: 26---------------------------

 ***** Benchmarking EVP_EncodeUpdate *****:
Benchmark ran 50000 iterations (40000 used after warmup)
Total elapsed (wall):     17.831274 s
CPU cycles (avg):         1955496
Instructions (avg):       10818253
Instructions per cycle:   5.5322
Instructions per byte:    15.4683
Throughput:              1.57 GB/s
-----------------------Custom ctx->lengths mode: 27---------------------------

 ***** Benchmarking EVP_EncodeUpdate *****:
Benchmark ran 50000 iterations (40000 used after warmup)
Total elapsed (wall):     3.009535 s
CPU cycles (avg):         307947
Instructions (avg):       1467114
Instructions per cycle:   4.7642
Instructions per byte:    2.0977
Throughput:              9.30 GB/s
-----------------------Custom ctx->lengths mode: 28---------------------------

 ***** Benchmarking EVP_EncodeUpdate *****:
Benchmark ran 50000 iterations (40000 used after warmup)
Total elapsed (wall):     17.969637 s
CPU cycles (avg):         1968548
Instructions (avg):       10945029
Instructions per cycle:   5.5599
Instructions per byte:    15.6496
Throughput:              1.56 GB/s
-----------------------Custom ctx->lengths mode: 29---------------------------

 ***** Benchmarking EVP_EncodeUpdate *****:
Benchmark ran 50000 iterations (40000 used after warmup)
Total elapsed (wall):     17.701968 s
CPU cycles (avg):         1942680
Instructions (avg):       10785082
Instructions per cycle:   5.5516
Instructions per byte:    15.4209
Throughput:              1.58 GB/s
-----------------------Custom ctx->lengths mode: 30---------------------------

 ***** Benchmarking EVP_EncodeUpdate *****:
Benchmark ran 50000 iterations (40000 used after warmup)
Total elapsed (wall):     2.696961 s
CPU cycles (avg):         273286
Instructions (avg):       1348610
Instructions per cycle:   4.9348
Instructions per byte:    1.9283
Throughput:              10.37 GB/s
-----------------------Custom ctx->lengths mode: 31---------------------------

 ***** Benchmarking EVP_EncodeUpdate *****:
Benchmark ran 50000 iterations (40000 used after warmup)
Total elapsed (wall):     17.819188 s
CPU cycles (avg):         1954814
Instructions (avg):       10901710
Instructions per cycle:   5.5769
Instructions per byte:    15.5877
Throughput:              1.57 GB/s
-----------------------Custom ctx->lengths mode: 32---------------------------

 ***** Benchmarking EVP_EncodeUpdate *****:
Benchmark ran 50000 iterations (40000 used after warmup)
Total elapsed (wall):     17.619284 s
CPU cycles (avg):         1935577
Instructions (avg):       10757150
Instructions per cycle:   5.5576
Instructions per byte:    15.3810
Throughput:              1.59 GB/s
-----------------------Custom ctx->lengths mode: 33---------------------------

 ***** Benchmarking EVP_EncodeUpdate *****:
Benchmark ran 50000 iterations (40000 used after warmup)
Total elapsed (wall):     2.770593 s
CPU cycles (avg):         281643
Instructions (avg):       1375689
Instructions per cycle:   4.8845
Instructions per byte:    1.9670
Throughput:              10.10 GB/s
-----------------------Custom ctx->lengths mode: 34---------------------------

 ***** Benchmarking EVP_EncodeUpdate *****:
Benchmark ran 50000 iterations (40000 used after warmup)
Total elapsed (wall):     17.783317 s
CPU cycles (avg):         1955406
Instructions (avg):       10865782
Instructions per cycle:   5.5568
Instructions per byte:    15.5363
Throughput:              1.57 GB/s
-----------------------Custom ctx->lengths mode: 35---------------------------

 ***** Benchmarking EVP_EncodeUpdate *****:
Benchmark ran 50000 iterations (40000 used after warmup)
Total elapsed (wall):     17.639850 s
CPU cycles (avg):         1939859
Instructions (avg):       10735366
Instructions per cycle:   5.5341
Instructions per byte:    15.3498
Throughput:              1.59 GB/s
-----------------------Custom ctx->lengths mode: 36---------------------------

 ***** Benchmarking EVP_EncodeUpdate *****:
Benchmark ran 50000 iterations (40000 used after warmup)
Total elapsed (wall):     2.482950 s
CPU cycles (avg):         251195
Instructions (avg):       1174123
Instructions per cycle:   4.6741
Instructions per byte:    1.6788
Throughput:              11.27 GB/s
-----------------------Custom ctx->lengths mode: 37---------------------------

 ***** Benchmarking EVP_EncodeUpdate *****:
Benchmark ran 50000 iterations (40000 used after warmup)
Total elapsed (wall):     17.733118 s
CPU cycles (avg):         1946896
Instructions (avg):       10835847
Instructions per cycle:   5.5657
Instructions per byte:    15.4935
Throughput:              1.58 GB/s
-----------------------Custom ctx->lengths mode: 38---------------------------

 ***** Benchmarking EVP_EncodeUpdate *****:
Benchmark ran 50000 iterations (40000 used after warmup)
Total elapsed (wall):     17.566203 s
CPU cycles (avg):         1929187
Instructions (avg):       10716427
Instructions per cycle:   5.5549
Instructions per byte:    15.3227
Throughput:              1.59 GB/s
-----------------------Custom ctx->lengths mode: 39---------------------------

 ***** Benchmarking EVP_EncodeUpdate *****:
Benchmark ran 50000 iterations (40000 used after warmup)
Total elapsed (wall):     2.643679 s
CPU cycles (avg):         267498
Instructions (avg):       1310303
Instructions per cycle:   4.8984
Instructions per byte:    1.8735
Throughput:              10.58 GB/s
-----------------------Custom ctx->lengths mode: 40---------------------------

 ***** Benchmarking EVP_EncodeUpdate *****:
Benchmark ran 50000 iterations (40000 used after warmup)
Total elapsed (wall):     17.659030 s
CPU cycles (avg):         1939613
Instructions (avg):       10810155
Instructions per cycle:   5.5734
Instructions per byte:    15.4567
Throughput:              1.58 GB/s
-----------------------Custom ctx->lengths mode: 41---------------------------

 ***** Benchmarking EVP_EncodeUpdate *****:
Benchmark ran 50000 iterations (40000 used after warmup)
Total elapsed (wall):     17.551564 s
CPU cycles (avg):         1929041
Instructions (avg):       10700360
Instructions per cycle:   5.5470
Instructions per byte:    15.2998
Throughput:              1.59 GB/s
-----------------------Custom ctx->lengths mode: 42---------------------------

 ***** Benchmarking EVP_EncodeUpdate *****:
Benchmark ran 50000 iterations (40000 used after warmup)
Total elapsed (wall):     2.570854 s
CPU cycles (avg):         259920
Instructions (avg):       1237821
Instructions per cycle:   4.7623
Instructions per byte:    1.7699
Throughput:              10.88 GB/s
-----------------------Custom ctx->lengths mode: 43---------------------------

 ***** Benchmarking EVP_EncodeUpdate *****:
Benchmark ran 50000 iterations (40000 used after warmup)
Total elapsed (wall):     17.641050 s
CPU cycles (avg):         1939402
Instructions (avg):       10788406
Instructions per cycle:   5.5627
Instructions per byte:    15.4256
Throughput:              1.59 GB/s
-----------------------Custom ctx->lengths mode: 44---------------------------

 ***** Benchmarking EVP_EncodeUpdate *****:
Benchmark ran 50000 iterations (40000 used after warmup)
Total elapsed (wall):     17.889332 s
CPU cycles (avg):         1953623
Instructions (avg):       10686389
Instructions per cycle:   5.4700
Instructions per byte:    15.2798
Throughput:              1.56 GB/s
-----------------------Custom ctx->lengths mode: 45---------------------------

 ***** Benchmarking EVP_EncodeUpdate *****:
Benchmark ran 50000 iterations (40000 used after warmup)
Total elapsed (wall):     2.611450 s
CPU cycles (avg):         263453
Instructions (avg):       1263440
Instructions per cycle:   4.7957
Instructions per byte:    1.8065
Throughput:              10.71 GB/s
-----------------------Custom ctx->lengths mode: 46---------------------------

 ***** Benchmarking EVP_EncodeUpdate *****:
Benchmark ran 50000 iterations (40000 used after warmup)
Total elapsed (wall):     17.720081 s
CPU cycles (avg):         1942555
Instructions (avg):       10769089
Instructions per cycle:   5.5438
Instructions per byte:    15.3980
Throughput:              1.58 GB/s
-----------------------Custom ctx->lengths mode: 47---------------------------

 ***** Benchmarking EVP_EncodeUpdate *****:
Benchmark ran 50000 iterations (40000 used after warmup)
Total elapsed (wall):     17.516132 s
CPU cycles (avg):         1923352
Instructions (avg):       10674125
Instructions per cycle:   5.5497
Instructions per byte:    15.2622
Throughput:              1.60 GB/s
-----------------------Custom ctx->lengths mode: 48---------------------------

 ***** Benchmarking EVP_EncodeUpdate *****:
Benchmark ran 50000 iterations (40000 used after warmup)
Total elapsed (wall):     1.745092 s
CPU cycles (avg):         168002
Instructions (avg):       718785
Instructions per cycle:   4.2784
Instructions per byte:    1.0277
Throughput:              16.03 GB/s
-----------------------Custom ctx->lengths mode: 49---------------------------

 ***** Benchmarking EVP_EncodeUpdate *****:
Benchmark ran 50000 iterations (40000 used after warmup)
Total elapsed (wall):     17.550249 s
CPU cycles (avg):         1928424
Instructions (avg):       10752486
Instructions per cycle:   5.5758
Instructions per byte:    15.3743
Throughput:              1.59 GB/s
-----------------------Custom ctx->lengths mode: 50---------------------------

 ***** Benchmarking EVP_EncodeUpdate *****:
Benchmark ran 50000 iterations (40000 used after warmup)
Total elapsed (wall):     17.460659 s
CPU cycles (avg):         1921348
Instructions (avg):       10663434
Instructions per cycle:   5.5500
Instructions per byte:    15.2470
Throughput:              1.60 GB/s
-----------------------Custom ctx->lengths mode: 51---------------------------

 ***** Benchmarking EVP_EncodeUpdate *****:
Benchmark ran 50000 iterations (40000 used after warmup)
Total elapsed (wall):     2.520249 s
CPU cycles (avg):         254154
Instructions (avg):       1227473
Instructions per cycle:   4.8296
Instructions per byte:    1.7551
Throughput:              11.10 GB/s
-----------------------Custom ctx->lengths mode: 52---------------------------

 ***** Benchmarking EVP_EncodeUpdate *****:
Benchmark ran 50000 iterations (40000 used after warmup)
Total elapsed (wall):     17.528601 s
CPU cycles (avg):         1930685
Instructions (avg):       10737515
Instructions per cycle:   5.5615
Instructions per byte:    15.3529
Throughput:              1.60 GB/s
-----------------------Custom ctx->lengths mode: 53---------------------------

 ***** Benchmarking EVP_EncodeUpdate *****:
Benchmark ran 50000 iterations (40000 used after warmup)
Total elapsed (wall):     17.446428 s
CPU cycles (avg):         1924290
Instructions (avg):       10654009
Instructions per cycle:   5.5366
Instructions per byte:    15.2335
Throughput:              1.60 GB/s
-----------------------Custom ctx->lengths mode: 54---------------------------

 ***** Benchmarking EVP_EncodeUpdate *****:
Benchmark ran 50000 iterations (40000 used after warmup)
Total elapsed (wall):     2.420360 s
CPU cycles (avg):         244723
Instructions (avg):       1177012
Instructions per cycle:   4.8095
Instructions per byte:    1.6829
Throughput:              11.56 GB/s
-----------------------Custom ctx->lengths mode: 55---------------------------

 ***** Benchmarking EVP_EncodeUpdate *****:
Benchmark ran 50000 iterations (40000 used after warmup)
Total elapsed (wall):     17.514423 s
CPU cycles (avg):         1931182
Instructions (avg):       10724542
Instructions per cycle:   5.5534
Instructions per byte:    15.3343
Throughput:              1.60 GB/s
-----------------------Custom ctx->lengths mode: 56---------------------------

 ***** Benchmarking EVP_EncodeUpdate *****:
Benchmark ran 50000 iterations (40000 used after warmup)
Total elapsed (wall):     17.437345 s
CPU cycles (avg):         1918839
Instructions (avg):       10645347
Instructions per cycle:   5.5478
Instructions per byte:    15.2211
Throughput:              1.60 GB/s
-----------------------Custom ctx->lengths mode: 57---------------------------

 ***** Benchmarking EVP_EncodeUpdate *****:
Benchmark ran 50000 iterations (40000 used after warmup)
Total elapsed (wall):     2.457776 s
CPU cycles (avg):         247204
Instructions (avg):       1199053
Instructions per cycle:   4.8504
Instructions per byte:    1.7144
Throughput:              11.38 GB/s
-----------------------Custom ctx->lengths mode: 58---------------------------

 ***** Benchmarking EVP_EncodeUpdate *****:
Benchmark ran 50000 iterations (40000 used after warmup)
Total elapsed (wall):     17.509119 s
CPU cycles (avg):         1925003
Instructions (avg):       10712667
Instructions per cycle:   5.5650
Instructions per byte:    15.3174
Throughput:              1.60 GB/s
-----------------------Custom ctx->lengths mode: 59---------------------------

 ***** Benchmarking EVP_EncodeUpdate *****:
Benchmark ran 50000 iterations (40000 used after warmup)
Total elapsed (wall):     17.589830 s
CPU cycles (avg):         1930853
Instructions (avg):       10637908
Instructions per cycle:   5.5094
Instructions per byte:    15.2105
Throughput:              1.59 GB/s
-----------------------Custom ctx->lengths mode: 60---------------------------

 ***** Benchmarking EVP_EncodeUpdate *****:
Benchmark ran 50000 iterations (40000 used after warmup)
Total elapsed (wall):     2.400712 s
CPU cycles (avg):         236884
Instructions (avg):       1087652
Instructions per cycle:   4.5915
Instructions per byte:    1.5552
Throughput:              11.65 GB/s
-----------------------Custom ctx->lengths mode: 61---------------------------

 ***** Benchmarking EVP_EncodeUpdate *****:
Benchmark ran 50000 iterations (40000 used after warmup)
Total elapsed (wall):     17.579854 s
CPU cycles (avg):         1929533
Instructions (avg):       10702053
Instructions per cycle:   5.5464
Instructions per byte:    15.3022
Throughput:              1.59 GB/s
-----------------------Custom ctx->lengths mode: 62---------------------------

 ***** Benchmarking EVP_EncodeUpdate *****:
Benchmark ran 50000 iterations (40000 used after warmup)
Total elapsed (wall):     17.424357 s
CPU cycles (avg):         1917715
Instructions (avg):       10631025
Instructions per cycle:   5.5436
Instructions per byte:    15.2006
Throughput:              1.61 GB/s
-----------------------Custom ctx->lengths mode: 63---------------------------

 ***** Benchmarking EVP_EncodeUpdate *****:
Benchmark ran 50000 iterations (40000 used after warmup)
Total elapsed (wall):     2.404142 s
CPU cycles (avg):         242289
Instructions (avg):       1176119
Instructions per cycle:   4.8542
Instructions per byte:    1.6817
Throughput:              11.64 GB/s
-----------------------Custom ctx->lengths mode: 64---------------------------

 ***** Benchmarking EVP_EncodeUpdate *****:
Benchmark ran 50000 iterations (40000 used after warmup)
Total elapsed (wall):     17.502056 s
CPU cycles (avg):         1927012
Instructions (avg):       10691663
Instructions per cycle:   5.5483
Instructions per byte:    15.2873
Throughput:              1.60 GB/s
-----------------------Custom ctx->lengths mode: 65---------------------------

 ***** Benchmarking EVP_EncodeUpdate *****:
Benchmark ran 50000 iterations (40000 used after warmup)
Total elapsed (wall):     17.443886 s
CPU cycles (avg):         1918320
Instructions (avg):       10624642
Instructions per cycle:   5.5385
Instructions per byte:    15.1915
Throughput:              1.60 GB/s
-----------------------Custom ctx->lengths mode: 66---------------------------

 ***** Benchmarking EVP_EncodeUpdate *****:
Benchmark ran 50000 iterations (40000 used after warmup)
Total elapsed (wall):     2.352617 s
CPU cycles (avg):         235755
Instructions (avg):       1137381
Instructions per cycle:   4.8244
Instructions per byte:    1.6263
Throughput:              11.89 GB/s
-----------------------Custom ctx->lengths mode: 67---------------------------

 ***** Benchmarking EVP_EncodeUpdate *****:
Benchmark ran 50000 iterations (40000 used after warmup)
Total elapsed (wall):     17.476537 s
CPU cycles (avg):         1924458
Instructions (avg):       10683440
Instructions per cycle:   5.5514
Instructions per byte:    15.2756
Throughput:              1.60 GB/s
-----------------------Custom ctx->lengths mode: 68---------------------------

 ***** Benchmarking EVP_EncodeUpdate *****:
Benchmark ran 50000 iterations (40000 used after warmup)
Total elapsed (wall):     17.399936 s
CPU cycles (avg):         1915384
Instructions (avg):       10618965
Instructions per cycle:   5.5440
Instructions per byte:    15.1834
Throughput:              1.61 GB/s
-----------------------Custom ctx->lengths mode: 69---------------------------

 ***** Benchmarking EVP_EncodeUpdate *****:
Benchmark ran 50000 iterations (40000 used after warmup)
Total elapsed (wall):     2.365241 s
CPU cycles (avg):         236885
Instructions (avg):       1158267
Instructions per cycle:   4.8896
Instructions per byte:    1.6561
Throughput:              11.83 GB/s
-----------------------Custom ctx->lengths mode: 70---------------------------

 ***** Benchmarking EVP_EncodeUpdate *****:
Benchmark ran 50000 iterations (40000 used after warmup)
Total elapsed (wall):     17.815357 s
CPU cycles (avg):         1949381
Instructions (avg):       10675367
Instructions per cycle:   5.4763
Instructions per byte:    15.2640
Throughput:              1.57 GB/s
-----------------------Custom ctx->lengths mode: 71---------------------------

 ***** Benchmarking EVP_EncodeUpdate *****:
Benchmark ran 50000 iterations (40000 used after warmup)
Total elapsed (wall):     17.930697 s
CPU cycles (avg):         1955070
Instructions (avg):       10613851
Instructions per cycle:   5.4289
Instructions per byte:    15.1761
Throughput:              1.56 GB/s
-----------------------Custom ctx->lengths mode: 72---------------------------

 ***** Benchmarking EVP_EncodeUpdate *****:
Benchmark ran 50000 iterations (40000 used after warmup)
Total elapsed (wall):     2.080709 s
CPU cycles (avg):         202335
Instructions (avg):       960509
Instructions per cycle:   4.7471
Instructions per byte:    1.3734
Throughput:              13.45 GB/s
-----------------------Custom ctx->lengths mode: 73---------------------------

 ***** Benchmarking EVP_EncodeUpdate *****:
Benchmark ran 50000 iterations (40000 used after warmup)
Total elapsed (wall):     18.178039 s
CPU cycles (avg):         1970183
Instructions (avg):       10668061
Instructions per cycle:   5.4148
Instructions per byte:    15.2536
Throughput:              1.54 GB/s
-----------------------Custom ctx->lengths mode: 74---------------------------

 ***** Benchmarking EVP_EncodeUpdate *****:
Benchmark ran 50000 iterations (40000 used after warmup)
Total elapsed (wall):     17.824862 s
CPU cycles (avg):         1938467
Instructions (avg):       10609076
Instructions per cycle:   5.4729
Instructions per byte:    15.1692
Throughput:              1.57 GB/s
-----------------------Custom ctx->lengths mode: 75---------------------------

 ***** Benchmarking EVP_EncodeUpdate *****:
Benchmark ran 50000 iterations (40000 used after warmup)
Total elapsed (wall):     2.381305 s
CPU cycles (avg):         235665
Instructions (avg):       1142454
Instructions per cycle:   4.8478
Instructions per byte:    1.6335
Throughput:              11.75 GB/s
-----------------------Custom ctx->lengths mode: 76---------------------------

 ***** Benchmarking EVP_EncodeUpdate *****:
Benchmark ran 50000 iterations (40000 used after warmup)
Total elapsed (wall):     17.966497 s
CPU cycles (avg):         1954802
Instructions (avg):       10661192
Instructions per cycle:   5.4538
Instructions per byte:    15.2438
Throughput:              1.56 GB/s
-----------------------Custom ctx->lengths mode: 77---------------------------

 ***** Benchmarking EVP_EncodeUpdate *****:
Benchmark ran 50000 iterations (40000 used after warmup)
Total elapsed (wall):     17.744264 s
CPU cycles (avg):         1937412
Instructions (avg):       10604659
Instructions per cycle:   5.4736
Instructions per byte:    15.1629
Throughput:              1.58 GB/s
-----------------------Custom ctx->lengths mode: 78---------------------------

 ***** Benchmarking EVP_EncodeUpdate *****:
Benchmark ran 50000 iterations (40000 used after warmup)
Total elapsed (wall):     2.290938 s
CPU cycles (avg):         226920
Instructions (avg):       1108651
Instructions per cycle:   4.8856
Instructions per byte:    1.5852
Throughput:              12.21 GB/s
-----------------------Custom ctx->lengths mode: 79---------------------------

 ***** Benchmarking EVP_EncodeUpdate *****:
Benchmark ran 50000 iterations (40000 used after warmup)
Total elapsed (wall):     17.739447 s
CPU cycles (avg):         1937672
Instructions (avg):       10654988
Instructions per cycle:   5.4989
Instructions per byte:    15.2349
Throughput:              1.58 GB/s
-----------------------Custom ctx->lengths mode: 80---------------------------

 ***** Benchmarking EVP_EncodeUpdate *****:
Benchmark ran 50000 iterations (40000 used after warmup)
Total elapsed (wall):     17.893124 s
CPU cycles (avg):         1954967
Instructions (avg):       10600480
Instructions per cycle:   5.4223
Instructions per byte:    15.1569
Throughput:              1.56 GB/s

======================= Alphabet: SRP =======================
-----------------------DISABLE NEWLINES/NO_NL mode---------------------------

 ***** Benchmarking EVP_EncodeUpdate *****:
Benchmark ran 50000 iterations (40000 used after warmup)
Total elapsed (wall):     2.781243 s
CPU cycles (avg):         281408
Instructions (avg):       1177161
Instructions per cycle:   4.1831
Instructions per byte:    1.6831
Throughput:              10.06 GB/s
-----------------------PEM mode---------------------------

 ***** Benchmarking EVP_EncodeUpdate *****:
Benchmark ran 50000 iterations (40000 used after warmup)
Total elapsed (wall):     2.777042 s
CPU cycles (avg):         280038
Instructions (avg):       1177095
Instructions per cycle:   4.2033
Instructions per byte:    1.6831
Throughput:              10.07 GB/s
-----------------------Custom ctx->lengths mode: 1---------------------------

 ***** Benchmarking EVP_EncodeUpdate *****:
Benchmark ran 50000 iterations (40000 used after warmup)
Total elapsed (wall):     18.848725 s
CPU cycles (avg):         2041962
Instructions (avg):       9795146
Instructions per cycle:   4.7969
Instructions per byte:    14.0055
Throughput:              1.48 GB/s
-----------------------Custom ctx->lengths mode: 2---------------------------

 ***** Benchmarking EVP_EncodeUpdate *****:
Benchmark ran 50000 iterations (40000 used after warmup)
Total elapsed (wall):     29.808691 s
CPU cycles (avg):         3280311
Instructions (avg):       17838156
Instructions per cycle:   5.4379
Instructions per byte:    25.5056
Throughput:              0.94 GB/s
-----------------------Custom ctx->lengths mode: 3---------------------------

 ***** Benchmarking EVP_EncodeUpdate *****:
Benchmark ran 50000 iterations (40000 used after warmup)
Total elapsed (wall):     4.019824 s
CPU cycles (avg):         412988
Instructions (avg):       1651452
Instructions per cycle:   3.9988
Instructions per byte:    2.3613
Throughput:              6.96 GB/s
-----------------------Custom ctx->lengths mode: 4---------------------------

 ***** Benchmarking EVP_EncodeUpdate *****:
Benchmark ran 50000 iterations (40000 used after warmup)
Total elapsed (wall):     21.895151 s
CPU cycles (avg):         2397442
Instructions (avg):       13641953
Instructions per cycle:   5.6902
Instructions per byte:    19.5058
Throughput:              1.28 GB/s
-----------------------Custom ctx->lengths mode: 5---------------------------

 ***** Benchmarking EVP_EncodeUpdate *****:
Benchmark ran 50000 iterations (40000 used after warmup)
Total elapsed (wall):     19.967319 s
CPU cycles (avg):         2194164
Instructions (avg):       12174053
Instructions per cycle:   5.5484
Instructions per byte:    17.4069
Throughput:              1.40 GB/s
-----------------------Custom ctx->lengths mode: 6---------------------------

 ***** Benchmarking EVP_EncodeUpdate *****:
Benchmark ran 50000 iterations (40000 used after warmup)
Total elapsed (wall):     4.034944 s
CPU cycles (avg):         425718
Instructions (avg):       1365575
Instructions per cycle:   3.2077
Instructions per byte:    1.9525
Throughput:              6.93 GB/s
-----------------------Custom ctx->lengths mode: 7---------------------------

 ***** Benchmarking EVP_EncodeUpdate *****:
Benchmark ran 50000 iterations (40000 used after warmup)
Total elapsed (wall):     20.789029 s
CPU cycles (avg):         2266465
Instructions (avg):       12293896
Instructions per cycle:   5.4243
Instructions per byte:    17.5783
Throughput:              1.35 GB/s
-----------------------Custom ctx->lengths mode: 8---------------------------

 ***** Benchmarking EVP_EncodeUpdate *****:
Benchmark ran 50000 iterations (40000 used after warmup)
Total elapsed (wall):     19.291579 s
CPU cycles (avg):         2108752
Instructions (avg):       11543815
Instructions per cycle:   5.4742
Instructions per byte:    16.5058
Throughput:              1.45 GB/s
-----------------------Custom ctx->lengths mode: 9---------------------------

 ***** Benchmarking EVP_EncodeUpdate *****:
Benchmark ran 50000 iterations (40000 used after warmup)
Total elapsed (wall):     6.320093 s
CPU cycles (avg):         669621
Instructions (avg):       2786924
Instructions per cycle:   4.1619
Instructions per byte:    3.9848
Throughput:              4.43 GB/s
-----------------------Custom ctx->lengths mode: 10---------------------------

 ***** Benchmarking EVP_EncodeUpdate *****:
Benchmark ran 50000 iterations (40000 used after warmup)
Total elapsed (wall):     19.333381 s
CPU cycles (avg):         2112724
Instructions (avg):       11754374
Instructions per cycle:   5.5636
Instructions per byte:    16.8068
Throughput:              1.45 GB/s
-----------------------Custom ctx->lengths mode: 11---------------------------

 ***** Benchmarking EVP_EncodeUpdate *****:
Benchmark ran 50000 iterations (40000 used after warmup)
Total elapsed (wall):     19.100260 s
CPU cycles (avg):         2082335
Instructions (avg):       11258678
Instructions per cycle:   5.4068
Instructions per byte:    16.0981
Throughput:              1.46 GB/s
-----------------------Custom ctx->lengths mode: 12---------------------------

 ***** Benchmarking EVP_EncodeUpdate *****:
Benchmark ran 50000 iterations (40000 used after warmup)
Total elapsed (wall):     6.299402 s
CPU cycles (avg):         671163
Instructions (avg):       2972456
Instructions per cycle:   4.4288
Instructions per byte:    4.2501
Throughput:              4.44 GB/s
-----------------------Custom ctx->lengths mode: 13---------------------------

 ***** Benchmarking EVP_EncodeUpdate *****:
Benchmark ran 50000 iterations (40000 used after warmup)
Total elapsed (wall):     19.151595 s
CPU cycles (avg):         2079040
Instructions (avg):       11463836
Instructions per cycle:   5.5140
Instructions per byte:    16.3914
Throughput:              1.46 GB/s
-----------------------Custom ctx->lengths mode: 14---------------------------

 ***** Benchmarking EVP_EncodeUpdate *****:
Benchmark ran 50000 iterations (40000 used after warmup)
Total elapsed (wall):     18.578022 s
CPU cycles (avg):         2032630
Instructions (avg):       11094969
Instructions per cycle:   5.4584
Instructions per byte:    15.8640
Throughput:              1.51 GB/s
-----------------------Custom ctx->lengths mode: 15---------------------------

 ***** Benchmarking EVP_EncodeUpdate *****:
Benchmark ran 50000 iterations (40000 used after warmup)
Total elapsed (wall):     6.246734 s
CPU cycles (avg):         666996
Instructions (avg):       3083701
Instructions per cycle:   4.6233
Instructions per byte:    4.4092
Throughput:              4.48 GB/s
-----------------------Custom ctx->lengths mode: 16---------------------------

 ***** Benchmarking EVP_EncodeUpdate *****:
Benchmark ran 50000 iterations (40000 used after warmup)
Total elapsed (wall):     19.373200 s
CPU cycles (avg):         2091902
Instructions (avg):       11281722
Instructions per cycle:   5.3930
Instructions per byte:    16.1310
Throughput:              1.44 GB/s
-----------------------Custom ctx->lengths mode: 17---------------------------

 ***** Benchmarking EVP_EncodeUpdate *****:
Benchmark ran 50000 iterations (40000 used after warmup)
Total elapsed (wall):     18.159350 s
CPU cycles (avg):         1987552
Instructions (avg):       10989302
Instructions per cycle:   5.5291
Instructions per byte:    15.7129
Throughput:              1.54 GB/s
-----------------------Custom ctx->lengths mode: 18---------------------------

 ***** Benchmarking EVP_EncodeUpdate *****:
Benchmark ran 50000 iterations (40000 used after warmup)
Total elapsed (wall):     5.788960 s
CPU cycles (avg):         615812
Instructions (avg):       2866204
Instructions per cycle:   4.6543
Instructions per byte:    4.0982
Throughput:              4.83 GB/s
-----------------------Custom ctx->lengths mode: 19---------------------------

 ***** Benchmarking EVP_EncodeUpdate *****:
Benchmark ran 50000 iterations (40000 used after warmup)
Total elapsed (wall):     18.144942 s
CPU cycles (avg):         1997798
Instructions (avg):       11158158
Instructions per cycle:   5.5852
Instructions per byte:    15.9543
Throughput:              1.54 GB/s
-----------------------Custom ctx->lengths mode: 20---------------------------

 ***** Benchmarking EVP_EncodeUpdate *****:
Benchmark ran 50000 iterations (40000 used after warmup)
Total elapsed (wall):     17.961454 s
CPU cycles (avg):         1965222
Instructions (avg):       10915137
Instructions per cycle:   5.5541
Instructions per byte:    15.6069
Throughput:              1.56 GB/s
-----------------------Custom ctx->lengths mode: 21---------------------------

 ***** Benchmarking EVP_EncodeUpdate *****:
Benchmark ran 50000 iterations (40000 used after warmup)
Total elapsed (wall):     5.720928 s
CPU cycles (avg):         604974
Instructions (avg):       2811725
Instructions per cycle:   4.6477
Instructions per byte:    4.0203
Throughput:              4.89 GB/s
-----------------------Custom ctx->lengths mode: 22---------------------------

 ***** Benchmarking EVP_EncodeUpdate *****:
Benchmark ran 50000 iterations (40000 used after warmup)
Total elapsed (wall):     18.157424 s
CPU cycles (avg):         1994283
Instructions (avg):       11067877
Instructions per cycle:   5.5498
Instructions per byte:    15.8252
Throughput:              1.54 GB/s
-----------------------Custom ctx->lengths mode: 23---------------------------

 ***** Benchmarking EVP_EncodeUpdate *****:
Benchmark ran 50000 iterations (40000 used after warmup)
Total elapsed (wall):     17.907427 s
CPU cycles (avg):         1965280
Instructions (avg):       10860395
Instructions per cycle:   5.5261
Instructions per byte:    15.5286
Throughput:              1.56 GB/s
-----------------------Custom ctx->lengths mode: 24---------------------------

 ***** Benchmarking EVP_EncodeUpdate *****:
Benchmark ran 50000 iterations (40000 used after warmup)
Total elapsed (wall):     2.939268 s
CPU cycles (avg):         301243
Instructions (avg):       1350572
Instructions per cycle:   4.4833
Instructions per byte:    1.9311
Throughput:              9.52 GB/s
-----------------------Custom ctx->lengths mode: 25---------------------------

 ***** Benchmarking EVP_EncodeUpdate *****:
Benchmark ran 50000 iterations (40000 used after warmup)
Total elapsed (wall):     18.486415 s
CPU cycles (avg):         2013250
Instructions (avg):       10999106
Instructions per cycle:   5.4634
Instructions per byte:    15.7269
Throughput:              1.51 GB/s
-----------------------Custom ctx->lengths mode: 26---------------------------

 ***** Benchmarking EVP_EncodeUpdate *****:
Benchmark ran 50000 iterations (40000 used after warmup)
Total elapsed (wall):     18.004169 s
CPU cycles (avg):         1967420
Instructions (avg):       10818288
Instructions per cycle:   5.4987
Instructions per byte:    15.4684
Throughput:              1.55 GB/s
-----------------------Custom ctx->lengths mode: 27---------------------------

 ***** Benchmarking EVP_EncodeUpdate *****:
Benchmark ran 50000 iterations (40000 used after warmup)
Total elapsed (wall):     3.856677 s
CPU cycles (avg):         401784
Instructions (avg):       1919822
Instructions per cycle:   4.7782
Instructions per byte:    2.7450
Throughput:              7.25 GB/s
-----------------------Custom ctx->lengths mode: 28---------------------------

 ***** Benchmarking EVP_EncodeUpdate *****:
Benchmark ran 50000 iterations (40000 used after warmup)
Total elapsed (wall):     18.003203 s
CPU cycles (avg):         1968555
Instructions (avg):       10945064
Instructions per cycle:   5.5599
Instructions per byte:    15.6496
Throughput:              1.55 GB/s
-----------------------Custom ctx->lengths mode: 29---------------------------

 ***** Benchmarking EVP_EncodeUpdate *****:
Benchmark ran 50000 iterations (40000 used after warmup)
Total elapsed (wall):     17.920903 s
CPU cycles (avg):         1958444
Instructions (avg):       10785115
Instructions per cycle:   5.5070
Instructions per byte:    15.4209
Throughput:              1.56 GB/s
-----------------------Custom ctx->lengths mode: 30---------------------------

 ***** Benchmarking EVP_EncodeUpdate *****:
Benchmark ran 50000 iterations (40000 used after warmup)
Total elapsed (wall):     3.592739 s
CPU cycles (avg):         371596
Instructions (avg):       1802670
Instructions per cycle:   4.8511
Instructions per byte:    2.5775
Throughput:              7.79 GB/s
-----------------------Custom ctx->lengths mode: 31---------------------------

 ***** Benchmarking EVP_EncodeUpdate *****:
Benchmark ran 50000 iterations (40000 used after warmup)
Total elapsed (wall):     17.948891 s
CPU cycles (avg):         1963171
Instructions (avg):       10901743
Instructions per cycle:   5.5531
Instructions per byte:    15.5877
Throughput:              1.56 GB/s
-----------------------Custom ctx->lengths mode: 32---------------------------

 ***** Benchmarking EVP_EncodeUpdate *****:
Benchmark ran 50000 iterations (40000 used after warmup)
Total elapsed (wall):     17.960886 s
CPU cycles (avg):         1959610
Instructions (avg):       10757191
Instructions per cycle:   5.4895
Instructions per byte:    15.3810
Throughput:              1.56 GB/s
-----------------------Custom ctx->lengths mode: 33---------------------------

 ***** Benchmarking EVP_EncodeUpdate *****:
Benchmark ran 50000 iterations (40000 used after warmup)
Total elapsed (wall):     3.640109 s
CPU cycles (avg):         378679
Instructions (avg):       1829348
Instructions per cycle:   4.8309
Instructions per byte:    2.6157
Throughput:              7.69 GB/s
-----------------------Custom ctx->lengths mode: 34---------------------------

 ***** Benchmarking EVP_EncodeUpdate *****:
Benchmark ran 50000 iterations (40000 used after warmup)
Total elapsed (wall):     17.774208 s
CPU cycles (avg):         1948187
Instructions (avg):       10865816
Instructions per cycle:   5.5774
Instructions per byte:    15.5363
Throughput:              1.57 GB/s
-----------------------Custom ctx->lengths mode: 35---------------------------

 ***** Benchmarking EVP_EncodeUpdate *****:
Benchmark ran 50000 iterations (40000 used after warmup)
Total elapsed (wall):     17.951966 s
CPU cycles (avg):         1963862
Instructions (avg):       10735400
Instructions per cycle:   5.4665
Instructions per byte:    15.3499
Throughput:              1.56 GB/s
-----------------------Custom ctx->lengths mode: 36---------------------------

 ***** Benchmarking EVP_EncodeUpdate *****:
Benchmark ran 50000 iterations (40000 used after warmup)
Total elapsed (wall):     3.329135 s
CPU cycles (avg):         339042
Instructions (avg):       1630055
Instructions per cycle:   4.8078
Instructions per byte:    2.3307
Throughput:              8.40 GB/s
-----------------------Custom ctx->lengths mode: 37---------------------------

 ***** Benchmarking EVP_EncodeUpdate *****:
Benchmark ran 50000 iterations (40000 used after warmup)
Total elapsed (wall):     18.116816 s
CPU cycles (avg):         1978459
Instructions (avg):       10835880
Instructions per cycle:   5.4769
Instructions per byte:    15.4935
Throughput:              1.54 GB/s
-----------------------Custom ctx->lengths mode: 38---------------------------

 ***** Benchmarking EVP_EncodeUpdate *****:
Benchmark ran 50000 iterations (40000 used after warmup)
Total elapsed (wall):     17.951221 s
CPU cycles (avg):         1957418
Instructions (avg):       10716461
Instructions per cycle:   5.4748
Instructions per byte:    15.3228
Throughput:              1.56 GB/s
-----------------------Custom ctx->lengths mode: 39---------------------------

 ***** Benchmarking EVP_EncodeUpdate *****:
Benchmark ran 50000 iterations (40000 used after warmup)
Total elapsed (wall):     3.695239 s
CPU cycles (avg):         378374
Instructions (avg):       1764742
Instructions per cycle:   4.6640
Instructions per byte:    2.5233
Throughput:              7.57 GB/s
-----------------------Custom ctx->lengths mode: 40---------------------------

 ***** Benchmarking EVP_EncodeUpdate *****:
Benchmark ran 50000 iterations (40000 used after warmup)
Total elapsed (wall):     18.482939 s
CPU cycles (avg):         2000046
Instructions (avg):       10810190
Instructions per cycle:   5.4050
Instructions per byte:    15.4568
Throughput:              1.51 GB/s
-----------------------Custom ctx->lengths mode: 41---------------------------

 ***** Benchmarking EVP_EncodeUpdate *****:
Benchmark ran 50000 iterations (40000 used after warmup)
Total elapsed (wall):     17.797892 s
CPU cycles (avg):         1946275
Instructions (avg):       10700393
Instructions per cycle:   5.4979
Instructions per byte:    15.2998
Throughput:              1.57 GB/s
-----------------------Custom ctx->lengths mode: 42---------------------------

 ***** Benchmarking EVP_EncodeUpdate *****:
Benchmark ran 50000 iterations (40000 used after warmup)
Total elapsed (wall):     3.417094 s
CPU cycles (avg):         350873
Instructions (avg):       1693062
Instructions per cycle:   4.8253
Instructions per byte:    2.4208
Throughput:              8.19 GB/s
-----------------------Custom ctx->lengths mode: 43---------------------------

 ***** Benchmarking EVP_EncodeUpdate *****:
Benchmark ran 50000 iterations (40000 used after warmup)
Total elapsed (wall):     17.815623 s
CPU cycles (avg):         1945015
Instructions (avg):       10788439
Instructions per cycle:   5.5467
Instructions per byte:    15.4257
Throughput:              1.57 GB/s
-----------------------Custom ctx->lengths mode: 44---------------------------

 ***** Benchmarking EVP_EncodeUpdate *****:
Benchmark ran 50000 iterations (40000 used after warmup)
Total elapsed (wall):     18.297815 s
CPU cycles (avg):         1980261
Instructions (avg):       10686422
Instructions per cycle:   5.3965
Instructions per byte:    15.2798
Throughput:              1.53 GB/s
-----------------------Custom ctx->lengths mode: 45---------------------------

 ***** Benchmarking EVP_EncodeUpdate *****:
Benchmark ran 50000 iterations (40000 used after warmup)
Total elapsed (wall):     3.477671 s
CPU cycles (avg):         357816
Instructions (avg):       1718407
Instructions per cycle:   4.8025
Instructions per byte:    2.4570
Throughput:              8.04 GB/s
-----------------------Custom ctx->lengths mode: 46---------------------------

 ***** Benchmarking EVP_EncodeUpdate *****:
Benchmark ran 50000 iterations (40000 used after warmup)
Total elapsed (wall):     18.031603 s
CPU cycles (avg):         1959813
Instructions (avg):       10769124
Instructions per cycle:   5.4950
Instructions per byte:    15.3981
Throughput:              1.55 GB/s
-----------------------Custom ctx->lengths mode: 47---------------------------

 ***** Benchmarking EVP_EncodeUpdate *****:
Benchmark ran 50000 iterations (40000 used after warmup)
Total elapsed (wall):     18.044061 s
CPU cycles (avg):         1957141
Instructions (avg):       10674159
Instructions per cycle:   5.4540
Instructions per byte:    15.2623
Throughput:              1.55 GB/s
-----------------------Custom ctx->lengths mode: 48---------------------------

 ***** Benchmarking EVP_EncodeUpdate *****:
Benchmark ran 50000 iterations (40000 used after warmup)
Total elapsed (wall):     2.766013 s
CPU cycles (avg):         280860
Instructions (avg):       1177072
Instructions per cycle:   4.1910
Instructions per byte:    1.6830
Throughput:              10.11 GB/s
-----------------------Custom ctx->lengths mode: 49---------------------------

 ***** Benchmarking EVP_EncodeUpdate *****:
Benchmark ran 50000 iterations (40000 used after warmup)
Total elapsed (wall):     17.845638 s
CPU cycles (avg):         1946944
Instructions (avg):       10752519
Instructions per cycle:   5.5228
Instructions per byte:    15.3743
Throughput:              1.57 GB/s
-----------------------Custom ctx->lengths mode: 50---------------------------

 ***** Benchmarking EVP_EncodeUpdate *****:
Benchmark ran 50000 iterations (40000 used after warmup)
Total elapsed (wall):     17.957707 s
CPU cycles (avg):         1953841
Instructions (avg):       10663468
Instructions per cycle:   5.4577
Instructions per byte:    15.2470
Throughput:              1.56 GB/s
-----------------------Custom ctx->lengths mode: 51---------------------------

 ***** Benchmarking EVP_EncodeUpdate *****:
Benchmark ran 50000 iterations (40000 used after warmup)
Total elapsed (wall):     3.386978 s
CPU cycles (avg):         349921
Instructions (avg):       1682830
Instructions per cycle:   4.8092
Instructions per byte:    2.4062
Throughput:              8.26 GB/s
-----------------------Custom ctx->lengths mode: 52---------------------------

 ***** Benchmarking EVP_EncodeUpdate *****:
Benchmark ran 50000 iterations (40000 used after warmup)
Total elapsed (wall):     17.775365 s
CPU cycles (avg):         1942183
Instructions (avg):       10737550
Instructions per cycle:   5.5286
Instructions per byte:    15.3529
Throughput:              1.57 GB/s
-----------------------Custom ctx->lengths mode: 53---------------------------

 ***** Benchmarking EVP_EncodeUpdate *****:
Benchmark ran 50000 iterations (40000 used after warmup)
Total elapsed (wall):     17.673911 s
CPU cycles (avg):         1933617
Instructions (avg):       10654042
Instructions per cycle:   5.5099
Instructions per byte:    15.2335
Throughput:              1.58 GB/s
-----------------------Custom ctx->lengths mode: 54---------------------------

 ***** Benchmarking EVP_EncodeUpdate *****:
Benchmark ran 50000 iterations (40000 used after warmup)
Total elapsed (wall):     3.271014 s
CPU cycles (avg):         336405
Instructions (avg):       1632882
Instructions per cycle:   4.8539
Instructions per byte:    2.3348
Throughput:              8.55 GB/s
-----------------------Custom ctx->lengths mode: 55---------------------------

 ***** Benchmarking EVP_EncodeUpdate *****:
Benchmark ran 50000 iterations (40000 used after warmup)
Total elapsed (wall):     17.783198 s
CPU cycles (avg):         1941554
Instructions (avg):       10724575
Instructions per cycle:   5.5237
Instructions per byte:    15.3344
Throughput:              1.57 GB/s
-----------------------Custom ctx->lengths mode: 56---------------------------

 ***** Benchmarking EVP_EncodeUpdate *****:
Benchmark ran 50000 iterations (40000 used after warmup)
Total elapsed (wall):     17.632086 s
CPU cycles (avg):         1930950
Instructions (avg):       10645382
Instructions per cycle:   5.5130
Instructions per byte:    15.2211
Throughput:              1.59 GB/s
-----------------------Custom ctx->lengths mode: 57---------------------------

 ***** Benchmarking EVP_EncodeUpdate *****:
Benchmark ran 50000 iterations (40000 used after warmup)
Total elapsed (wall):     3.290603 s
CPU cycles (avg):         338502
Instructions (avg):       1654732
Instructions per cycle:   4.8884
Instructions per byte:    2.3660
Throughput:              8.50 GB/s
-----------------------Custom ctx->lengths mode: 58---------------------------

 ***** Benchmarking EVP_EncodeUpdate *****:
Benchmark ran 50000 iterations (40000 used after warmup)
Total elapsed (wall):     18.040824 s
CPU cycles (avg):         1964227
Instructions (avg):       10712700
Instructions per cycle:   5.4539
Instructions per byte:    15.3174
Throughput:              1.55 GB/s
-----------------------Custom ctx->lengths mode: 59---------------------------

 ***** Benchmarking EVP_EncodeUpdate *****:
Benchmark ran 50000 iterations (40000 used after warmup)
Total elapsed (wall):     17.673535 s
CPU cycles (avg):         1929285
Instructions (avg):       10637941
Instructions per cycle:   5.5139
Instructions per byte:    15.2105
Throughput:              1.58 GB/s
-----------------------Custom ctx->lengths mode: 60---------------------------

 ***** Benchmarking EVP_EncodeUpdate *****:
Benchmark ran 50000 iterations (40000 used after warmup)
Total elapsed (wall):     3.022039 s
CPU cycles (avg):         309536
Instructions (avg):       1544555
Instructions per cycle:   4.9899
Instructions per byte:    2.2085
Throughput:              9.26 GB/s
-----------------------Custom ctx->lengths mode: 61---------------------------

 ***** Benchmarking EVP_EncodeUpdate *****:
Benchmark ran 50000 iterations (40000 used after warmup)
Total elapsed (wall):     17.594973 s
CPU cycles (avg):         1929966
Instructions (avg):       10702086
Instructions per cycle:   5.5452
Instructions per byte:    15.3022
Throughput:              1.59 GB/s
-----------------------Custom ctx->lengths mode: 62---------------------------

 ***** Benchmarking EVP_EncodeUpdate *****:
Benchmark ran 50000 iterations (40000 used after warmup)
Total elapsed (wall):     17.365212 s
CPU cycles (avg):         1925109
Instructions (avg):       10631058
Instructions per cycle:   5.5223
Instructions per byte:    15.2007
Throughput:              1.61 GB/s
-----------------------Custom ctx->lengths mode: 63---------------------------

 ***** Benchmarking EVP_EncodeUpdate *****:
Benchmark ran 50000 iterations (40000 used after warmup)
Total elapsed (wall):     3.155534 s
CPU cycles (avg):         329190
Instructions (avg):       1632060
Instructions per cycle:   4.9578
Instructions per byte:    2.3336
Throughput:              8.87 GB/s
-----------------------Custom ctx->lengths mode: 64---------------------------

 ***** Benchmarking EVP_EncodeUpdate *****:
Benchmark ran 50000 iterations (40000 used after warmup)
Total elapsed (wall):     18.336860 s
CPU cycles (avg):         1985755
Instructions (avg):       10691703
Instructions per cycle:   5.3842
Instructions per byte:    15.2874
Throughput:              1.53 GB/s
-----------------------Custom ctx->lengths mode: 65---------------------------

 ***** Benchmarking EVP_EncodeUpdate *****:
Benchmark ran 50000 iterations (40000 used after warmup)
Total elapsed (wall):     17.714353 s
CPU cycles (avg):         1933815
Instructions (avg):       10624676
Instructions per cycle:   5.4942
Instructions per byte:    15.1915
Throughput:              1.58 GB/s
-----------------------Custom ctx->lengths mode: 66---------------------------

 ***** Benchmarking EVP_EncodeUpdate *****:
Benchmark ran 50000 iterations (40000 used after warmup)
Total elapsed (wall):     3.177019 s
CPU cycles (avg):         326821
Instructions (avg):       1593689
Instructions per cycle:   4.8763
Instructions per byte:    2.2787
Throughput:              8.81 GB/s
-----------------------Custom ctx->lengths mode: 67---------------------------

 ***** Benchmarking EVP_EncodeUpdate *****:
Benchmark ran 50000 iterations (40000 used after warmup)
Total elapsed (wall):     17.618886 s
CPU cycles (avg):         1926394
Instructions (avg):       10683474
Instructions per cycle:   5.5458
Instructions per byte:    15.2756
Throughput:              1.59 GB/s
-----------------------Custom ctx->lengths mode: 68---------------------------

 ***** Benchmarking EVP_EncodeUpdate *****:
Benchmark ran 50000 iterations (40000 used after warmup)
Total elapsed (wall):     17.549574 s
CPU cycles (avg):         1923908
Instructions (avg):       10618999
Instructions per cycle:   5.5195
Instructions per byte:    15.1834
Throughput:              1.59 GB/s
-----------------------Custom ctx->lengths mode: 69---------------------------

 ***** Benchmarking EVP_EncodeUpdate *****:
Benchmark ran 50000 iterations (40000 used after warmup)
Total elapsed (wall):     3.168469 s
CPU cycles (avg):         325790
Instructions (avg):       1614343
Instructions per cycle:   4.9552
Instructions per byte:    2.3082
Throughput:              8.83 GB/s
-----------------------Custom ctx->lengths mode: 70---------------------------

 ***** Benchmarking EVP_EncodeUpdate *****:
Benchmark ran 50000 iterations (40000 used after warmup)
Total elapsed (wall):     17.736311 s
CPU cycles (avg):         1936711
Instructions (avg):       10675401
Instructions per cycle:   5.5121
Instructions per byte:    15.2641
Throughput:              1.58 GB/s
-----------------------Custom ctx->lengths mode: 71---------------------------

 ***** Benchmarking EVP_EncodeUpdate *****:
Benchmark ran 50000 iterations (40000 used after warmup)
Total elapsed (wall):     18.065526 s
CPU cycles (avg):         1958548
Instructions (avg):       10613884
Instructions per cycle:   5.4193
Instructions per byte:    15.1761
Throughput:              1.55 GB/s
-----------------------Custom ctx->lengths mode: 72---------------------------

 ***** Benchmarking EVP_EncodeUpdate *****:
Benchmark ran 50000 iterations (40000 used after warmup)
Total elapsed (wall):     2.827944 s
CPU cycles (avg):         287578
Instructions (avg):       1418865
Instructions per cycle:   4.9338
Instructions per byte:    2.0287
Throughput:              9.89 GB/s
-----------------------Custom ctx->lengths mode: 73---------------------------

 ***** Benchmarking EVP_EncodeUpdate *****:
Benchmark ran 50000 iterations (40000 used after warmup)
Total elapsed (wall):     17.575953 s
CPU cycles (avg):         1931347
Instructions (avg):       10668094
Instructions per cycle:   5.5237
Instructions per byte:    15.2536
Throughput:              1.59 GB/s
-----------------------Custom ctx->lengths mode: 74---------------------------

 ***** Benchmarking EVP_EncodeUpdate *****:
Benchmark ran 50000 iterations (40000 used after warmup)
Total elapsed (wall):     18.140730 s
CPU cycles (avg):         1966036
Instructions (avg):       10609109
Instructions per cycle:   5.3962
Instructions per byte:    15.1693
Throughput:              1.54 GB/s
-----------------------Custom ctx->lengths mode: 75---------------------------

 ***** Benchmarking EVP_EncodeUpdate *****:
Benchmark ran 50000 iterations (40000 used after warmup)
Total elapsed (wall):     3.360537 s
CPU cycles (avg):         342045
Instructions (avg):       1598716
Instructions per cycle:   4.6740
Instructions per byte:    2.2859
Throughput:              8.32 GB/s
-----------------------Custom ctx->lengths mode: 76---------------------------

 ***** Benchmarking EVP_EncodeUpdate *****:
Benchmark ran 50000 iterations (40000 used after warmup)
Total elapsed (wall):     18.014379 s
CPU cycles (avg):         1955992
Instructions (avg):       10661226
Instructions per cycle:   5.4505
Instructions per byte:    15.2438
Throughput:              1.55 GB/s
-----------------------Custom ctx->lengths mode: 77---------------------------

 ***** Benchmarking EVP_EncodeUpdate *****:
Benchmark ran 50000 iterations (40000 used after warmup)
Total elapsed (wall):     17.950167 s
CPU cycles (avg):         1946083
Instructions (avg):       10604692
Instructions per cycle:   5.4492
Instructions per byte:    15.1630
Throughput:              1.56 GB/s
-----------------------Custom ctx->lengths mode: 78---------------------------

 ***** Benchmarking EVP_EncodeUpdate *****:
Benchmark ran 50000 iterations (40000 used after warmup)
Total elapsed (wall):     3.163829 s
CPU cycles (avg):         323198
Instructions (avg):       1565333
Instructions per cycle:   4.8433
Instructions per byte:    2.2382
Throughput:              8.84 GB/s
-----------------------Custom ctx->lengths mode: 79---------------------------

 ***** Benchmarking EVP_EncodeUpdate *****:
Benchmark ran 50000 iterations (40000 used after warmup)
Total elapsed (wall):     17.684617 s
CPU cycles (avg):         1928735
Instructions (avg):       10655021
Instructions per cycle:   5.5244
Instructions per byte:    15.2349
Throughput:              1.58 GB/s
-----------------------Custom ctx->lengths mode: 80---------------------------

 ***** Benchmarking EVP_EncodeUpdate *****:
Benchmark ran 50000 iterations (40000 used after warmup)
Total elapsed (wall):     17.839763 s
CPU cycles (avg):         1947280
Instructions (avg):       10600514
Instructions per cycle:   5.4438
Instructions per byte:    15.1570
Throughput:              1.57 GB/s


Processed files:
File: enron7.txt.decoded (247296 bytes)
File: enron12.txt.decoded (36552 bytes)
File: enron13.txt.decoded (59904 bytes)
File: enron10.txt.decoded (34773 bytes)
File: enron9.txt.decoded (58368 bytes)
File: enron11.txt.decoded (57696 bytes)
File: enron14.txt.decoded (35328 bytes)
File: enron2.txt.decoded (38400 bytes)
File: enron4.txt.decoded (72192 bytes)
File: enron15.txt.decoded (32760 bytes)
File: enron3.txt.decoded (26112 bytes)
 
🖼️  Benchmark: Mula JPG files

======================= Alphabet: STD =======================
-----------------------DISABLE NEWLINES/NO_NL mode---------------------------

 ***** Benchmarking EVP_EncodeUpdate *****:
Benchmark ran 500000 iterations (490000 used after warmup)
Total elapsed (wall):     11.504095 s
CPU cycles (avg):         76065
Instructions (avg):       265076
Instructions per cycle:   3.4848
Instructions per byte:    0.7239
Throughput:              15.60 GB/s
-----------------------PEM mode---------------------------

 ***** Benchmarking EVP_EncodeUpdate *****:
Benchmark ran 50000 iterations (40000 used after warmup)
Total elapsed (wall):     1.057794 s
CPU cycles (avg):         89796
Instructions (avg):       374428
Instructions per cycle:   4.1698
Instructions per byte:    1.0225
Throughput:              13.85 GB/s
-----------------------Custom ctx->lengths mode: 1---------------------------

 ***** Benchmarking EVP_EncodeUpdate *****:
Benchmark ran 50000 iterations (40000 used after warmup)
Total elapsed (wall):     9.726999 s
CPU cycles (avg):         1045782
Instructions (avg):       5128198
Instructions per cycle:   4.9037
Instructions per byte:    14.0047
Throughput:              1.51 GB/s
-----------------------Custom ctx->lengths mode: 2---------------------------

 ***** Benchmarking EVP_EncodeUpdate *****:
Benchmark ran 50000 iterations (40000 used after warmup)
Total elapsed (wall):     15.500566 s
CPU cycles (avg):         1696108
Instructions (avg):       9339430
Instructions per cycle:   5.5064
Instructions per byte:    25.5053
Throughput:              0.94 GB/s
-----------------------Custom ctx->lengths mode: 3---------------------------

 ***** Benchmarking EVP_EncodeUpdate *****:
Benchmark ran 50000 iterations (40000 used after warmup)
Total elapsed (wall):     1.676026 s
CPU cycles (avg):         159156
Instructions (avg):       609235
Instructions per cycle:   3.8279
Instructions per byte:    1.6638
Throughput:              8.74 GB/s
-----------------------Custom ctx->lengths mode: 4---------------------------

 ***** Benchmarking EVP_EncodeUpdate *****:
Benchmark ran 50000 iterations (40000 used after warmup)
Total elapsed (wall):     11.586886 s
CPU cycles (avg):         1250973
Instructions (avg):       7142600
Instructions per cycle:   5.7096
Instructions per byte:    19.5059
Throughput:              1.26 GB/s
-----------------------Custom ctx->lengths mode: 5---------------------------

 ***** Benchmarking EVP_EncodeUpdate *****:
Benchmark ran 50000 iterations (40000 used after warmup)
Total elapsed (wall):     10.555844 s
CPU cycles (avg):         1145738
Instructions (avg):       6373647
Instructions per cycle:   5.5629
Instructions per byte:    17.4060
Throughput:              1.39 GB/s
-----------------------Custom ctx->lengths mode: 6---------------------------

 ***** Benchmarking EVP_EncodeUpdate *****:
Benchmark ran 50000 iterations (40000 used after warmup)
Total elapsed (wall):     1.860420 s
CPU cycles (avg):         182873
Instructions (avg):       524817
Instructions per cycle:   2.8698
Instructions per byte:    1.4332
Throughput:              7.87 GB/s
-----------------------Custom ctx->lengths mode: 7---------------------------

 ***** Benchmarking EVP_EncodeUpdate *****:
Benchmark ran 50000 iterations (40000 used after warmup)
Total elapsed (wall):     11.182663 s
CPU cycles (avg):         1196370
Instructions (avg):       6436411
Instructions per cycle:   5.3799
Instructions per byte:    17.5774
Throughput:              1.31 GB/s
-----------------------Custom ctx->lengths mode: 8---------------------------

 ***** Benchmarking EVP_EncodeUpdate *****:
Benchmark ran 50000 iterations (40000 used after warmup)
Total elapsed (wall):     10.375009 s
CPU cycles (avg):         1114907
Instructions (avg):       6044179
Instructions per cycle:   5.4212
Instructions per byte:    16.5062
Throughput:              1.41 GB/s
-----------------------Custom ctx->lengths mode: 9---------------------------

 ***** Benchmarking EVP_EncodeUpdate *****:
Benchmark ran 50000 iterations (40000 used after warmup)
Total elapsed (wall):     3.004819 s
CPU cycles (avg):         303993
Instructions (avg):       1215865
Instructions per cycle:   3.9996
Instructions per byte:    3.3204
Throughput:              4.87 GB/s
-----------------------Custom ctx->lengths mode: 10---------------------------

 ***** Benchmarking EVP_EncodeUpdate *****:
Benchmark ran 50000 iterations (40000 used after warmup)
Total elapsed (wall):     10.323896 s
CPU cycles (avg):         1113871
Instructions (avg):       6154022
Instructions per cycle:   5.5249
Instructions per byte:    16.8062
Throughput:              1.42 GB/s
-----------------------Custom ctx->lengths mode: 11---------------------------

 ***** Benchmarking EVP_EncodeUpdate *****:
Benchmark ran 50000 iterations (40000 used after warmup)
Total elapsed (wall):     10.483472 s
CPU cycles (avg):         1119616
Instructions (avg):       5894388
Instructions per cycle:   5.2647
Instructions per byte:    16.0971
Throughput:              1.40 GB/s
-----------------------Custom ctx->lengths mode: 12---------------------------

 ***** Benchmarking EVP_EncodeUpdate *****:
Benchmark ran 50000 iterations (40000 used after warmup)
Total elapsed (wall):     2.981372 s
CPU cycles (avg):         298417
Instructions (avg):       1322354
Instructions per cycle:   4.4312
Instructions per byte:    3.6113
Throughput:              4.91 GB/s
-----------------------Custom ctx->lengths mode: 13---------------------------

 ***** Benchmarking EVP_EncodeUpdate *****:
Benchmark ran 50000 iterations (40000 used after warmup)
Total elapsed (wall):     10.009870 s
CPU cycles (avg):         1075938
Instructions (avg):       6001940
Instructions per cycle:   5.5783
Instructions per byte:    16.3909
Throughput:              1.46 GB/s
-----------------------Custom ctx->lengths mode: 14---------------------------

 ***** Benchmarking EVP_EncodeUpdate *****:
Benchmark ran 50000 iterations (40000 used after warmup)
Total elapsed (wall):     9.755018 s
CPU cycles (avg):         1050619
Instructions (avg):       5808680
Instructions per cycle:   5.5288
Instructions per byte:    15.8631
Throughput:              1.50 GB/s
-----------------------Custom ctx->lengths mode: 15---------------------------

 ***** Benchmarking EVP_EncodeUpdate *****:
Benchmark ran 50000 iterations (40000 used after warmup)
Total elapsed (wall):     3.067163 s
CPU cycles (avg):         311521
Instructions (avg):       1379167
Instructions per cycle:   4.4272
Instructions per byte:    3.7664
Throughput:              4.78 GB/s
-----------------------Custom ctx->lengths mode: 16---------------------------

 ***** Benchmarking EVP_EncodeUpdate *****:
Benchmark ran 50000 iterations (40000 used after warmup)
Total elapsed (wall):     9.850638 s
CPU cycles (avg):         1060770
Instructions (avg):       5906855
Instructions per cycle:   5.5685
Instructions per byte:    16.1312
Throughput:              1.49 GB/s
-----------------------Custom ctx->lengths mode: 17---------------------------

 ***** Benchmarking EVP_EncodeUpdate *****:
Benchmark ran 50000 iterations (40000 used after warmup)
Total elapsed (wall):     9.666047 s
CPU cycles (avg):         1041426
Instructions (avg):       5753386
Instructions per cycle:   5.5245
Instructions per byte:    15.7121
Throughput:              1.52 GB/s
-----------------------Custom ctx->lengths mode: 18---------------------------

 ***** Benchmarking EVP_EncodeUpdate *****:
Benchmark ran 50000 iterations (40000 used after warmup)
Total elapsed (wall):     2.754708 s
CPU cycles (avg):         277758
Instructions (avg):       1265270
Instructions per cycle:   4.5553
Instructions per byte:    3.4554
Throughput:              5.32 GB/s
-----------------------Custom ctx->lengths mode: 19---------------------------

 ***** Benchmarking EVP_EncodeUpdate *****:
Benchmark ran 50000 iterations (40000 used after warmup)
Total elapsed (wall):     10.071986 s
CPU cycles (avg):         1076639
Instructions (avg):       5841812
Instructions per cycle:   5.4260
Instructions per byte:    15.9536
Throughput:              1.45 GB/s
-----------------------Custom ctx->lengths mode: 20---------------------------

 ***** Benchmarking EVP_EncodeUpdate *****:
Benchmark ran 50000 iterations (40000 used after warmup)
Total elapsed (wall):     9.668719 s
CPU cycles (avg):         1039786
Instructions (avg):       5714612
Instructions per cycle:   5.4959
Instructions per byte:    15.6062
Throughput:              1.51 GB/s
-----------------------Custom ctx->lengths mode: 21---------------------------

 ***** Benchmarking EVP_EncodeUpdate *****:
Benchmark ran 50000 iterations (40000 used after warmup)
Total elapsed (wall):     2.771800 s
CPU cycles (avg):         278661
Instructions (avg):       1237337
Instructions per cycle:   4.4403
Instructions per byte:    3.3791
Throughput:              5.28 GB/s
-----------------------Custom ctx->lengths mode: 22---------------------------

 ***** Benchmarking EVP_EncodeUpdate *****:
Benchmark ran 50000 iterations (40000 used after warmup)
Total elapsed (wall):     9.664783 s
CPU cycles (avg):         1040498
Instructions (avg):       5794499
Instructions per cycle:   5.5690
Instructions per byte:    15.8244
Throughput:              1.52 GB/s
-----------------------Custom ctx->lengths mode: 23---------------------------

 ***** Benchmarking EVP_EncodeUpdate *****:
Benchmark ran 50000 iterations (40000 used after warmup)
Total elapsed (wall):     9.508700 s
CPU cycles (avg):         1027114
Instructions (avg):       5685954
Instructions per cycle:   5.5359
Instructions per byte:    15.5279
Throughput:              1.54 GB/s
-----------------------Custom ctx->lengths mode: 24---------------------------

 ***** Benchmarking EVP_EncodeUpdate *****:
Benchmark ran 50000 iterations (40000 used after warmup)
Total elapsed (wall):     1.325135 s
CPU cycles (avg):         121936
Instructions (avg):       465962
Instructions per cycle:   3.8214
Instructions per byte:    1.2725
Throughput:              11.05 GB/s
-----------------------Custom ctx->lengths mode: 25---------------------------

 ***** Benchmarking EVP_EncodeUpdate *****:
Benchmark ran 50000 iterations (40000 used after warmup)
Total elapsed (wall):     9.563543 s
CPU cycles (avg):         1034697
Instructions (avg):       5758559
Instructions per cycle:   5.5655
Instructions per byte:    15.7262
Throughput:              1.53 GB/s
-----------------------Custom ctx->lengths mode: 26---------------------------

 ***** Benchmarking EVP_EncodeUpdate *****:
Benchmark ran 50000 iterations (40000 used after warmup)
Total elapsed (wall):     9.438044 s
CPU cycles (avg):         1022577
Instructions (avg):       5663915
Instructions per cycle:   5.5389
Instructions per byte:    15.4677
Throughput:              1.55 GB/s
-----------------------Custom ctx->lengths mode: 27---------------------------

 ***** Benchmarking EVP_EncodeUpdate *****:
Benchmark ran 50000 iterations (40000 used after warmup)
Total elapsed (wall):     1.653276 s
CPU cycles (avg):         157675
Instructions (avg):       764170
Instructions per cycle:   4.8465
Instructions per byte:    2.0869
Throughput:              8.86 GB/s
-----------------------Custom ctx->lengths mode: 28---------------------------

 ***** Benchmarking EVP_EncodeUpdate *****:
Benchmark ran 50000 iterations (40000 used after warmup)
Total elapsed (wall):     9.493081 s
CPU cycles (avg):         1030018
Instructions (avg):       5730309
Instructions per cycle:   5.5633
Instructions per byte:    15.6491
Throughput:              1.54 GB/s
-----------------------Custom ctx->lengths mode: 29---------------------------

 ***** Benchmarking EVP_EncodeUpdate *****:
Benchmark ran 50000 iterations (40000 used after warmup)
Total elapsed (wall):     9.541527 s
CPU cycles (avg):         1027965
Instructions (avg):       5646422
Instructions per cycle:   5.4928
Instructions per byte:    15.4200
Throughput:              1.54 GB/s
-----------------------Custom ctx->lengths mode: 30---------------------------

 ***** Benchmarking EVP_EncodeUpdate *****:
Benchmark ran 50000 iterations (40000 used after warmup)
Total elapsed (wall):     1.599887 s
CPU cycles (avg):         148521
Instructions (avg):       703986
Instructions per cycle:   4.7399
Instructions per byte:    1.9225
Throughput:              9.16 GB/s
-----------------------Custom ctx->lengths mode: 31---------------------------

 ***** Benchmarking EVP_EncodeUpdate *****:
Benchmark ran 50000 iterations (40000 used after warmup)
Total elapsed (wall):     9.479755 s
CPU cycles (avg):         1027584
Instructions (avg):       5707503
Instructions per cycle:   5.5543
Instructions per byte:    15.5868
Throughput:              1.55 GB/s
-----------------------Custom ctx->lengths mode: 32---------------------------

 ***** Benchmarking EVP_EncodeUpdate *****:
Benchmark ran 50000 iterations (40000 used after warmup)
Total elapsed (wall):     9.387909 s
CPU cycles (avg):         1015690
Instructions (avg):       5632237
Instructions per cycle:   5.5452
Instructions per byte:    15.3812
Throughput:              1.56 GB/s
-----------------------Custom ctx->lengths mode: 33---------------------------

 ***** Benchmarking EVP_EncodeUpdate *****:
Benchmark ran 50000 iterations (40000 used after warmup)
Total elapsed (wall):     1.560946 s
CPU cycles (avg):         146711
Instructions (avg):       716880
Instructions per cycle:   4.8863
Instructions per byte:    1.9577
Throughput:              9.38 GB/s
-----------------------Custom ctx->lengths mode: 34---------------------------

 ***** Benchmarking EVP_EncodeUpdate *****:
Benchmark ran 50000 iterations (40000 used after warmup)
Total elapsed (wall):     9.905798 s
CPU cycles (avg):         1059313
Instructions (avg):       5688732
Instructions per cycle:   5.3702
Instructions per byte:    15.5355
Throughput:              1.48 GB/s
-----------------------Custom ctx->lengths mode: 35---------------------------

 ***** Benchmarking EVP_EncodeUpdate *****:
Benchmark ran 50000 iterations (40000 used after warmup)
Total elapsed (wall):     9.527156 s
CPU cycles (avg):         1021327
Instructions (avg):       5620447
Instructions per cycle:   5.5031
Instructions per byte:    15.3490
Throughput:              1.54 GB/s
-----------------------Custom ctx->lengths mode: 36---------------------------

 ***** Benchmarking EVP_EncodeUpdate *****:
Benchmark ran 50000 iterations (40000 used after warmup)
Total elapsed (wall):     1.441525 s
CPU cycles (avg):         131116
Instructions (avg):       611997
Instructions per cycle:   4.6676
Instructions per byte:    1.6713
Throughput:              10.16 GB/s
-----------------------Custom ctx->lengths mode: 37---------------------------

 ***** Benchmarking EVP_EncodeUpdate *****:
Benchmark ran 50000 iterations (40000 used after warmup)
Total elapsed (wall):     9.743537 s
CPU cycles (avg):         1041677
Instructions (avg):       5673021
Instructions per cycle:   5.4460
Instructions per byte:    15.4926
Throughput:              1.50 GB/s
-----------------------Custom ctx->lengths mode: 38---------------------------

 ***** Benchmarking EVP_EncodeUpdate *****:
Benchmark ran 50000 iterations (40000 used after warmup)
Total elapsed (wall):     9.560900 s
CPU cycles (avg):         1021326
Instructions (avg):       5610562
Instructions per cycle:   5.4934
Instructions per byte:    15.3220
Throughput:              1.53 GB/s
-----------------------Custom ctx->lengths mode: 39---------------------------

 ***** Benchmarking EVP_EncodeUpdate *****:
Benchmark ran 50000 iterations (40000 used after warmup)
Total elapsed (wall):     1.523095 s
CPU cycles (avg):         140842
Instructions (avg):       683328
Instructions per cycle:   4.8517
Instructions per byte:    1.8661
Throughput:              9.62 GB/s
-----------------------Custom ctx->lengths mode: 40---------------------------

 ***** Benchmarking EVP_EncodeUpdate *****:
Benchmark ran 50000 iterations (40000 used after warmup)
Total elapsed (wall):     9.552351 s
CPU cycles (avg):         1022302
Instructions (avg):       5659664
Instructions per cycle:   5.5362
Instructions per byte:    15.4561
Throughput:              1.53 GB/s
-----------------------Custom ctx->lengths mode: 41---------------------------

 ***** Benchmarking EVP_EncodeUpdate *****:
Benchmark ran 50000 iterations (40000 used after warmup)
Total elapsed (wall):     9.473628 s
CPU cycles (avg):         1016971
Instructions (avg):       5602094
Instructions per cycle:   5.5086
Instructions per byte:    15.2989
Throughput:              1.55 GB/s
-----------------------Custom ctx->lengths mode: 42---------------------------

 ***** Benchmarking EVP_EncodeUpdate *****:
Benchmark ran 50000 iterations (40000 used after warmup)
Total elapsed (wall):     1.487527 s
CPU cycles (avg):         135626
Instructions (avg):       645386
Instructions per cycle:   4.7585
Instructions per byte:    1.7625
Throughput:              9.85 GB/s
-----------------------Custom ctx->lengths mode: 43---------------------------

 ***** Benchmarking EVP_EncodeUpdate *****:
Benchmark ran 50000 iterations (40000 used after warmup)
Total elapsed (wall):     9.561676 s
CPU cycles (avg):         1019689
Instructions (avg):       5648160
Instructions per cycle:   5.5391
Instructions per byte:    15.4247
Throughput:              1.53 GB/s
-----------------------Custom ctx->lengths mode: 44---------------------------

 ***** Benchmarking EVP_EncodeUpdate *****:
Benchmark ran 50000 iterations (40000 used after warmup)
Total elapsed (wall):     9.480242 s
CPU cycles (avg):         1015535
Instructions (avg):       5594760
Instructions per cycle:   5.5092
Instructions per byte:    15.2789
Throughput:              1.55 GB/s
-----------------------Custom ctx->lengths mode: 45---------------------------

 ***** Benchmarking EVP_EncodeUpdate *****:
Benchmark ran 50000 iterations (40000 used after warmup)
Total elapsed (wall):     1.512120 s
CPU cycles (avg):         138448
Instructions (avg):       658734
Instructions per cycle:   4.7580
Instructions per byte:    1.7990
Throughput:              9.69 GB/s
-----------------------Custom ctx->lengths mode: 46---------------------------

 ***** Benchmarking EVP_EncodeUpdate *****:
Benchmark ran 50000 iterations (40000 used after warmup)
Total elapsed (wall):     9.873388 s
CPU cycles (avg):         1046836
Instructions (avg):       5638195
Instructions per cycle:   5.3859
Instructions per byte:    15.3975
Throughput:              1.48 GB/s
-----------------------Custom ctx->lengths mode: 47---------------------------

 ***** Benchmarking EVP_EncodeUpdate *****:
Benchmark ran 50000 iterations (40000 used after warmup)
Total elapsed (wall):     9.480054 s
CPU cycles (avg):         1014483
Instructions (avg):       5588416
Instructions per cycle:   5.5086
Instructions per byte:    15.2616
Throughput:              1.55 GB/s
-----------------------Custom ctx->lengths mode: 48---------------------------

 ***** Benchmarking EVP_EncodeUpdate *****:
Benchmark ran 50000 iterations (40000 used after warmup)
Total elapsed (wall):     1.014119 s
CPU cycles (avg):         85364
Instructions (avg):       374417
Instructions per cycle:   4.3861
Instructions per byte:    1.0225
Throughput:              14.44 GB/s
-----------------------Custom ctx->lengths mode: 49---------------------------

 ***** Benchmarking EVP_EncodeUpdate *****:
Benchmark ran 50000 iterations (40000 used after warmup)
Total elapsed (wall):     9.401385 s
CPU cycles (avg):         1013294
Instructions (avg):       5629410
Instructions per cycle:   5.5556
Instructions per byte:    15.3735
Throughput:              1.56 GB/s
-----------------------Custom ctx->lengths mode: 50---------------------------

 ***** Benchmarking EVP_EncodeUpdate *****:
Benchmark ran 50000 iterations (40000 used after warmup)
Total elapsed (wall):     9.302615 s
CPU cycles (avg):         1007207
Instructions (avg):       5582818
Instructions per cycle:   5.5429
Instructions per byte:    15.2463
Throughput:              1.57 GB/s
-----------------------Custom ctx->lengths mode: 51---------------------------

 ***** Benchmarking EVP_EncodeUpdate *****:
Benchmark ran 50000 iterations (40000 used after warmup)
Total elapsed (wall):     1.423768 s
CPU cycles (avg):         131213
Instructions (avg):       641102
Instructions per cycle:   4.8859
Instructions per byte:    1.7508
Throughput:              10.29 GB/s
-----------------------Custom ctx->lengths mode: 52---------------------------

 ***** Benchmarking EVP_EncodeUpdate *****:
Benchmark ran 50000 iterations (40000 used after warmup)
Total elapsed (wall):     9.445126 s
CPU cycles (avg):         1018212
Instructions (avg):       5621652
Instructions per cycle:   5.5211
Instructions per byte:    15.3523
Throughput:              1.55 GB/s
-----------------------Custom ctx->lengths mode: 53---------------------------

 ***** Benchmarking EVP_EncodeUpdate *****:
Benchmark ran 50000 iterations (40000 used after warmup)
Total elapsed (wall):     9.231077 s
CPU cycles (avg):         1004034
Instructions (avg):       5577803
Instructions per cycle:   5.5554
Instructions per byte:    15.2326
Throughput:              1.59 GB/s
-----------------------Custom ctx->lengths mode: 54---------------------------

 ***** Benchmarking EVP_EncodeUpdate *****:
Benchmark ran 50000 iterations (40000 used after warmup)
Total elapsed (wall):     1.349152 s
CPU cycles (avg):         124631
Instructions (avg):       611606
Instructions per cycle:   4.9073
Instructions per byte:    1.6703
Throughput:              10.86 GB/s
-----------------------Custom ctx->lengths mode: 55---------------------------

 ***** Benchmarking EVP_EncodeUpdate *****:
Benchmark ran 50000 iterations (40000 used after warmup)
Total elapsed (wall):     9.327399 s
CPU cycles (avg):         1007648
Instructions (avg):       5614701
Instructions per cycle:   5.5721
Instructions per byte:    15.3333
Throughput:              1.57 GB/s
-----------------------Custom ctx->lengths mode: 56---------------------------

 ***** Benchmarking EVP_EncodeUpdate *****:
Benchmark ran 50000 iterations (40000 used after warmup)
Total elapsed (wall):     9.371840 s
CPU cycles (avg):         1014331
Instructions (avg):       5573381
Instructions per cycle:   5.4946
Instructions per byte:    15.2205
Throughput:              1.56 GB/s
-----------------------Custom ctx->lengths mode: 57---------------------------

 ***** Benchmarking EVP_EncodeUpdate *****:
Benchmark ran 50000 iterations (40000 used after warmup)
Total elapsed (wall):     1.459489 s
CPU cycles (avg):         133542
Instructions (avg):       625070
Instructions per cycle:   4.6807
Instructions per byte:    1.7070
Throughput:              10.04 GB/s
-----------------------Custom ctx->lengths mode: 58---------------------------

 ***** Benchmarking EVP_EncodeUpdate *****:
Benchmark ran 50000 iterations (40000 used after warmup)
Total elapsed (wall):     9.369992 s
CPU cycles (avg):         1011490
Instructions (avg):       5608522
Instructions per cycle:   5.5448
Instructions per byte:    15.3165
Throughput:              1.56 GB/s
-----------------------Custom ctx->lengths mode: 59---------------------------

 ***** Benchmarking EVP_EncodeUpdate *****:
Benchmark ran 50000 iterations (40000 used after warmup)
Total elapsed (wall):     9.292571 s
CPU cycles (avg):         1003381
Instructions (avg):       5569365
Instructions per cycle:   5.5506
Instructions per byte:    15.2095
Throughput:              1.58 GB/s
-----------------------Custom ctx->lengths mode: 60---------------------------

 ***** Benchmarking EVP_EncodeUpdate *****:
Benchmark ran 50000 iterations (40000 used after warmup)
Total elapsed (wall):     1.305916 s
CPU cycles (avg):         118257
Instructions (avg):       567933
Instructions per cycle:   4.8025
Instructions per byte:    1.5510
Throughput:              11.22 GB/s
-----------------------Custom ctx->lengths mode: 61---------------------------

 ***** Benchmarking EVP_EncodeUpdate *****:
Benchmark ran 50000 iterations (40000 used after warmup)
Total elapsed (wall):     9.339837 s
CPU cycles (avg):         1008794
Instructions (avg):       5602930
Instructions per cycle:   5.5541
Instructions per byte:    15.3012
Throughput:              1.57 GB/s
-----------------------Custom ctx->lengths mode: 62---------------------------

 ***** Benchmarking EVP_EncodeUpdate *****:
Benchmark ran 50000 iterations (40000 used after warmup)
Total elapsed (wall):     9.278738 s
CPU cycles (avg):         1007073
Instructions (avg):       5565776
Instructions per cycle:   5.5267
Instructions per byte:    15.1997
Throughput:              1.58 GB/s
-----------------------Custom ctx->lengths mode: 63---------------------------

 ***** Benchmarking EVP_EncodeUpdate *****:
Benchmark ran 50000 iterations (40000 used after warmup)
Total elapsed (wall):     1.380454 s
CPU cycles (avg):         126501
Instructions (avg):       613048
Instructions per cycle:   4.8462
Instructions per byte:    1.6742
Throughput:              10.61 GB/s
-----------------------Custom ctx->lengths mode: 64---------------------------

 ***** Benchmarking EVP_EncodeUpdate *****:
Benchmark ran 50000 iterations (40000 used after warmup)
Total elapsed (wall):     9.317799 s
CPU cycles (avg):         1009495
Instructions (avg):       5597869
Instructions per cycle:   5.5452
Instructions per byte:    15.2874
Throughput:              1.57 GB/s
-----------------------Custom ctx->lengths mode: 65---------------------------

 ***** Benchmarking EVP_EncodeUpdate *****:
Benchmark ran 50000 iterations (40000 used after warmup)
Total elapsed (wall):     9.248608 s
CPU cycles (avg):         1001022
Instructions (avg):       5562506
Instructions per cycle:   5.5568
Instructions per byte:    15.1908
Throughput:              1.58 GB/s
-----------------------Custom ctx->lengths mode: 66---------------------------

 ***** Benchmarking EVP_EncodeUpdate *****:
Benchmark ran 50000 iterations (40000 used after warmup)
Total elapsed (wall):     1.352912 s
CPU cycles (avg):         123641
Instructions (avg):       593290
Instructions per cycle:   4.7985
Instructions per byte:    1.6202
Throughput:              10.83 GB/s
-----------------------Custom ctx->lengths mode: 67---------------------------

 ***** Benchmarking EVP_EncodeUpdate *****:
Benchmark ran 50000 iterations (40000 used after warmup)
Total elapsed (wall):     9.286580 s
CPU cycles (avg):         1005926
Instructions (avg):       5593265
Instructions per cycle:   5.5603
Instructions per byte:    15.2748
Throughput:              1.58 GB/s
-----------------------Custom ctx->lengths mode: 68---------------------------

 ***** Benchmarking EVP_EncodeUpdate *****:
Benchmark ran 50000 iterations (40000 used after warmup)
Total elapsed (wall):     9.548095 s
CPU cycles (avg):         1027063
Instructions (avg):       5559508
Instructions per cycle:   5.4130
Instructions per byte:    15.1826
Throughput:              1.53 GB/s
-----------------------Custom ctx->lengths mode: 69---------------------------

 ***** Benchmarking EVP_EncodeUpdate *****:
Benchmark ran 50000 iterations (40000 used after warmup)
Total elapsed (wall):     1.431194 s
CPU cycles (avg):         128458
Instructions (avg):       604297
Instructions per cycle:   4.7042
Instructions per byte:    1.6503
Throughput:              10.23 GB/s
-----------------------Custom ctx->lengths mode: 70---------------------------

 ***** Benchmarking EVP_EncodeUpdate *****:
Benchmark ran 50000 iterations (40000 used after warmup)
Total elapsed (wall):     9.310704 s
CPU cycles (avg):         1006010
Instructions (avg):       5589051
Instructions per cycle:   5.5557
Instructions per byte:    15.2633
Throughput:              1.57 GB/s
-----------------------Custom ctx->lengths mode: 71---------------------------

 ***** Benchmarking EVP_EncodeUpdate *****:
Benchmark ran 50000 iterations (40000 used after warmup)
Total elapsed (wall):     9.266699 s
CPU cycles (avg):         1001572
Instructions (avg):       5556705
Instructions per cycle:   5.5480
Instructions per byte:    15.1750
Throughput:              1.58 GB/s
-----------------------Custom ctx->lengths mode: 72---------------------------

 ***** Benchmarking EVP_EncodeUpdate *****:
Benchmark ran 50000 iterations (40000 used after warmup)
Total elapsed (wall):     1.169431 s
CPU cycles (avg):         102904
Instructions (avg):       503853
Instructions per cycle:   4.8963
Instructions per byte:    1.3760
Throughput:              12.52 GB/s
-----------------------Custom ctx->lengths mode: 73---------------------------

 ***** Benchmarking EVP_EncodeUpdate *****:
Benchmark ran 50000 iterations (40000 used after warmup)
Total elapsed (wall):     9.266029 s
CPU cycles (avg):         1002414
Instructions (avg):       5585163
Instructions per cycle:   5.5717
Instructions per byte:    15.2527
Throughput:              1.58 GB/s
-----------------------Custom ctx->lengths mode: 74---------------------------

 ***** Benchmarking EVP_EncodeUpdate *****:
Benchmark ran 50000 iterations (40000 used after warmup)
Total elapsed (wall):     9.261514 s
CPU cycles (avg):         1001816
Instructions (avg):       5554281
Instructions per cycle:   5.5442
Instructions per byte:    15.1683
Throughput:              1.58 GB/s
-----------------------Custom ctx->lengths mode: 75---------------------------

 ***** Benchmarking EVP_EncodeUpdate *****:
Benchmark ran 50000 iterations (40000 used after warmup)
Total elapsed (wall):     1.347240 s
CPU cycles (avg):         122613
Instructions (avg):       594791
Instructions per cycle:   4.8509
Instructions per byte:    1.6243
Throughput:              10.87 GB/s
-----------------------Custom ctx->lengths mode: 76---------------------------

 ***** Benchmarking EVP_EncodeUpdate *****:
Benchmark ran 50000 iterations (40000 used after warmup)
Total elapsed (wall):     9.274497 s
CPU cycles (avg):         1003273
Instructions (avg):       5581614
Instructions per cycle:   5.5634
Instructions per byte:    15.2430
Throughput:              1.58 GB/s
-----------------------Custom ctx->lengths mode: 77---------------------------

 ***** Benchmarking EVP_EncodeUpdate *****:
Benchmark ran 50000 iterations (40000 used after warmup)
Total elapsed (wall):     9.234180 s
CPU cycles (avg):         999612
Instructions (avg):       5551993
Instructions per cycle:   5.5541
Instructions per byte:    15.1621
Throughput:              1.59 GB/s
-----------------------Custom ctx->lengths mode: 78---------------------------

 ***** Benchmarking EVP_EncodeUpdate *****:
Benchmark ran 50000 iterations (40000 used after warmup)
Total elapsed (wall):     1.285180 s
CPU cycles (avg):         116034
Instructions (avg):       580145
Instructions per cycle:   4.9998
Instructions per byte:    1.5843
Throughput:              11.40 GB/s
-----------------------Custom ctx->lengths mode: 79---------------------------

 ***** Benchmarking EVP_EncodeUpdate *****:
Benchmark ran 50000 iterations (40000 used after warmup)
Total elapsed (wall):     9.262759 s
CPU cycles (avg):         1006560
Instructions (avg):       5578326
Instructions per cycle:   5.5420
Instructions per byte:    15.2340
Throughput:              1.58 GB/s
-----------------------Custom ctx->lengths mode: 80---------------------------

 ***** Benchmarking EVP_EncodeUpdate *****:
Benchmark ran 50000 iterations (40000 used after warmup)
Total elapsed (wall):     9.308560 s
CPU cycles (avg):         1009975
Instructions (avg):       5549859
Instructions per cycle:   5.4950
Instructions per byte:    15.1563
Throughput:              1.57 GB/s

======================= Alphabet: SRP =======================
-----------------------DISABLE NEWLINES/NO_NL mode---------------------------

 ***** Benchmarking EVP_EncodeUpdate *****:
Benchmark ran 50000 iterations (40000 used after warmup)
Total elapsed (wall):     1.542874 s
CPU cycles (avg):         146791
Instructions (avg):       614503
Instructions per cycle:   4.1862
Instructions per byte:    1.6782
Throughput:              9.49 GB/s
-----------------------PEM mode---------------------------

 ***** Benchmarking EVP_EncodeUpdate *****:
Benchmark ran 50000 iterations (40000 used after warmup)
Total elapsed (wall):     1.527172 s
CPU cycles (avg):         143402
Instructions (avg):       614473
Instructions per cycle:   4.2849
Instructions per byte:    1.6781
Throughput:              9.59 GB/s
-----------------------Custom ctx->lengths mode: 1---------------------------

 ***** Benchmarking EVP_EncodeUpdate *****:
Benchmark ran 50000 iterations (40000 used after warmup)
Total elapsed (wall):     9.759036 s
CPU cycles (avg):         1050904
Instructions (avg):       5128218
Instructions per cycle:   4.8798
Instructions per byte:    14.0048
Throughput:              1.50 GB/s
-----------------------Custom ctx->lengths mode: 2---------------------------

 ***** Benchmarking EVP_EncodeUpdate *****:
Benchmark ran 50000 iterations (40000 used after warmup)
Total elapsed (wall):     16.311778 s
CPU cycles (avg):         1767132
Instructions (avg):       9339448
Instructions per cycle:   5.2851
Instructions per byte:    25.5054
Throughput:              0.90 GB/s
-----------------------Custom ctx->lengths mode: 3---------------------------

 ***** Benchmarking EVP_EncodeUpdate *****:
Benchmark ran 50000 iterations (40000 used after warmup)
Total elapsed (wall):     2.238288 s
CPU cycles (avg):         216273
Instructions (avg):       860837
Instructions per cycle:   3.9803
Instructions per byte:    2.3509
Throughput:              6.54 GB/s
-----------------------Custom ctx->lengths mode: 4---------------------------

 ***** Benchmarking EVP_EncodeUpdate *****:
Benchmark ran 50000 iterations (40000 used after warmup)
Total elapsed (wall):     11.837414 s
CPU cycles (avg):         1266635
Instructions (avg):       7142616
Instructions per cycle:   5.6390
Instructions per byte:    19.5060
Throughput:              1.24 GB/s
-----------------------Custom ctx->lengths mode: 5---------------------------

 ***** Benchmarking EVP_EncodeUpdate *****:
Benchmark ran 50000 iterations (40000 used after warmup)
Total elapsed (wall):     10.714063 s
CPU cycles (avg):         1154463
Instructions (avg):       6373663
Instructions per cycle:   5.5209
Instructions per byte:    17.4060
Throughput:              1.37 GB/s
-----------------------Custom ctx->lengths mode: 6---------------------------

 ***** Benchmarking EVP_EncodeUpdate *****:
Benchmark ran 50000 iterations (40000 used after warmup)
Total elapsed (wall):     2.271274 s
CPU cycles (avg):         224993
Instructions (avg):       711619
Instructions per cycle:   3.1628
Instructions per byte:    1.9434
Throughput:              6.45 GB/s
-----------------------Custom ctx->lengths mode: 7---------------------------

 ***** Benchmarking EVP_EncodeUpdate *****:
Benchmark ran 50000 iterations (40000 used after warmup)
Total elapsed (wall):     10.844847 s
CPU cycles (avg):         1160925
Instructions (avg):       6436427
Instructions per cycle:   5.5442
Instructions per byte:    17.5774
Throughput:              1.35 GB/s
-----------------------Custom ctx->lengths mode: 8---------------------------

 ***** Benchmarking EVP_EncodeUpdate *****:
Benchmark ran 50000 iterations (40000 used after warmup)
Total elapsed (wall):     10.261143 s
CPU cycles (avg):         1103048
Instructions (avg):       6044194
Instructions per cycle:   5.4795
Instructions per byte:    16.5063
Throughput:              1.43 GB/s
-----------------------Custom ctx->lengths mode: 9---------------------------

 ***** Benchmarking EVP_EncodeUpdate *****:
Benchmark ran 50000 iterations (40000 used after warmup)
Total elapsed (wall):     3.378739 s
CPU cycles (avg):         344641
Instructions (avg):       1456033
Instructions per cycle:   4.2248
Instructions per byte:    3.9763
Throughput:              4.34 GB/s
-----------------------Custom ctx->lengths mode: 10---------------------------

 ***** Benchmarking EVP_EncodeUpdate *****:
Benchmark ran 50000 iterations (40000 used after warmup)
Total elapsed (wall):     10.679664 s
CPU cycles (avg):         1134871
Instructions (avg):       6154037
Instructions per cycle:   5.4227
Instructions per byte:    16.8062
Throughput:              1.37 GB/s
-----------------------Custom ctx->lengths mode: 11---------------------------

 ***** Benchmarking EVP_EncodeUpdate *****:
Benchmark ran 50000 iterations (40000 used after warmup)
Total elapsed (wall):     10.308050 s
CPU cycles (avg):         1112155
Instructions (avg):       5894403
Instructions per cycle:   5.3000
Instructions per byte:    16.0972
Throughput:              1.42 GB/s
-----------------------Custom ctx->lengths mode: 12---------------------------

 ***** Benchmarking EVP_EncodeUpdate *****:
Benchmark ran 50000 iterations (40000 used after warmup)
Total elapsed (wall):     3.398267 s
CPU cycles (avg):         348641
Instructions (avg):       1554840
Instructions per cycle:   4.4597
Instructions per byte:    4.2462
Throughput:              4.31 GB/s
-----------------------Custom ctx->lengths mode: 13---------------------------

 ***** Benchmarking EVP_EncodeUpdate *****:
Benchmark ran 50000 iterations (40000 used after warmup)
Total elapsed (wall):     9.894722 s
CPU cycles (avg):         1068391
Instructions (avg):       6001955
Instructions per cycle:   5.6177
Instructions per byte:    16.3909
Throughput:              1.48 GB/s
-----------------------Custom ctx->lengths mode: 14---------------------------

 ***** Benchmarking EVP_EncodeUpdate *****:
Benchmark ran 50000 iterations (40000 used after warmup)
Total elapsed (wall):     9.664589 s
CPU cycles (avg):         1045988
Instructions (avg):       5808696
Instructions per cycle:   5.5533
Instructions per byte:    15.8631
Throughput:              1.52 GB/s
-----------------------Custom ctx->lengths mode: 15---------------------------

 ***** Benchmarking EVP_EncodeUpdate *****:
Benchmark ran 50000 iterations (40000 used after warmup)
Total elapsed (wall):     3.336368 s
CPU cycles (avg):         342246
Instructions (avg):       1611713
Instructions per cycle:   4.7092
Instructions per byte:    4.4015
Throughput:              4.39 GB/s
-----------------------Custom ctx->lengths mode: 16---------------------------

 ***** Benchmarking EVP_EncodeUpdate *****:
Benchmark ran 50000 iterations (40000 used after warmup)
Total elapsed (wall):     9.824357 s
CPU cycles (avg):         1062475
Instructions (avg):       5906870
Instructions per cycle:   5.5595
Instructions per byte:    16.1312
Throughput:              1.49 GB/s
-----------------------Custom ctx->lengths mode: 17---------------------------

 ***** Benchmarking EVP_EncodeUpdate *****:
Benchmark ran 50000 iterations (40000 used after warmup)
Total elapsed (wall):     9.972514 s
CPU cycles (avg):         1065592
Instructions (avg):       5753401
Instructions per cycle:   5.3992
Instructions per byte:    15.7121
Throughput:              1.47 GB/s
-----------------------Custom ctx->lengths mode: 18---------------------------

 ***** Benchmarking EVP_EncodeUpdate *****:
Benchmark ran 50000 iterations (40000 used after warmup)
Total elapsed (wall):     3.206502 s
CPU cycles (avg):         326023
Instructions (avg):       1497817
Instructions per cycle:   4.5942
Instructions per byte:    4.0904
Throughput:              4.57 GB/s
-----------------------Custom ctx->lengths mode: 19---------------------------

 ***** Benchmarking EVP_EncodeUpdate *****:
Benchmark ran 50000 iterations (40000 used after warmup)
Total elapsed (wall):     9.807372 s
CPU cycles (avg):         1055281
Instructions (avg):       5841827
Instructions per cycle:   5.5358
Instructions per byte:    15.9536
Throughput:              1.49 GB/s
-----------------------Custom ctx->lengths mode: 20---------------------------

 ***** Benchmarking EVP_EncodeUpdate *****:
Benchmark ran 50000 iterations (40000 used after warmup)
Total elapsed (wall):     9.525217 s
CPU cycles (avg):         1030989
Instructions (avg):       5714627
Instructions per cycle:   5.5429
Instructions per byte:    15.6062
Throughput:              1.54 GB/s
-----------------------Custom ctx->lengths mode: 21---------------------------

 ***** Benchmarking EVP_EncodeUpdate *****:
Benchmark ran 50000 iterations (40000 used after warmup)
Total elapsed (wall):     3.128888 s
CPU cycles (avg):         317770
Instructions (avg):       1469823
Instructions per cycle:   4.6254
Instructions per byte:    4.0140
Throughput:              4.68 GB/s
-----------------------Custom ctx->lengths mode: 22---------------------------

 ***** Benchmarking EVP_EncodeUpdate *****:
Benchmark ran 50000 iterations (40000 used after warmup)
Total elapsed (wall):     9.672219 s
CPU cycles (avg):         1045880
Instructions (avg):       5794514
Instructions per cycle:   5.5403
Instructions per byte:    15.8244
Throughput:              1.51 GB/s
-----------------------Custom ctx->lengths mode: 23---------------------------

 ***** Benchmarking EVP_EncodeUpdate *****:
Benchmark ran 50000 iterations (40000 used after warmup)
Total elapsed (wall):     9.743374 s
CPU cycles (avg):         1044150
Instructions (avg):       5685969
Instructions per cycle:   5.4455
Instructions per byte:    15.5280
Throughput:              1.50 GB/s
-----------------------Custom ctx->lengths mode: 24---------------------------

 ***** Benchmarking EVP_EncodeUpdate *****:
Benchmark ran 50000 iterations (40000 used after warmup)
Total elapsed (wall):     1.660627 s
CPU cycles (avg):         157795
Instructions (avg):       706007
Instructions per cycle:   4.4742
Instructions per byte:    1.9281
Throughput:              8.82 GB/s
-----------------------Custom ctx->lengths mode: 25---------------------------

 ***** Benchmarking EVP_EncodeUpdate *****:
Benchmark ran 50000 iterations (40000 used after warmup)
Total elapsed (wall):     9.597855 s
CPU cycles (avg):         1035406
Instructions (avg):       5758574
Instructions per cycle:   5.5617
Instructions per byte:    15.7262
Throughput:              1.53 GB/s
-----------------------Custom ctx->lengths mode: 26---------------------------

 ***** Benchmarking EVP_EncodeUpdate *****:
Benchmark ran 50000 iterations (40000 used after warmup)
Total elapsed (wall):     9.428954 s
CPU cycles (avg):         1018956
Instructions (avg):       5663930
Instructions per cycle:   5.5586
Instructions per byte:    15.4678
Throughput:              1.55 GB/s
-----------------------Custom ctx->lengths mode: 27---------------------------

 ***** Benchmarking EVP_EncodeUpdate *****:
Benchmark ran 50000 iterations (40000 used after warmup)
Total elapsed (wall):     2.102468 s
CPU cycles (avg):         207789
Instructions (avg):       1001379
Instructions per cycle:   4.8192
Instructions per byte:    2.7347
Throughput:              6.97 GB/s
-----------------------Custom ctx->lengths mode: 28---------------------------

 ***** Benchmarking EVP_EncodeUpdate *****:
Benchmark ran 50000 iterations (40000 used after warmup)
Total elapsed (wall):     9.493006 s
CPU cycles (avg):         1026802
Instructions (avg):       5730324
Instructions per cycle:   5.5807
Instructions per byte:    15.6491
Throughput:              1.54 GB/s
-----------------------Custom ctx->lengths mode: 29---------------------------

 ***** Benchmarking EVP_EncodeUpdate *****:
Benchmark ran 50000 iterations (40000 used after warmup)
Total elapsed (wall):     9.377358 s
CPU cycles (avg):         1016369
Instructions (avg):       5646437
Instructions per cycle:   5.5555
Instructions per byte:    15.4200
Throughput:              1.56 GB/s
-----------------------Custom ctx->lengths mode: 30---------------------------

 ***** Benchmarking EVP_EncodeUpdate *****:
Benchmark ran 50000 iterations (40000 used after warmup)
Total elapsed (wall):     1.989704 s
CPU cycles (avg):         195344
Instructions (avg):       941810
Instructions per cycle:   4.8213
Instructions per byte:    2.5720
Throughput:              7.36 GB/s
-----------------------Custom ctx->lengths mode: 31---------------------------

 ***** Benchmarking EVP_EncodeUpdate *****:
Benchmark ran 50000 iterations (40000 used after warmup)
Total elapsed (wall):     9.447882 s
CPU cycles (avg):         1022580
Instructions (avg):       5707518
Instructions per cycle:   5.5815
Instructions per byte:    15.5868
Throughput:              1.55 GB/s
-----------------------Custom ctx->lengths mode: 32---------------------------

 ***** Benchmarking EVP_EncodeUpdate *****:
Benchmark ran 50000 iterations (40000 used after warmup)
Total elapsed (wall):     9.345078 s
CPU cycles (avg):         1012351
Instructions (avg):       5632252
Instructions per cycle:   5.5635
Instructions per byte:    15.3813
Throughput:              1.57 GB/s
-----------------------Custom ctx->lengths mode: 33---------------------------

 ***** Benchmarking EVP_EncodeUpdate *****:
Benchmark ran 50000 iterations (40000 used after warmup)
Total elapsed (wall):     1.998888 s
CPU cycles (avg):         196225
Instructions (avg):       954562
Instructions per cycle:   4.8646
Instructions per byte:    2.6068
Throughput:              7.33 GB/s
-----------------------Custom ctx->lengths mode: 34---------------------------

 ***** Benchmarking EVP_EncodeUpdate *****:
Benchmark ran 50000 iterations (40000 used after warmup)
Total elapsed (wall):     9.398350 s
CPU cycles (avg):         1017941
Instructions (avg):       5688747
Instructions per cycle:   5.5885
Instructions per byte:    15.5356
Throughput:              1.56 GB/s
-----------------------Custom ctx->lengths mode: 35---------------------------

 ***** Benchmarking EVP_EncodeUpdate *****:
Benchmark ran 50000 iterations (40000 used after warmup)
Total elapsed (wall):     9.492263 s
CPU cycles (avg):         1025367
Instructions (avg):       5620462
Instructions per cycle:   5.4814
Instructions per byte:    15.3491
Throughput:              1.54 GB/s
-----------------------Custom ctx->lengths mode: 36---------------------------

 ***** Benchmarking EVP_EncodeUpdate *****:
Benchmark ran 50000 iterations (40000 used after warmup)
Total elapsed (wall):     1.837560 s
CPU cycles (avg):         177115
Instructions (avg):       850835
Instructions per cycle:   4.8038
Instructions per byte:    2.3236
Throughput:              7.97 GB/s
-----------------------Custom ctx->lengths mode: 37---------------------------

 ***** Benchmarking EVP_EncodeUpdate *****:
Benchmark ran 50000 iterations (40000 used after warmup)
Total elapsed (wall):     9.582806 s
CPU cycles (avg):         1032575
Instructions (avg):       5673036
Instructions per cycle:   5.4941
Instructions per byte:    15.4926
Throughput:              1.53 GB/s
-----------------------Custom ctx->lengths mode: 38---------------------------

 ***** Benchmarking EVP_EncodeUpdate *****:
Benchmark ran 50000 iterations (40000 used after warmup)
Total elapsed (wall):     9.376432 s
CPU cycles (avg):         1014231
Instructions (avg):       5610577
Instructions per cycle:   5.5319
Instructions per byte:    15.3221
Throughput:              1.56 GB/s
-----------------------Custom ctx->lengths mode: 39---------------------------

 ***** Benchmarking EVP_EncodeUpdate *****:
Benchmark ran 50000 iterations (40000 used after warmup)
Total elapsed (wall):     1.944928 s
CPU cycles (avg):         190011
Instructions (avg):       921382
Instructions per cycle:   4.8491
Instructions per byte:    2.5162
Throughput:              7.53 GB/s
-----------------------Custom ctx->lengths mode: 40---------------------------

 ***** Benchmarking EVP_EncodeUpdate *****:
Benchmark ran 50000 iterations (40000 used after warmup)
Total elapsed (wall):     9.413443 s
CPU cycles (avg):         1018526
Instructions (avg):       5659679
Instructions per cycle:   5.5567
Instructions per byte:    15.4562
Throughput:              1.56 GB/s
-----------------------Custom ctx->lengths mode: 41---------------------------

 ***** Benchmarking EVP_EncodeUpdate *****:
Benchmark ran 50000 iterations (40000 used after warmup)
Total elapsed (wall):     9.300111 s
CPU cycles (avg):         1007164
Instructions (avg):       5602109
Instructions per cycle:   5.5623
Instructions per byte:    15.2990
Throughput:              1.57 GB/s
-----------------------Custom ctx->lengths mode: 42---------------------------

 ***** Benchmarking EVP_EncodeUpdate *****:
Benchmark ran 50000 iterations (40000 used after warmup)
Total elapsed (wall):     1.874664 s
CPU cycles (avg):         181982
Instructions (avg):       883863
Instructions per cycle:   4.8569
Instructions per byte:    2.4138
Throughput:              7.81 GB/s
-----------------------Custom ctx->lengths mode: 43---------------------------

 ***** Benchmarking EVP_EncodeUpdate *****:
Benchmark ran 50000 iterations (40000 used after warmup)
Total elapsed (wall):     9.378238 s
CPU cycles (avg):         1015814
Instructions (avg):       5648175
Instructions per cycle:   5.5602
Instructions per byte:    15.4248
Throughput:              1.56 GB/s
-----------------------Custom ctx->lengths mode: 44---------------------------

 ***** Benchmarking EVP_EncodeUpdate *****:
Benchmark ran 50000 iterations (40000 used after warmup)
Total elapsed (wall):     9.294493 s
CPU cycles (avg):         1007016
Instructions (avg):       5594775
Instructions per cycle:   5.5558
Instructions per byte:    15.2789
Throughput:              1.58 GB/s
-----------------------Custom ctx->lengths mode: 45---------------------------

 ***** Benchmarking EVP_EncodeUpdate *****:
Benchmark ran 50000 iterations (40000 used after warmup)
Total elapsed (wall):     1.915443 s
CPU cycles (avg):         187930
Instructions (avg):       897065
Instructions per cycle:   4.7734
Instructions per byte:    2.4498
Throughput:              7.65 GB/s
-----------------------Custom ctx->lengths mode: 46---------------------------

 ***** Benchmarking EVP_EncodeUpdate *****:
Benchmark ran 50000 iterations (40000 used after warmup)
Total elapsed (wall):     9.353729 s
CPU cycles (avg):         1014623
Instructions (avg):       5638210
Instructions per cycle:   5.5569
Instructions per byte:    15.3975
Throughput:              1.57 GB/s
-----------------------Custom ctx->lengths mode: 47---------------------------

 ***** Benchmarking EVP_EncodeUpdate *****:
Benchmark ran 50000 iterations (40000 used after warmup)
Total elapsed (wall):     9.563285 s
CPU cycles (avg):         1028784
Instructions (avg):       5588431
Instructions per cycle:   5.4321
Instructions per byte:    15.2616
Throughput:              1.53 GB/s
-----------------------Custom ctx->lengths mode: 48---------------------------

 ***** Benchmarking EVP_EncodeUpdate *****:
Benchmark ran 50000 iterations (40000 used after warmup)
Total elapsed (wall):     1.523126 s
CPU cycles (avg):         143032
Instructions (avg):       614462
Instructions per cycle:   4.2960
Instructions per byte:    1.6781
Throughput:              9.62 GB/s
-----------------------Custom ctx->lengths mode: 49---------------------------

 ***** Benchmarking EVP_EncodeUpdate *****:
Benchmark ran 50000 iterations (40000 used after warmup)
Total elapsed (wall):     9.426067 s
CPU cycles (avg):         1015529
Instructions (avg):       5629425
Instructions per cycle:   5.5433
Instructions per byte:    15.3736
Throughput:              1.55 GB/s
-----------------------Custom ctx->lengths mode: 50---------------------------

 ***** Benchmarking EVP_EncodeUpdate *****:
Benchmark ran 50000 iterations (40000 used after warmup)
Total elapsed (wall):     9.454705 s
CPU cycles (avg):         1015868
Instructions (avg):       5582833
Instructions per cycle:   5.4956
Instructions per byte:    15.2463
Throughput:              1.55 GB/s
-----------------------Custom ctx->lengths mode: 51---------------------------

 ***** Benchmarking EVP_EncodeUpdate *****:
Benchmark ran 50000 iterations (40000 used after warmup)
Total elapsed (wall):     1.943122 s
CPU cycles (avg):         183908
Instructions (avg):       879573
Instructions per cycle:   4.7827
Instructions per byte:    2.4020
Throughput:              7.54 GB/s
-----------------------Custom ctx->lengths mode: 52---------------------------

 ***** Benchmarking EVP_EncodeUpdate *****:
Benchmark ran 50000 iterations (40000 used after warmup)
Total elapsed (wall):     9.435321 s
CPU cycles (avg):         1015401
Instructions (avg):       5621667
Instructions per cycle:   5.5364
Instructions per byte:    15.3524
Throughput:              1.55 GB/s
-----------------------Custom ctx->lengths mode: 53---------------------------

 ***** Benchmarking EVP_EncodeUpdate *****:
Benchmark ran 50000 iterations (40000 used after warmup)
Total elapsed (wall):     9.349097 s
CPU cycles (avg):         1009725
Instructions (avg):       5577818
Instructions per cycle:   5.5241
Instructions per byte:    15.2326
Throughput:              1.57 GB/s
-----------------------Custom ctx->lengths mode: 54---------------------------

 ***** Benchmarking EVP_EncodeUpdate *****:
Benchmark ran 50000 iterations (40000 used after warmup)
Total elapsed (wall):     1.812590 s
CPU cycles (avg):         174460
Instructions (avg):       850507
Instructions per cycle:   4.8751
Instructions per byte:    2.3227
Throughput:              8.08 GB/s
-----------------------Custom ctx->lengths mode: 55---------------------------

 ***** Benchmarking EVP_EncodeUpdate *****:
Benchmark ran 50000 iterations (40000 used after warmup)
Total elapsed (wall):     9.404667 s
CPU cycles (avg):         1013786
Instructions (avg):       5614716
Instructions per cycle:   5.5384
Instructions per byte:    15.3334
Throughput:              1.56 GB/s
-----------------------Custom ctx->lengths mode: 56---------------------------

 ***** Benchmarking EVP_EncodeUpdate *****:
Benchmark ran 50000 iterations (40000 used after warmup)
Total elapsed (wall):     9.432062 s
CPU cycles (avg):         1013574
Instructions (avg):       5573396
Instructions per cycle:   5.4988
Instructions per byte:    15.2205
Throughput:              1.55 GB/s
-----------------------Custom ctx->lengths mode: 57---------------------------

 ***** Benchmarking EVP_EncodeUpdate *****:
Benchmark ran 50000 iterations (40000 used after warmup)
Total elapsed (wall):     1.860826 s
CPU cycles (avg):         179684
Instructions (avg):       863775
Instructions per cycle:   4.8072
Instructions per byte:    2.3589
Throughput:              7.87 GB/s
-----------------------Custom ctx->lengths mode: 58---------------------------

 ***** Benchmarking EVP_EncodeUpdate *****:
Benchmark ran 50000 iterations (40000 used after warmup)
Total elapsed (wall):     9.665352 s
CPU cycles (avg):         1031615
Instructions (avg):       5608537
Instructions per cycle:   5.4367
Instructions per byte:    15.3165
Throughput:              1.52 GB/s
-----------------------Custom ctx->lengths mode: 59---------------------------

 ***** Benchmarking EVP_EncodeUpdate *****:
Benchmark ran 50000 iterations (40000 used after warmup)
Total elapsed (wall):     9.730426 s
CPU cycles (avg):         1036209
Instructions (avg):       5569380
Instructions per cycle:   5.3748
Instructions per byte:    15.2096
Throughput:              1.51 GB/s
-----------------------Custom ctx->lengths mode: 60---------------------------

 ***** Benchmarking EVP_EncodeUpdate *****:
Benchmark ran 50000 iterations (40000 used after warmup)
Total elapsed (wall):     1.806270 s
CPU cycles (avg):         169699
Instructions (avg):       807217
Instructions per cycle:   4.7567
Instructions per byte:    2.2045
Throughput:              8.11 GB/s
-----------------------Custom ctx->lengths mode: 61---------------------------

 ***** Benchmarking EVP_EncodeUpdate *****:
Benchmark ran 50000 iterations (40000 used after warmup)
Total elapsed (wall):     9.753254 s
CPU cycles (avg):         1029001
Instructions (avg):       5602945
Instructions per cycle:   5.4450
Instructions per byte:    15.3012
Throughput:              1.50 GB/s
-----------------------Custom ctx->lengths mode: 62---------------------------

 ***** Benchmarking EVP_EncodeUpdate *****:
Benchmark ran 50000 iterations (40000 used after warmup)
Total elapsed (wall):     9.813569 s
CPU cycles (avg):         1037033
Instructions (avg):       5565791
Instructions per cycle:   5.3670
Instructions per byte:    15.1998
Throughput:              1.49 GB/s
-----------------------Custom ctx->lengths mode: 63---------------------------

 ***** Benchmarking EVP_EncodeUpdate *****:
Benchmark ran 50000 iterations (40000 used after warmup)
Total elapsed (wall):     1.904689 s
CPU cycles (avg):         179766
Instructions (avg):       851892
Instructions per cycle:   4.7389
Instructions per byte:    2.3265
Throughput:              7.69 GB/s
-----------------------Custom ctx->lengths mode: 64---------------------------

 ***** Benchmarking EVP_EncodeUpdate *****:
Benchmark ran 50000 iterations (40000 used after warmup)
Total elapsed (wall):     9.734559 s
CPU cycles (avg):         1037026
Instructions (avg):       5597884
Instructions per cycle:   5.3980
Instructions per byte:    15.2874
Throughput:              1.50 GB/s
-----------------------Custom ctx->lengths mode: 65---------------------------

 ***** Benchmarking EVP_EncodeUpdate *****:
Benchmark ran 50000 iterations (40000 used after warmup)
Total elapsed (wall):     9.732566 s
CPU cycles (avg):         1036900
Instructions (avg):       5562521
Instructions per cycle:   5.3646
Instructions per byte:    15.1908
Throughput:              1.50 GB/s
-----------------------Custom ctx->lengths mode: 66---------------------------

 ***** Benchmarking EVP_EncodeUpdate *****:
Benchmark ran 50000 iterations (40000 used after warmup)
Total elapsed (wall):     1.828390 s
CPU cycles (avg):         173358
Instructions (avg):       832297
Instructions per cycle:   4.8010
Instructions per byte:    2.2729
Throughput:              8.01 GB/s
-----------------------Custom ctx->lengths mode: 67---------------------------

 ***** Benchmarking EVP_EncodeUpdate *****:
Benchmark ran 50000 iterations (40000 used after warmup)
Total elapsed (wall):     9.774749 s
CPU cycles (avg):         1038280
Instructions (avg):       5593280
Instructions per cycle:   5.3871
Instructions per byte:    15.2748
Throughput:              1.50 GB/s
-----------------------Custom ctx->lengths mode: 68---------------------------

 ***** Benchmarking EVP_EncodeUpdate *****:
Benchmark ran 50000 iterations (40000 used after warmup)
Total elapsed (wall):     9.529560 s
CPU cycles (avg):         1018559
Instructions (avg):       5559523
Instructions per cycle:   5.4582
Instructions per byte:    15.1827
Throughput:              1.54 GB/s
-----------------------Custom ctx->lengths mode: 69---------------------------

 ***** Benchmarking EVP_EncodeUpdate *****:
Benchmark ran 50000 iterations (40000 used after warmup)
Total elapsed (wall):     1.833870 s
CPU cycles (avg):         176495
Instructions (avg):       843181
Instructions per cycle:   4.7774
Instructions per byte:    2.3027
Throughput:              7.99 GB/s
-----------------------Custom ctx->lengths mode: 70---------------------------

 ***** Benchmarking EVP_EncodeUpdate *****:
Benchmark ran 50000 iterations (40000 used after warmup)
Total elapsed (wall):     9.548102 s
CPU cycles (avg):         1022984
Instructions (avg):       5589066
Instructions per cycle:   5.4635
Instructions per byte:    15.2633
Throughput:              1.53 GB/s
-----------------------Custom ctx->lengths mode: 71---------------------------

 ***** Benchmarking EVP_EncodeUpdate *****:
Benchmark ran 50000 iterations (40000 used after warmup)
Total elapsed (wall):     9.364583 s
CPU cycles (avg):         1008174
Instructions (avg):       5556721
Instructions per cycle:   5.5117
Instructions per byte:    15.1750
Throughput:              1.56 GB/s
-----------------------Custom ctx->lengths mode: 72---------------------------

 ***** Benchmarking EVP_EncodeUpdate *****:
Benchmark ran 50000 iterations (40000 used after warmup)
Total elapsed (wall):     1.614637 s
CPU cycles (avg):         152847
Instructions (avg):       743772
Instructions per cycle:   4.8661
Instructions per byte:    2.0312
Throughput:              9.07 GB/s
-----------------------Custom ctx->lengths mode: 73---------------------------

 ***** Benchmarking EVP_EncodeUpdate *****:
Benchmark ran 50000 iterations (40000 used after warmup)
Total elapsed (wall):     9.448225 s
CPU cycles (avg):         1015729
Instructions (avg):       5585178
Instructions per cycle:   5.4987
Instructions per byte:    15.2527
Throughput:              1.55 GB/s
-----------------------Custom ctx->lengths mode: 74---------------------------

 ***** Benchmarking EVP_EncodeUpdate *****:
Benchmark ran 50000 iterations (40000 used after warmup)
Total elapsed (wall):     9.376380 s
CPU cycles (avg):         1009419
Instructions (avg):       5554296
Instructions per cycle:   5.5025
Instructions per byte:    15.1684
Throughput:              1.56 GB/s
-----------------------Custom ctx->lengths mode: 75---------------------------

 ***** Benchmarking EVP_EncodeUpdate *****:
Benchmark ran 50000 iterations (40000 used after warmup)
Total elapsed (wall):     1.788355 s
CPU cycles (avg):         171791
Instructions (avg):       833835
Instructions per cycle:   4.8538
Instructions per byte:    2.2771
Throughput:              8.19 GB/s
-----------------------Custom ctx->lengths mode: 76---------------------------

 ***** Benchmarking EVP_EncodeUpdate *****:
Benchmark ran 50000 iterations (40000 used after warmup)
Total elapsed (wall):     9.361204 s
CPU cycles (avg):         1008718
Instructions (avg):       5581629
Instructions per cycle:   5.5334
Instructions per byte:    15.2430
Throughput:              1.56 GB/s
-----------------------Custom ctx->lengths mode: 77---------------------------

 ***** Benchmarking EVP_EncodeUpdate *****:
Benchmark ran 50000 iterations (40000 used after warmup)
Total elapsed (wall):     9.745734 s
CPU cycles (avg):         1036261
Instructions (avg):       5552008
Instructions per cycle:   5.3577
Instructions per byte:    15.1621
Throughput:              1.50 GB/s
-----------------------Custom ctx->lengths mode: 78---------------------------

 ***** Benchmarking EVP_EncodeUpdate *****:
Benchmark ran 50000 iterations (40000 used after warmup)
Total elapsed (wall):     1.859999 s
CPU cycles (avg):         174340
Instructions (avg):       819250
Instructions per cycle:   4.6991
Instructions per byte:    2.2373
Throughput:              7.87 GB/s
-----------------------Custom ctx->lengths mode: 79---------------------------

 ***** Benchmarking EVP_EncodeUpdate *****:
Benchmark ran 50000 iterations (40000 used after warmup)
Total elapsed (wall):     9.644501 s
CPU cycles (avg):         1029851
Instructions (avg):       5578341
Instructions per cycle:   5.4166
Instructions per byte:    15.2340
Throughput:              1.52 GB/s
-----------------------Custom ctx->lengths mode: 80---------------------------

 ***** Benchmarking EVP_EncodeUpdate *****:
Benchmark ran 50000 iterations (40000 used after warmup)
Total elapsed (wall):     9.479016 s
CPU cycles (avg):         1017335
Instructions (avg):       5549874
Instructions per cycle:   5.4553
Instructions per byte:    15.1563
Throughput:              1.55 GB/s


Processed files:
File: lena_color_512.jpg (105764 bytes)
File: googlelogo.png (2357 bytes)
File: mandril_color.jpg (247222 bytes)
File: bing.png (1355 bytes)
File: peppers_color.jpg (9478 bytes)
 
rm -f libcrypto.so.3
rm -f libcrypto.so
rm -f libssl.so.3
rm -f libssl.so
rm -f apps/libapps.a libcrypto.a libssl.a providers/libcommon.a providers/libdefault.a providers/liblegacy.a providers/libtemplate.a test/libtestutil.a
rm -f *.ld
rm -f doc/html/man1/CA.pl.html doc/html/man1/openssl-asn1parse.html doc/html/man1/openssl-ca.html doc/html/man1/openssl-ciphers.html doc/html/man1/openssl-cmds.html doc/html/man1/openssl-cmp.html doc/html/man1/openssl-cms.html doc/html/man1/openssl-configutl.html doc/html/man1/openssl-crl.html doc/html/man1/openssl-crl2pkcs7.html doc/html/man1/openssl-dgst.html doc/html/man1/openssl-dhparam.html doc/html/man1/openssl-dsa.html doc/html/man1/openssl-dsaparam.html doc/html/man1/openssl-ec.html doc/html/man1/openssl-ecparam.html doc/html/man1/openssl-enc.html doc/html/man1/openssl-engine.html doc/html/man1/openssl-errstr.html doc/html/man1/openssl-fipsinstall.html doc/html/man1/openssl-format-options.html doc/html/man1/openssl-gendsa.html doc/html/man1/openssl-genpkey.html doc/html/man1/openssl-genrsa.html doc/html/man1/openssl-info.html doc/html/man1/openssl-kdf.html doc/html/man1/openssl-list.html doc/html/man1/openssl-mac.html doc/html/man1/openssl-namedisplay-options.html doc/html/man1/openssl-nseq.html doc/html/man1/openssl-ocsp.html doc/html/man1/openssl-passphrase-options.html doc/html/man1/openssl-passwd.html doc/html/man1/openssl-pkcs12.html doc/html/man1/openssl-pkcs7.html doc/html/man1/openssl-pkcs8.html doc/html/man1/openssl-pkey.html doc/html/man1/openssl-pkeyparam.html doc/html/man1/openssl-pkeyutl.html doc/html/man1/openssl-prime.html doc/html/man1/openssl-rand.html doc/html/man1/openssl-rehash.html doc/html/man1/openssl-req.html doc/html/man1/openssl-rsa.html doc/html/man1/openssl-rsautl.html doc/html/man1/openssl-s_client.html doc/html/man1/openssl-s_server.html doc/html/man1/openssl-s_time.html doc/html/man1/openssl-sess_id.html doc/html/man1/openssl-skeyutl.html doc/html/man1/openssl-smime.html doc/html/man1/openssl-speed.html doc/html/man1/openssl-spkac.html doc/html/man1/openssl-srp.html doc/html/man1/openssl-storeutl.html doc/html/man1/openssl-ts.html doc/html/man1/openssl-verification-options.html doc/html/man1/openssl-verify.html doc/html/man1/openssl-version.html doc/html/man1/openssl-x509.html doc/html/man1/openssl.html doc/html/man1/tsget.html
rm -f doc/html/man3/ADMISSIONS.html doc/html/man3/ASN1_EXTERN_FUNCS.html doc/html/man3/ASN1_INTEGER_get_int64.html doc/html/man3/ASN1_INTEGER_new.html doc/html/man3/ASN1_ITEM_lookup.html doc/html/man3/ASN1_OBJECT_new.html doc/html/man3/ASN1_STRING_TABLE_add.html doc/html/man3/ASN1_STRING_length.html doc/html/man3/ASN1_STRING_new.html doc/html/man3/ASN1_STRING_print_ex.html doc/html/man3/ASN1_TIME_set.html doc/html/man3/ASN1_TYPE_get.html doc/html/man3/ASN1_aux_cb.html doc/html/man3/ASN1_generate_nconf.html doc/html/man3/ASN1_item_d2i_bio.html doc/html/man3/ASN1_item_new.html doc/html/man3/ASN1_item_sign.html doc/html/man3/ASYNC_WAIT_CTX_new.html doc/html/man3/ASYNC_start_job.html doc/html/man3/BF_encrypt.html doc/html/man3/BIO_ADDR.html doc/html/man3/BIO_ADDRINFO.html doc/html/man3/BIO_connect.html doc/html/man3/BIO_ctrl.html doc/html/man3/BIO_f_base64.html doc/html/man3/BIO_f_buffer.html doc/html/man3/BIO_f_cipher.html doc/html/man3/BIO_f_md.html doc/html/man3/BIO_f_null.html doc/html/man3/BIO_f_prefix.html doc/html/man3/BIO_f_readbuffer.html doc/html/man3/BIO_f_ssl.html doc/html/man3/BIO_find_type.html doc/html/man3/BIO_get_data.html doc/html/man3/BIO_get_ex_new_index.html doc/html/man3/BIO_get_rpoll_descriptor.html doc/html/man3/BIO_meth_new.html doc/html/man3/BIO_new.html doc/html/man3/BIO_new_CMS.html doc/html/man3/BIO_parse_hostserv.html doc/html/man3/BIO_printf.html doc/html/man3/BIO_push.html doc/html/man3/BIO_read.html doc/html/man3/BIO_s_accept.html doc/html/man3/BIO_s_bio.html doc/html/man3/BIO_s_connect.html doc/html/man3/BIO_s_core.html doc/html/man3/BIO_s_datagram.html doc/html/man3/BIO_s_dgram_pair.html doc/html/man3/BIO_s_fd.html doc/html/man3/BIO_s_file.html doc/html/man3/BIO_s_mem.html doc/html/man3/BIO_s_null.html doc/html/man3/BIO_s_socket.html doc/html/man3/BIO_sendmmsg.html doc/html/man3/BIO_set_callback.html doc/html/man3/BIO_should_retry.html doc/html/man3/BIO_socket_wait.html doc/html/man3/BN_BLINDING_new.html doc/html/man3/BN_CTX_new.html doc/html/man3/BN_CTX_start.html doc/html/man3/BN_add.html doc/html/man3/BN_add_word.html doc/html/man3/BN_bn2bin.html doc/html/man3/BN_cmp.html doc/html/man3/BN_copy.html doc/html/man3/BN_generate_prime.html doc/html/man3/BN_mod_exp_mont.html doc/html/man3/BN_mod_inverse.html doc/html/man3/BN_mod_mul_montgomery.html doc/html/man3/BN_mod_mul_reciprocal.html doc/html/man3/BN_new.html doc/html/man3/BN_num_bytes.html doc/html/man3/BN_rand.html doc/html/man3/BN_security_bits.html doc/html/man3/BN_set_bit.html doc/html/man3/BN_swap.html doc/html/man3/BN_zero.html doc/html/man3/BUF_MEM_new.html doc/html/man3/CMAC_CTX.html doc/html/man3/CMS_EncryptedData_decrypt.html doc/html/man3/CMS_EncryptedData_encrypt.html doc/html/man3/CMS_EnvelopedData_create.html doc/html/man3/CMS_add0_cert.html doc/html/man3/CMS_add1_recipient_cert.html doc/html/man3/CMS_add1_signer.html doc/html/man3/CMS_compress.html doc/html/man3/CMS_data_create.html doc/html/man3/CMS_decrypt.html doc/html/man3/CMS_digest_create.html doc/html/man3/CMS_encrypt.html doc/html/man3/CMS_final.html doc/html/man3/CMS_get0_RecipientInfos.html doc/html/man3/CMS_get0_SignerInfos.html doc/html/man3/CMS_get0_type.html doc/html/man3/CMS_get1_ReceiptRequest.html doc/html/man3/CMS_sign.html doc/html/man3/CMS_sign_receipt.html doc/html/man3/CMS_signed_get_attr.html doc/html/man3/CMS_uncompress.html doc/html/man3/CMS_verify.html doc/html/man3/CMS_verify_receipt.html doc/html/man3/COMP_CTX_new.html doc/html/man3/CONF_modules_free.html doc/html/man3/CONF_modules_load_file.html doc/html/man3/CRYPTO_THREAD_run_once.html doc/html/man3/CRYPTO_get_ex_new_index.html doc/html/man3/CRYPTO_memcmp.html doc/html/man3/CTLOG_STORE_get0_log_by_id.html doc/html/man3/CTLOG_STORE_new.html doc/html/man3/CTLOG_new.html doc/html/man3/CT_POLICY_EVAL_CTX_new.html doc/html/man3/DEFINE_STACK_OF.html doc/html/man3/DES_random_key.html doc/html/man3/DH_generate_key.html doc/html/man3/DH_generate_parameters.html doc/html/man3/DH_get0_pqg.html doc/html/man3/DH_get_1024_160.html doc/html/man3/DH_meth_new.html doc/html/man3/DH_new.html doc/html/man3/DH_new_by_nid.html doc/html/man3/DH_set_method.html doc/html/man3/DH_size.html doc/html/man3/DSA_SIG_new.html doc/html/man3/DSA_do_sign.html doc/html/man3/DSA_dup_DH.html doc/html/man3/DSA_generate_key.html doc/html/man3/DSA_generate_parameters.html doc/html/man3/DSA_get0_pqg.html doc/html/man3/DSA_meth_new.html doc/html/man3/DSA_new.html doc/html/man3/DSA_set_method.html doc/html/man3/DSA_sign.html doc/html/man3/DSA_size.html doc/html/man3/DTLS_get_data_mtu.html doc/html/man3/DTLS_set_timer_cb.html doc/html/man3/DTLSv1_get_timeout.html doc/html/man3/DTLSv1_handle_timeout.html doc/html/man3/DTLSv1_listen.html doc/html/man3/ECDSA_SIG_new.html doc/html/man3/ECDSA_sign.html doc/html/man3/ECPKParameters_print.html doc/html/man3/EC_GFp_simple_method.html doc/html/man3/EC_GROUP_copy.html doc/html/man3/EC_GROUP_new.html doc/html/man3/EC_KEY_get_enc_flags.html doc/html/man3/EC_KEY_new.html doc/html/man3/EC_POINT_add.html doc/html/man3/EC_POINT_new.html doc/html/man3/ENGINE_add.html doc/html/man3/ERR_GET_LIB.html doc/html/man3/ERR_clear_error.html doc/html/man3/ERR_error_string.html doc/html/man3/ERR_get_error.html doc/html/man3/ERR_load_crypto_strings.html doc/html/man3/ERR_load_strings.html doc/html/man3/ERR_new.html doc/html/man3/ERR_print_errors.html doc/html/man3/ERR_put_error.html doc/html/man3/ERR_remove_state.html doc/html/man3/ERR_set_mark.html doc/html/man3/EVP_ASYM_CIPHER_free.html doc/html/man3/EVP_BytesToKey.html doc/html/man3/EVP_CIPHER_CTX_get_cipher_data.html doc/html/man3/EVP_CIPHER_CTX_get_original_iv.html doc/html/man3/EVP_CIPHER_meth_new.html doc/html/man3/EVP_DigestInit.html doc/html/man3/EVP_DigestSignInit.html doc/html/man3/EVP_DigestVerifyInit.html doc/html/man3/EVP_EncodeInit.html doc/html/man3/EVP_EncryptInit.html doc/html/man3/EVP_KDF.html doc/html/man3/EVP_KEM_free.html doc/html/man3/EVP_KEYEXCH_free.html doc/html/man3/EVP_KEYMGMT.html doc/html/man3/EVP_MAC.html doc/html/man3/EVP_MD_meth_new.html doc/html/man3/EVP_OpenInit.html doc/html/man3/EVP_PBE_CipherInit.html doc/html/man3/EVP_PKEY2PKCS8.html doc/html/man3/EVP_PKEY_ASN1_METHOD.html doc/html/man3/EVP_PKEY_CTX_ctrl.html doc/html/man3/EVP_PKEY_CTX_get0_libctx.html doc/html/man3/EVP_PKEY_CTX_get0_pkey.html doc/html/man3/EVP_PKEY_CTX_get_algor.html doc/html/man3/EVP_PKEY_CTX_new.html doc/html/man3/EVP_PKEY_CTX_set1_pbe_pass.html doc/html/man3/EVP_PKEY_CTX_set_hkdf_md.html doc/html/man3/EVP_PKEY_CTX_set_params.html doc/html/man3/EVP_PKEY_CTX_set_rsa_pss_keygen_md.html doc/html/man3/EVP_PKEY_CTX_set_scrypt_N.html doc/html/man3/EVP_PKEY_CTX_set_tls1_prf_md.html doc/html/man3/EVP_PKEY_asn1_get_count.html doc/html/man3/EVP_PKEY_check.html doc/html/man3/EVP_PKEY_copy_parameters.html doc/html/man3/EVP_PKEY_decapsulate.html doc/html/man3/EVP_PKEY_decrypt.html doc/html/man3/EVP_PKEY_derive.html doc/html/man3/EVP_PKEY_digestsign_supports_digest.html doc/html/man3/EVP_PKEY_encapsulate.html doc/html/man3/EVP_PKEY_encrypt.html doc/html/man3/EVP_PKEY_fromdata.html doc/html/man3/EVP_PKEY_get_attr.html doc/html/man3/EVP_PKEY_get_default_digest_nid.html doc/html/man3/EVP_PKEY_get_field_type.html doc/html/man3/EVP_PKEY_get_group_name.html doc/html/man3/EVP_PKEY_get_size.html doc/html/man3/EVP_PKEY_gettable_params.html doc/html/man3/EVP_PKEY_is_a.html doc/html/man3/EVP_PKEY_keygen.html doc/html/man3/EVP_PKEY_meth_get_count.html doc/html/man3/EVP_PKEY_meth_new.html doc/html/man3/EVP_PKEY_new.html doc/html/man3/EVP_PKEY_print_private.html doc/html/man3/EVP_PKEY_set1_RSA.html doc/html/man3/EVP_PKEY_set1_encoded_public_key.html doc/html/man3/EVP_PKEY_set_type.html doc/html/man3/EVP_PKEY_settable_params.html doc/html/man3/EVP_PKEY_sign.html doc/html/man3/EVP_PKEY_todata.html doc/html/man3/EVP_PKEY_verify.html doc/html/man3/EVP_PKEY_verify_recover.html doc/html/man3/EVP_RAND.html doc/html/man3/EVP_SIGNATURE.html doc/html/man3/EVP_SKEY.html doc/html/man3/EVP_SKEYMGMT.html doc/html/man3/EVP_SealInit.html doc/html/man3/EVP_SignInit.html doc/html/man3/EVP_VerifyInit.html doc/html/man3/EVP_aes_128_gcm.html doc/html/man3/EVP_aria_128_gcm.html doc/html/man3/EVP_bf_cbc.html doc/html/man3/EVP_blake2b512.html doc/html/man3/EVP_camellia_128_ecb.html doc/html/man3/EVP_cast5_cbc.html doc/html/man3/EVP_chacha20.html doc/html/man3/EVP_des_cbc.html doc/html/man3/EVP_desx_cbc.html doc/html/man3/EVP_idea_cbc.html doc/html/man3/EVP_md2.html doc/html/man3/EVP_md4.html doc/html/man3/EVP_md5.html doc/html/man3/EVP_mdc2.html doc/html/man3/EVP_rc2_cbc.html doc/html/man3/EVP_rc4.html doc/html/man3/EVP_rc5_32_12_16_cbc.html doc/html/man3/EVP_ripemd160.html doc/html/man3/EVP_seed_cbc.html doc/html/man3/EVP_set_default_properties.html doc/html/man3/EVP_sha1.html doc/html/man3/EVP_sha224.html doc/html/man3/EVP_sha3_224.html doc/html/man3/EVP_sm3.html doc/html/man3/EVP_sm4_cbc.html doc/html/man3/EVP_whirlpool.html doc/html/man3/GENERAL_NAME.html doc/html/man3/HMAC.html doc/html/man3/MD5.html doc/html/man3/MDC2_Init.html doc/html/man3/NCONF_new_ex.html doc/html/man3/OBJ_nid2obj.html doc/html/man3/OCSP_REQUEST_new.html doc/html/man3/OCSP_cert_to_id.html doc/html/man3/OCSP_request_add1_nonce.html doc/html/man3/OCSP_resp_find_status.html doc/html/man3/OCSP_response_status.html doc/html/man3/OCSP_sendreq_new.html doc/html/man3/OPENSSL_Applink.html doc/html/man3/OPENSSL_FILE.html doc/html/man3/OPENSSL_LH_COMPFUNC.html doc/html/man3/OPENSSL_LH_stats.html doc/html/man3/OPENSSL_config.html doc/html/man3/OPENSSL_fork_prepare.html doc/html/man3/OPENSSL_gmtime.html doc/html/man3/OPENSSL_hexchar2int.html doc/html/man3/OPENSSL_ia32cap.html doc/html/man3/OPENSSL_init_crypto.html doc/html/man3/OPENSSL_init_ssl.html doc/html/man3/OPENSSL_instrument_bus.html doc/html/man3/OPENSSL_load_builtin_modules.html doc/html/man3/OPENSSL_load_u16_le.html doc/html/man3/OPENSSL_malloc.html doc/html/man3/OPENSSL_riscvcap.html doc/html/man3/OPENSSL_s390xcap.html doc/html/man3/OPENSSL_secure_malloc.html doc/html/man3/OPENSSL_strcasecmp.html doc/html/man3/OSSL_ALGORITHM.html doc/html/man3/OSSL_CALLBACK.html doc/html/man3/OSSL_CMP_ATAV_set0.html doc/html/man3/OSSL_CMP_CTX_new.html doc/html/man3/OSSL_CMP_HDR_get0_transactionID.html doc/html/man3/OSSL_CMP_ITAV_new_caCerts.html doc/html/man3/OSSL_CMP_ITAV_set0.html doc/html/man3/OSSL_CMP_MSG_get0_header.html doc/html/man3/OSSL_CMP_MSG_http_perform.html doc/html/man3/OSSL_CMP_SRV_CTX_new.html doc/html/man3/OSSL_CMP_STATUSINFO_new.html doc/html/man3/OSSL_CMP_exec_certreq.html doc/html/man3/OSSL_CMP_log_open.html doc/html/man3/OSSL_CMP_validate_msg.html doc/html/man3/OSSL_CORE_MAKE_FUNC.html doc/html/man3/OSSL_CRMF_MSG_get0_tmpl.html doc/html/man3/OSSL_CRMF_MSG_set0_validity.html doc/html/man3/OSSL_CRMF_MSG_set1_regCtrl_regToken.html doc/html/man3/OSSL_CRMF_MSG_set1_regInfo_certReq.html doc/html/man3/OSSL_CRMF_pbmp_new.html doc/html/man3/OSSL_DECODER.html doc/html/man3/OSSL_DECODER_CTX.html doc/html/man3/OSSL_DECODER_CTX_new_for_pkey.html doc/html/man3/OSSL_DECODER_from_bio.html doc/html/man3/OSSL_DISPATCH.html doc/html/man3/OSSL_ENCODER.html doc/html/man3/OSSL_ENCODER_CTX.html doc/html/man3/OSSL_ENCODER_CTX_new_for_pkey.html doc/html/man3/OSSL_ENCODER_to_bio.html doc/html/man3/OSSL_ERR_STATE_save.html doc/html/man3/OSSL_ESS_check_signing_certs.html doc/html/man3/OSSL_GENERAL_NAMES_print.html doc/html/man3/OSSL_HPKE_CTX_new.html doc/html/man3/OSSL_HTTP_REQ_CTX.html doc/html/man3/OSSL_HTTP_parse_url.html doc/html/man3/OSSL_HTTP_transfer.html doc/html/man3/OSSL_IETF_ATTR_SYNTAX.html doc/html/man3/OSSL_IETF_ATTR_SYNTAX_print.html doc/html/man3/OSSL_INDICATOR_set_callback.html doc/html/man3/OSSL_ITEM.html doc/html/man3/OSSL_LIB_CTX.html doc/html/man3/OSSL_LIB_CTX_set_conf_diagnostics.html doc/html/man3/OSSL_PARAM.html doc/html/man3/OSSL_PARAM_BLD.html doc/html/man3/OSSL_PARAM_allocate_from_text.html doc/html/man3/OSSL_PARAM_dup.html doc/html/man3/OSSL_PARAM_int.html doc/html/man3/OSSL_PARAM_print_to_bio.html doc/html/man3/OSSL_PROVIDER.html doc/html/man3/OSSL_QUIC_client_method.html doc/html/man3/OSSL_SELF_TEST_new.html doc/html/man3/OSSL_SELF_TEST_set_callback.html doc/html/man3/OSSL_STORE_INFO.html doc/html/man3/OSSL_STORE_LOADER.html doc/html/man3/OSSL_STORE_SEARCH.html doc/html/man3/OSSL_STORE_attach.html doc/html/man3/OSSL_STORE_expect.html doc/html/man3/OSSL_STORE_open.html doc/html/man3/OSSL_sleep.html doc/html/man3/OSSL_trace_enabled.html doc/html/man3/OSSL_trace_get_category_num.html doc/html/man3/OSSL_trace_set_channel.html doc/html/man3/OpenSSL_add_all_algorithms.html doc/html/man3/OpenSSL_version.html doc/html/man3/PBMAC1_get1_pbkdf2_param.html doc/html/man3/PEM_X509_INFO_read_bio_ex.html doc/html/man3/PEM_bytes_read_bio.html doc/html/man3/PEM_read.html doc/html/man3/PEM_read_CMS.html doc/html/man3/PEM_read_bio_PrivateKey.html doc/html/man3/PEM_read_bio_ex.html doc/html/man3/PEM_write_bio_CMS_stream.html doc/html/man3/PEM_write_bio_PKCS7_stream.html doc/html/man3/PKCS12_PBE_keyivgen.html doc/html/man3/PKCS12_SAFEBAG_create_cert.html doc/html/man3/PKCS12_SAFEBAG_get0_attrs.html doc/html/man3/PKCS12_SAFEBAG_get1_cert.html doc/html/man3/PKCS12_SAFEBAG_set0_attrs.html doc/html/man3/PKCS12_add1_attr_by_NID.html doc/html/man3/PKCS12_add_CSPName_asc.html doc/html/man3/PKCS12_add_cert.html doc/html/man3/PKCS12_add_friendlyname_asc.html doc/html/man3/PKCS12_add_localkeyid.html doc/html/man3/PKCS12_add_safe.html doc/html/man3/PKCS12_create.html doc/html/man3/PKCS12_decrypt_skey.html doc/html/man3/PKCS12_gen_mac.html doc/html/man3/PKCS12_get_friendlyname.html doc/html/man3/PKCS12_init.html doc/html/man3/PKCS12_item_decrypt_d2i.html doc/html/man3/PKCS12_key_gen_utf8_ex.html doc/html/man3/PKCS12_newpass.html doc/html/man3/PKCS12_pack_p7encdata.html doc/html/man3/PKCS12_parse.html doc/html/man3/PKCS5_PBE_keyivgen.html doc/html/man3/PKCS5_PBKDF2_HMAC.html doc/html/man3/PKCS7_decrypt.html doc/html/man3/PKCS7_encrypt.html doc/html/man3/PKCS7_get_octet_string.html doc/html/man3/PKCS7_sign.html doc/html/man3/PKCS7_sign_add_signer.html doc/html/man3/PKCS7_type_is_other.html doc/html/man3/PKCS7_verify.html doc/html/man3/PKCS8_encrypt.html doc/html/man3/PKCS8_pkey_add1_attr.html doc/html/man3/RAND_add.html doc/html/man3/RAND_bytes.html doc/html/man3/RAND_cleanup.html doc/html/man3/RAND_egd.html doc/html/man3/RAND_get0_primary.html doc/html/man3/RAND_load_file.html doc/html/man3/RAND_set_DRBG_type.html doc/html/man3/RAND_set_rand_method.html doc/html/man3/RC4_set_key.html doc/html/man3/RIPEMD160_Init.html doc/html/man3/RSA_blinding_on.html doc/html/man3/RSA_check_key.html doc/html/man3/RSA_generate_key.html doc/html/man3/RSA_get0_key.html doc/html/man3/RSA_meth_new.html doc/html/man3/RSA_new.html doc/html/man3/RSA_padding_add_PKCS1_type_1.html doc/html/man3/RSA_print.html doc/html/man3/RSA_private_encrypt.html doc/html/man3/RSA_public_encrypt.html doc/html/man3/RSA_set_method.html doc/html/man3/RSA_sign.html doc/html/man3/RSA_sign_ASN1_OCTET_STRING.html doc/html/man3/RSA_size.html doc/html/man3/SCT_new.html doc/html/man3/SCT_print.html doc/html/man3/SCT_validate.html doc/html/man3/SHA256_Init.html doc/html/man3/SMIME_read_ASN1.html doc/html/man3/SMIME_read_CMS.html doc/html/man3/SMIME_read_PKCS7.html doc/html/man3/SMIME_write_ASN1.html doc/html/man3/SMIME_write_CMS.html doc/html/man3/SMIME_write_PKCS7.html doc/html/man3/SRP_Calc_B.html doc/html/man3/SRP_VBASE_new.html doc/html/man3/SRP_create_verifier.html doc/html/man3/SRP_user_pwd_new.html doc/html/man3/SSL_CIPHER_get_name.html doc/html/man3/SSL_COMP_add_compression_method.html doc/html/man3/SSL_CONF_CTX_new.html doc/html/man3/SSL_CONF_CTX_set1_prefix.html doc/html/man3/SSL_CONF_CTX_set_flags.html doc/html/man3/SSL_CONF_CTX_set_ssl_ctx.html doc/html/man3/SSL_CONF_cmd.html doc/html/man3/SSL_CONF_cmd_argv.html doc/html/man3/SSL_CTX_add1_chain_cert.html doc/html/man3/SSL_CTX_add_extra_chain_cert.html doc/html/man3/SSL_CTX_add_session.html doc/html/man3/SSL_CTX_config.html doc/html/man3/SSL_CTX_ctrl.html doc/html/man3/SSL_CTX_dane_enable.html doc/html/man3/SSL_CTX_flush_sessions.html doc/html/man3/SSL_CTX_free.html doc/html/man3/SSL_CTX_get0_param.html doc/html/man3/SSL_CTX_get_verify_mode.html doc/html/man3/SSL_CTX_has_client_custom_ext.html doc/html/man3/SSL_CTX_load_verify_locations.html doc/html/man3/SSL_CTX_new.html doc/html/man3/SSL_CTX_sess_number.html doc/html/man3/SSL_CTX_sess_set_cache_size.html doc/html/man3/SSL_CTX_sess_set_get_cb.html doc/html/man3/SSL_CTX_sessions.html doc/html/man3/SSL_CTX_set0_CA_list.html doc/html/man3/SSL_CTX_set1_cert_comp_preference.html doc/html/man3/SSL_CTX_set1_curves.html doc/html/man3/SSL_CTX_set1_sigalgs.html doc/html/man3/SSL_CTX_set1_verify_cert_store.html doc/html/man3/SSL_CTX_set_alpn_select_cb.html doc/html/man3/SSL_CTX_set_cert_cb.html doc/html/man3/SSL_CTX_set_cert_store.html doc/html/man3/SSL_CTX_set_cert_verify_callback.html doc/html/man3/SSL_CTX_set_cipher_list.html doc/html/man3/SSL_CTX_set_client_cert_cb.html doc/html/man3/SSL_CTX_set_client_hello_cb.html doc/html/man3/SSL_CTX_set_ct_validation_callback.html doc/html/man3/SSL_CTX_set_ctlog_list_file.html doc/html/man3/SSL_CTX_set_default_passwd_cb.html doc/html/man3/SSL_CTX_set_domain_flags.html doc/html/man3/SSL_CTX_set_generate_session_id.html doc/html/man3/SSL_CTX_set_info_callback.html doc/html/man3/SSL_CTX_set_keylog_callback.html doc/html/man3/SSL_CTX_set_max_cert_list.html doc/html/man3/SSL_CTX_set_min_proto_version.html doc/html/man3/SSL_CTX_set_mode.html doc/html/man3/SSL_CTX_set_msg_callback.html doc/html/man3/SSL_CTX_set_new_pending_conn_cb.html doc/html/man3/SSL_CTX_set_num_tickets.html doc/html/man3/SSL_CTX_set_options.html doc/html/man3/SSL_CTX_set_psk_client_callback.html doc/html/man3/SSL_CTX_set_quiet_shutdown.html doc/html/man3/SSL_CTX_set_read_ahead.html doc/html/man3/SSL_CTX_set_record_padding_callback.html doc/html/man3/SSL_CTX_set_security_level.html doc/html/man3/SSL_CTX_set_session_cache_mode.html doc/html/man3/SSL_CTX_set_session_id_context.html doc/html/man3/SSL_CTX_set_session_ticket_cb.html doc/html/man3/SSL_CTX_set_split_send_fragment.html doc/html/man3/SSL_CTX_set_srp_password.html doc/html/man3/SSL_CTX_set_ssl_version.html doc/html/man3/SSL_CTX_set_stateless_cookie_generate_cb.html doc/html/man3/SSL_CTX_set_timeout.html doc/html/man3/SSL_CTX_set_tlsext_servername_callback.html doc/html/man3/SSL_CTX_set_tlsext_status_cb.html doc/html/man3/SSL_CTX_set_tlsext_ticket_key_cb.html doc/html/man3/SSL_CTX_set_tlsext_use_srtp.html doc/html/man3/SSL_CTX_set_tmp_dh_callback.html doc/html/man3/SSL_CTX_set_tmp_ecdh.html doc/html/man3/SSL_CTX_set_verify.html doc/html/man3/SSL_CTX_use_certificate.html doc/html/man3/SSL_CTX_use_psk_identity_hint.html doc/html/man3/SSL_CTX_use_serverinfo.html doc/html/man3/SSL_SESSION_free.html doc/html/man3/SSL_SESSION_get0_cipher.html doc/html/man3/SSL_SESSION_get0_hostname.html doc/html/man3/SSL_SESSION_get0_id_context.html doc/html/man3/SSL_SESSION_get0_peer.html doc/html/man3/SSL_SESSION_get_compress_id.html doc/html/man3/SSL_SESSION_get_protocol_version.html doc/html/man3/SSL_SESSION_get_time.html doc/html/man3/SSL_SESSION_has_ticket.html doc/html/man3/SSL_SESSION_is_resumable.html doc/html/man3/SSL_SESSION_print.html doc/html/man3/SSL_SESSION_set1_id.html doc/html/man3/SSL_accept.html doc/html/man3/SSL_accept_stream.html doc/html/man3/SSL_alert_type_string.html doc/html/man3/SSL_alloc_buffers.html doc/html/man3/SSL_check_chain.html doc/html/man3/SSL_clear.html doc/html/man3/SSL_connect.html doc/html/man3/SSL_do_handshake.html doc/html/man3/SSL_export_keying_material.html doc/html/man3/SSL_extension_supported.html doc/html/man3/SSL_free.html doc/html/man3/SSL_get0_connection.html doc/html/man3/SSL_get0_group_name.html doc/html/man3/SSL_get0_peer_rpk.html doc/html/man3/SSL_get0_peer_scts.html doc/html/man3/SSL_get1_builtin_sigalgs.html doc/html/man3/SSL_get_SSL_CTX.html doc/html/man3/SSL_get_all_async_fds.html doc/html/man3/SSL_get_certificate.html doc/html/man3/SSL_get_ciphers.html doc/html/man3/SSL_get_client_random.html doc/html/man3/SSL_get_conn_close_info.html doc/html/man3/SSL_get_current_cipher.html doc/html/man3/SSL_get_default_timeout.html doc/html/man3/SSL_get_error.html doc/html/man3/SSL_get_event_timeout.html doc/html/man3/SSL_get_extms_support.html doc/html/man3/SSL_get_fd.html doc/html/man3/SSL_get_handshake_rtt.html doc/html/man3/SSL_get_peer_cert_chain.html doc/html/man3/SSL_get_peer_certificate.html doc/html/man3/SSL_get_peer_signature_nid.html doc/html/man3/SSL_get_peer_tmp_key.html doc/html/man3/SSL_get_psk_identity.html doc/html/man3/SSL_get_rbio.html doc/html/man3/SSL_get_rpoll_descriptor.html doc/html/man3/SSL_get_session.html doc/html/man3/SSL_get_shared_sigalgs.html doc/html/man3/SSL_get_stream_id.html doc/html/man3/SSL_get_stream_read_state.html doc/html/man3/SSL_get_value_uint.html doc/html/man3/SSL_get_verify_result.html doc/html/man3/SSL_get_version.html doc/html/man3/SSL_group_to_name.html doc/html/man3/SSL_handle_events.html doc/html/man3/SSL_in_init.html doc/html/man3/SSL_inject_net_dgram.html doc/html/man3/SSL_key_update.html doc/html/man3/SSL_library_init.html doc/html/man3/SSL_load_client_CA_file.html doc/html/man3/SSL_new.html doc/html/man3/SSL_new_domain.html doc/html/man3/SSL_new_listener.html doc/html/man3/SSL_new_stream.html doc/html/man3/SSL_pending.html doc/html/man3/SSL_poll.html doc/html/man3/SSL_read.html doc/html/man3/SSL_read_early_data.html doc/html/man3/SSL_rstate_string.html doc/html/man3/SSL_session_reused.html doc/html/man3/SSL_set1_host.html doc/html/man3/SSL_set1_initial_peer_addr.html doc/html/man3/SSL_set1_server_cert_type.html doc/html/man3/SSL_set_async_callback.html doc/html/man3/SSL_set_bio.html doc/html/man3/SSL_set_blocking_mode.html doc/html/man3/SSL_set_connect_state.html doc/html/man3/SSL_set_default_stream_mode.html doc/html/man3/SSL_set_fd.html doc/html/man3/SSL_set_incoming_stream_policy.html doc/html/man3/SSL_set_quic_tls_cbs.html doc/html/man3/SSL_set_retry_verify.html doc/html/man3/SSL_set_session.html doc/html/man3/SSL_set_session_secret_cb.html doc/html/man3/SSL_set_shutdown.html doc/html/man3/SSL_set_verify_result.html doc/html/man3/SSL_shutdown.html doc/html/man3/SSL_state_string.html doc/html/man3/SSL_stream_conclude.html doc/html/man3/SSL_stream_reset.html doc/html/man3/SSL_want.html doc/html/man3/SSL_write.html doc/html/man3/TS_RESP_CTX_new.html doc/html/man3/TS_VERIFY_CTX.html doc/html/man3/UI_STRING.html doc/html/man3/UI_UTIL_read_pw.html doc/html/man3/UI_create_method.html doc/html/man3/UI_new.html doc/html/man3/X509V3_get_d2i.html doc/html/man3/X509V3_set_ctx.html doc/html/man3/X509_ACERT_add1_attr.html doc/html/man3/X509_ACERT_add_attr_nconf.html doc/html/man3/X509_ACERT_get0_holder_baseCertId.html doc/html/man3/X509_ACERT_get_attr.html doc/html/man3/X509_ACERT_print_ex.html doc/html/man3/X509_ALGOR_dup.html doc/html/man3/X509_ATTRIBUTE.html doc/html/man3/X509_CRL_get0_by_serial.html doc/html/man3/X509_EXTENSION_set_object.html doc/html/man3/X509_LOOKUP.html doc/html/man3/X509_LOOKUP_hash_dir.html doc/html/man3/X509_LOOKUP_meth_new.html doc/html/man3/X509_NAME_ENTRY_get_object.html doc/html/man3/X509_NAME_add_entry_by_txt.html doc/html/man3/X509_NAME_get0_der.html doc/html/man3/X509_NAME_get_index_by_NID.html doc/html/man3/X509_NAME_print_ex.html doc/html/man3/X509_PUBKEY_new.html doc/html/man3/X509_REQ_get_attr.html doc/html/man3/X509_REQ_get_extensions.html doc/html/man3/X509_SIG_get0.html doc/html/man3/X509_STORE_CTX_get_by_subject.html doc/html/man3/X509_STORE_CTX_get_error.html doc/html/man3/X509_STORE_CTX_new.html doc/html/man3/X509_STORE_CTX_set_verify_cb.html doc/html/man3/X509_STORE_add_cert.html doc/html/man3/X509_STORE_get0_param.html doc/html/man3/X509_STORE_new.html doc/html/man3/X509_STORE_set_verify_cb_func.html doc/html/man3/X509_VERIFY_PARAM_set_flags.html doc/html/man3/X509_add_cert.html doc/html/man3/X509_check_ca.html doc/html/man3/X509_check_host.html doc/html/man3/X509_check_issued.html doc/html/man3/X509_check_private_key.html doc/html/man3/X509_check_purpose.html doc/html/man3/X509_cmp.html doc/html/man3/X509_cmp_time.html doc/html/man3/X509_digest.html doc/html/man3/X509_dup.html doc/html/man3/X509_get0_distinguishing_id.html doc/html/man3/X509_get0_notBefore.html doc/html/man3/X509_get0_signature.html doc/html/man3/X509_get0_uids.html doc/html/man3/X509_get_default_cert_file.html doc/html/man3/X509_get_extension_flags.html doc/html/man3/X509_get_pubkey.html doc/html/man3/X509_get_serialNumber.html doc/html/man3/X509_get_subject_name.html doc/html/man3/X509_get_version.html doc/html/man3/X509_load_http.html doc/html/man3/X509_new.html doc/html/man3/X509_sign.html doc/html/man3/X509_verify.html doc/html/man3/X509_verify_cert.html doc/html/man3/X509v3_get_ext_by_NID.html doc/html/man3/b2i_PVK_bio_ex.html doc/html/man3/d2i_PKCS8PrivateKey_bio.html doc/html/man3/d2i_PrivateKey.html doc/html/man3/d2i_RSAPrivateKey.html doc/html/man3/d2i_SSL_SESSION.html doc/html/man3/d2i_X509.html doc/html/man3/i2d_CMS_bio_stream.html doc/html/man3/i2d_PKCS7_bio_stream.html doc/html/man3/i2d_re_X509_tbs.html doc/html/man3/o2i_SCT_LIST.html doc/html/man3/s2i_ASN1_IA5STRING.html
rm -f doc/html/man5/config.html doc/html/man5/fips_config.html doc/html/man5/x509v3_config.html
rm -f doc/html/man7/EVP_ASYM_CIPHER-RSA.html doc/html/man7/EVP_ASYM_CIPHER-SM2.html doc/html/man7/EVP_CIPHER-AES.html doc/html/man7/EVP_CIPHER-ARIA.html doc/html/man7/EVP_CIPHER-BLOWFISH.html doc/html/man7/EVP_CIPHER-CAMELLIA.html doc/html/man7/EVP_CIPHER-CAST.html doc/html/man7/EVP_CIPHER-CHACHA.html doc/html/man7/EVP_CIPHER-DES.html doc/html/man7/EVP_CIPHER-IDEA.html doc/html/man7/EVP_CIPHER-NULL.html doc/html/man7/EVP_CIPHER-RC2.html doc/html/man7/EVP_CIPHER-RC4.html doc/html/man7/EVP_CIPHER-RC5.html doc/html/man7/EVP_CIPHER-SEED.html doc/html/man7/EVP_CIPHER-SM4.html doc/html/man7/EVP_KDF-ARGON2.html doc/html/man7/EVP_KDF-HKDF.html doc/html/man7/EVP_KDF-HMAC-DRBG.html doc/html/man7/EVP_KDF-KB.html doc/html/man7/EVP_KDF-KRB5KDF.html doc/html/man7/EVP_KDF-PBKDF1.html doc/html/man7/EVP_KDF-PBKDF2.html doc/html/man7/EVP_KDF-PKCS12KDF.html doc/html/man7/EVP_KDF-PVKKDF.html doc/html/man7/EVP_KDF-SCRYPT.html doc/html/man7/EVP_KDF-SS.html doc/html/man7/EVP_KDF-SSHKDF.html doc/html/man7/EVP_KDF-TLS13_KDF.html doc/html/man7/EVP_KDF-TLS1_PRF.html doc/html/man7/EVP_KDF-X942-ASN1.html doc/html/man7/EVP_KDF-X942-CONCAT.html doc/html/man7/EVP_KDF-X963.html doc/html/man7/EVP_KEM-EC.html doc/html/man7/EVP_KEM-ML-KEM.html doc/html/man7/EVP_KEM-RSA.html doc/html/man7/EVP_KEM-X25519.html doc/html/man7/EVP_KEYEXCH-DH.html doc/html/man7/EVP_KEYEXCH-ECDH.html doc/html/man7/EVP_KEYEXCH-X25519.html doc/html/man7/EVP_MAC-BLAKE2.html doc/html/man7/EVP_MAC-CMAC.html doc/html/man7/EVP_MAC-GMAC.html doc/html/man7/EVP_MAC-HMAC.html doc/html/man7/EVP_MAC-KMAC.html doc/html/man7/EVP_MAC-Poly1305.html doc/html/man7/EVP_MAC-Siphash.html doc/html/man7/EVP_MD-BLAKE2.html doc/html/man7/EVP_MD-KECCAK.html doc/html/man7/EVP_MD-MD2.html doc/html/man7/EVP_MD-MD4.html doc/html/man7/EVP_MD-MD5-SHA1.html doc/html/man7/EVP_MD-MD5.html doc/html/man7/EVP_MD-MDC2.html doc/html/man7/EVP_MD-NULL.html doc/html/man7/EVP_MD-RIPEMD160.html doc/html/man7/EVP_MD-SHA1.html doc/html/man7/EVP_MD-SHA2.html doc/html/man7/EVP_MD-SHA3.html doc/html/man7/EVP_MD-SHAKE.html doc/html/man7/EVP_MD-SM3.html doc/html/man7/EVP_MD-WHIRLPOOL.html doc/html/man7/EVP_MD-common.html doc/html/man7/EVP_PKEY-DH.html doc/html/man7/EVP_PKEY-DSA.html doc/html/man7/EVP_PKEY-EC.html doc/html/man7/EVP_PKEY-FFC.html doc/html/man7/EVP_PKEY-HMAC.html doc/html/man7/EVP_PKEY-ML-DSA.html doc/html/man7/EVP_PKEY-ML-KEM.html doc/html/man7/EVP_PKEY-RSA.html doc/html/man7/EVP_PKEY-SLH-DSA.html doc/html/man7/EVP_PKEY-SM2.html doc/html/man7/EVP_PKEY-X25519.html doc/html/man7/EVP_RAND-CRNG-TEST.html doc/html/man7/EVP_RAND-CTR-DRBG.html doc/html/man7/EVP_RAND-HASH-DRBG.html doc/html/man7/EVP_RAND-HMAC-DRBG.html doc/html/man7/EVP_RAND-JITTER.html doc/html/man7/EVP_RAND-SEED-SRC.html doc/html/man7/EVP_RAND-TEST-RAND.html doc/html/man7/EVP_RAND.html doc/html/man7/EVP_SIGNATURE-DSA.html doc/html/man7/EVP_SIGNATURE-ECDSA.html doc/html/man7/EVP_SIGNATURE-ED25519.html doc/html/man7/EVP_SIGNATURE-HMAC.html doc/html/man7/EVP_SIGNATURE-ML-DSA.html doc/html/man7/EVP_SIGNATURE-RSA.html doc/html/man7/EVP_SIGNATURE-SLH-DSA.html doc/html/man7/OSSL_PROVIDER-FIPS.html doc/html/man7/OSSL_PROVIDER-base.html doc/html/man7/OSSL_PROVIDER-default.html doc/html/man7/OSSL_PROVIDER-legacy.html doc/html/man7/OSSL_PROVIDER-null.html doc/html/man7/OSSL_STORE-winstore.html doc/html/man7/RAND.html doc/html/man7/RSA-PSS.html doc/html/man7/X25519.html doc/html/man7/bio.html doc/html/man7/ct.html doc/html/man7/des_modes.html doc/html/man7/evp.html doc/html/man7/fips_module.html doc/html/man7/life_cycle-cipher.html doc/html/man7/life_cycle-digest.html doc/html/man7/life_cycle-kdf.html doc/html/man7/life_cycle-mac.html doc/html/man7/life_cycle-pkey.html doc/html/man7/life_cycle-rand.html doc/html/man7/openssl-core.h.html doc/html/man7/openssl-core_dispatch.h.html doc/html/man7/openssl-core_names.h.html doc/html/man7/openssl-env.html doc/html/man7/openssl-glossary.html doc/html/man7/openssl-qlog.html doc/html/man7/openssl-quic-concurrency.html doc/html/man7/openssl-quic.html doc/html/man7/openssl-threads.html doc/html/man7/openssl_user_macros.html doc/html/man7/ossl-guide-introduction.html doc/html/man7/ossl-guide-libcrypto-introduction.html doc/html/man7/ossl-guide-libraries-introduction.html doc/html/man7/ossl-guide-libssl-introduction.html doc/html/man7/ossl-guide-migration.html doc/html/man7/ossl-guide-quic-client-block.html doc/html/man7/ossl-guide-quic-client-non-block.html doc/html/man7/ossl-guide-quic-introduction.html doc/html/man7/ossl-guide-quic-multi-stream.html doc/html/man7/ossl-guide-quic-server-block.html doc/html/man7/ossl-guide-quic-server-non-block.html doc/html/man7/ossl-guide-tls-client-block.html doc/html/man7/ossl-guide-tls-client-non-block.html doc/html/man7/ossl-guide-tls-introduction.html doc/html/man7/ossl-guide-tls-server-block.html doc/html/man7/ossl_store-file.html doc/html/man7/ossl_store.html doc/html/man7/passphrase-encoding.html doc/html/man7/property.html doc/html/man7/provider-asym_cipher.html doc/html/man7/provider-base.html doc/html/man7/provider-cipher.html doc/html/man7/provider-decoder.html doc/html/man7/provider-digest.html doc/html/man7/provider-encoder.html doc/html/man7/provider-kdf.html doc/html/man7/provider-kem.html doc/html/man7/provider-keyexch.html doc/html/man7/provider-keymgmt.html doc/html/man7/provider-mac.html doc/html/man7/provider-object.html doc/html/man7/provider-rand.html doc/html/man7/provider-signature.html doc/html/man7/provider-skeymgmt.html doc/html/man7/provider-storemgmt.html doc/html/man7/provider.html doc/html/man7/proxy-certificates.html doc/html/man7/x509.html
rm -f doc/man/man1/CA.pl.1 doc/man/man1/openssl-asn1parse.1 doc/man/man1/openssl-ca.1 doc/man/man1/openssl-ciphers.1 doc/man/man1/openssl-cmds.1 doc/man/man1/openssl-cmp.1 doc/man/man1/openssl-cms.1 doc/man/man1/openssl-configutl.1 doc/man/man1/openssl-crl.1 doc/man/man1/openssl-crl2pkcs7.1 doc/man/man1/openssl-dgst.1 doc/man/man1/openssl-dhparam.1 doc/man/man1/openssl-dsa.1 doc/man/man1/openssl-dsaparam.1 doc/man/man1/openssl-ec.1 doc/man/man1/openssl-ecparam.1 doc/man/man1/openssl-enc.1 doc/man/man1/openssl-engine.1 doc/man/man1/openssl-errstr.1 doc/man/man1/openssl-fipsinstall.1 doc/man/man1/openssl-format-options.1 doc/man/man1/openssl-gendsa.1 doc/man/man1/openssl-genpkey.1 doc/man/man1/openssl-genrsa.1 doc/man/man1/openssl-info.1 doc/man/man1/openssl-kdf.1 doc/man/man1/openssl-list.1 doc/man/man1/openssl-mac.1 doc/man/man1/openssl-namedisplay-options.1 doc/man/man1/openssl-nseq.1 doc/man/man1/openssl-ocsp.1 doc/man/man1/openssl-passphrase-options.1 doc/man/man1/openssl-passwd.1 doc/man/man1/openssl-pkcs12.1 doc/man/man1/openssl-pkcs7.1 doc/man/man1/openssl-pkcs8.1 doc/man/man1/openssl-pkey.1 doc/man/man1/openssl-pkeyparam.1 doc/man/man1/openssl-pkeyutl.1 doc/man/man1/openssl-prime.1 doc/man/man1/openssl-rand.1 doc/man/man1/openssl-rehash.1 doc/man/man1/openssl-req.1 doc/man/man1/openssl-rsa.1 doc/man/man1/openssl-rsautl.1 doc/man/man1/openssl-s_client.1 doc/man/man1/openssl-s_server.1 doc/man/man1/openssl-s_time.1 doc/man/man1/openssl-sess_id.1 doc/man/man1/openssl-skeyutl.1 doc/man/man1/openssl-smime.1 doc/man/man1/openssl-speed.1 doc/man/man1/openssl-spkac.1 doc/man/man1/openssl-srp.1 doc/man/man1/openssl-storeutl.1 doc/man/man1/openssl-ts.1 doc/man/man1/openssl-verification-options.1 doc/man/man1/openssl-verify.1 doc/man/man1/openssl-version.1 doc/man/man1/openssl-x509.1 doc/man/man1/openssl.1 doc/man/man1/tsget.1
rm -f doc/man/man3/ADMISSIONS.3 doc/man/man3/ASN1_EXTERN_FUNCS.3 doc/man/man3/ASN1_INTEGER_get_int64.3 doc/man/man3/ASN1_INTEGER_new.3 doc/man/man3/ASN1_ITEM_lookup.3 doc/man/man3/ASN1_OBJECT_new.3 doc/man/man3/ASN1_STRING_TABLE_add.3 doc/man/man3/ASN1_STRING_length.3 doc/man/man3/ASN1_STRING_new.3 doc/man/man3/ASN1_STRING_print_ex.3 doc/man/man3/ASN1_TIME_set.3 doc/man/man3/ASN1_TYPE_get.3 doc/man/man3/ASN1_aux_cb.3 doc/man/man3/ASN1_generate_nconf.3 doc/man/man3/ASN1_item_d2i_bio.3 doc/man/man3/ASN1_item_new.3 doc/man/man3/ASN1_item_sign.3 doc/man/man3/ASYNC_WAIT_CTX_new.3 doc/man/man3/ASYNC_start_job.3 doc/man/man3/BF_encrypt.3 doc/man/man3/BIO_ADDR.3 doc/man/man3/BIO_ADDRINFO.3 doc/man/man3/BIO_connect.3 doc/man/man3/BIO_ctrl.3 doc/man/man3/BIO_f_base64.3 doc/man/man3/BIO_f_buffer.3 doc/man/man3/BIO_f_cipher.3 doc/man/man3/BIO_f_md.3 doc/man/man3/BIO_f_null.3 doc/man/man3/BIO_f_prefix.3 doc/man/man3/BIO_f_readbuffer.3 doc/man/man3/BIO_f_ssl.3 doc/man/man3/BIO_find_type.3 doc/man/man3/BIO_get_data.3 doc/man/man3/BIO_get_ex_new_index.3 doc/man/man3/BIO_get_rpoll_descriptor.3 doc/man/man3/BIO_meth_new.3 doc/man/man3/BIO_new.3 doc/man/man3/BIO_new_CMS.3 doc/man/man3/BIO_parse_hostserv.3 doc/man/man3/BIO_printf.3 doc/man/man3/BIO_push.3 doc/man/man3/BIO_read.3 doc/man/man3/BIO_s_accept.3 doc/man/man3/BIO_s_bio.3 doc/man/man3/BIO_s_connect.3 doc/man/man3/BIO_s_core.3 doc/man/man3/BIO_s_datagram.3 doc/man/man3/BIO_s_dgram_pair.3 doc/man/man3/BIO_s_fd.3 doc/man/man3/BIO_s_file.3 doc/man/man3/BIO_s_mem.3 doc/man/man3/BIO_s_null.3 doc/man/man3/BIO_s_socket.3 doc/man/man3/BIO_sendmmsg.3 doc/man/man3/BIO_set_callback.3 doc/man/man3/BIO_should_retry.3 doc/man/man3/BIO_socket_wait.3 doc/man/man3/BN_BLINDING_new.3 doc/man/man3/BN_CTX_new.3 doc/man/man3/BN_CTX_start.3 doc/man/man3/BN_add.3 doc/man/man3/BN_add_word.3 doc/man/man3/BN_bn2bin.3 doc/man/man3/BN_cmp.3 doc/man/man3/BN_copy.3 doc/man/man3/BN_generate_prime.3 doc/man/man3/BN_mod_exp_mont.3 doc/man/man3/BN_mod_inverse.3 doc/man/man3/BN_mod_mul_montgomery.3 doc/man/man3/BN_mod_mul_reciprocal.3 doc/man/man3/BN_new.3 doc/man/man3/BN_num_bytes.3 doc/man/man3/BN_rand.3 doc/man/man3/BN_security_bits.3 doc/man/man3/BN_set_bit.3 doc/man/man3/BN_swap.3 doc/man/man3/BN_zero.3 doc/man/man3/BUF_MEM_new.3 doc/man/man3/CMAC_CTX.3 doc/man/man3/CMS_EncryptedData_decrypt.3 doc/man/man3/CMS_EncryptedData_encrypt.3 doc/man/man3/CMS_EnvelopedData_create.3 doc/man/man3/CMS_add0_cert.3 doc/man/man3/CMS_add1_recipient_cert.3 doc/man/man3/CMS_add1_signer.3 doc/man/man3/CMS_compress.3 doc/man/man3/CMS_data_create.3 doc/man/man3/CMS_decrypt.3 doc/man/man3/CMS_digest_create.3 doc/man/man3/CMS_encrypt.3 doc/man/man3/CMS_final.3 doc/man/man3/CMS_get0_RecipientInfos.3 doc/man/man3/CMS_get0_SignerInfos.3 doc/man/man3/CMS_get0_type.3 doc/man/man3/CMS_get1_ReceiptRequest.3 doc/man/man3/CMS_sign.3 doc/man/man3/CMS_sign_receipt.3 doc/man/man3/CMS_signed_get_attr.3 doc/man/man3/CMS_uncompress.3 doc/man/man3/CMS_verify.3 doc/man/man3/CMS_verify_receipt.3 doc/man/man3/COMP_CTX_new.3 doc/man/man3/CONF_modules_free.3 doc/man/man3/CONF_modules_load_file.3 doc/man/man3/CRYPTO_THREAD_run_once.3 doc/man/man3/CRYPTO_get_ex_new_index.3 doc/man/man3/CRYPTO_memcmp.3 doc/man/man3/CTLOG_STORE_get0_log_by_id.3 doc/man/man3/CTLOG_STORE_new.3 doc/man/man3/CTLOG_new.3 doc/man/man3/CT_POLICY_EVAL_CTX_new.3 doc/man/man3/DEFINE_STACK_OF.3 doc/man/man3/DES_random_key.3 doc/man/man3/DH_generate_key.3 doc/man/man3/DH_generate_parameters.3 doc/man/man3/DH_get0_pqg.3 doc/man/man3/DH_get_1024_160.3 doc/man/man3/DH_meth_new.3 doc/man/man3/DH_new.3 doc/man/man3/DH_new_by_nid.3 doc/man/man3/DH_set_method.3 doc/man/man3/DH_size.3 doc/man/man3/DSA_SIG_new.3 doc/man/man3/DSA_do_sign.3 doc/man/man3/DSA_dup_DH.3 doc/man/man3/DSA_generate_key.3 doc/man/man3/DSA_generate_parameters.3 doc/man/man3/DSA_get0_pqg.3 doc/man/man3/DSA_meth_new.3 doc/man/man3/DSA_new.3 doc/man/man3/DSA_set_method.3 doc/man/man3/DSA_sign.3 doc/man/man3/DSA_size.3 doc/man/man3/DTLS_get_data_mtu.3 doc/man/man3/DTLS_set_timer_cb.3 doc/man/man3/DTLSv1_get_timeout.3 doc/man/man3/DTLSv1_handle_timeout.3 doc/man/man3/DTLSv1_listen.3 doc/man/man3/ECDSA_SIG_new.3 doc/man/man3/ECDSA_sign.3 doc/man/man3/ECPKParameters_print.3 doc/man/man3/EC_GFp_simple_method.3 doc/man/man3/EC_GROUP_copy.3 doc/man/man3/EC_GROUP_new.3 doc/man/man3/EC_KEY_get_enc_flags.3 doc/man/man3/EC_KEY_new.3 doc/man/man3/EC_POINT_add.3 doc/man/man3/EC_POINT_new.3 doc/man/man3/ENGINE_add.3 doc/man/man3/ERR_GET_LIB.3 doc/man/man3/ERR_clear_error.3 doc/man/man3/ERR_error_string.3 doc/man/man3/ERR_get_error.3 doc/man/man3/ERR_load_crypto_strings.3 doc/man/man3/ERR_load_strings.3 doc/man/man3/ERR_new.3 doc/man/man3/ERR_print_errors.3 doc/man/man3/ERR_put_error.3 doc/man/man3/ERR_remove_state.3 doc/man/man3/ERR_set_mark.3 doc/man/man3/EVP_ASYM_CIPHER_free.3 doc/man/man3/EVP_BytesToKey.3 doc/man/man3/EVP_CIPHER_CTX_get_cipher_data.3 doc/man/man3/EVP_CIPHER_CTX_get_original_iv.3 doc/man/man3/EVP_CIPHER_meth_new.3 doc/man/man3/EVP_DigestInit.3 doc/man/man3/EVP_DigestSignInit.3 doc/man/man3/EVP_DigestVerifyInit.3 doc/man/man3/EVP_EncodeInit.3 doc/man/man3/EVP_EncryptInit.3 doc/man/man3/EVP_KDF.3 doc/man/man3/EVP_KEM_free.3 doc/man/man3/EVP_KEYEXCH_free.3 doc/man/man3/EVP_KEYMGMT.3 doc/man/man3/EVP_MAC.3 doc/man/man3/EVP_MD_meth_new.3 doc/man/man3/EVP_OpenInit.3 doc/man/man3/EVP_PBE_CipherInit.3 doc/man/man3/EVP_PKEY2PKCS8.3 doc/man/man3/EVP_PKEY_ASN1_METHOD.3 doc/man/man3/EVP_PKEY_CTX_ctrl.3 doc/man/man3/EVP_PKEY_CTX_get0_libctx.3 doc/man/man3/EVP_PKEY_CTX_get0_pkey.3 doc/man/man3/EVP_PKEY_CTX_get_algor.3 doc/man/man3/EVP_PKEY_CTX_new.3 doc/man/man3/EVP_PKEY_CTX_set1_pbe_pass.3 doc/man/man3/EVP_PKEY_CTX_set_hkdf_md.3 doc/man/man3/EVP_PKEY_CTX_set_params.3 doc/man/man3/EVP_PKEY_CTX_set_rsa_pss_keygen_md.3 doc/man/man3/EVP_PKEY_CTX_set_scrypt_N.3 doc/man/man3/EVP_PKEY_CTX_set_tls1_prf_md.3 doc/man/man3/EVP_PKEY_asn1_get_count.3 doc/man/man3/EVP_PKEY_check.3 doc/man/man3/EVP_PKEY_copy_parameters.3 doc/man/man3/EVP_PKEY_decapsulate.3 doc/man/man3/EVP_PKEY_decrypt.3 doc/man/man3/EVP_PKEY_derive.3 doc/man/man3/EVP_PKEY_digestsign_supports_digest.3 doc/man/man3/EVP_PKEY_encapsulate.3 doc/man/man3/EVP_PKEY_encrypt.3 doc/man/man3/EVP_PKEY_fromdata.3 doc/man/man3/EVP_PKEY_get_attr.3 doc/man/man3/EVP_PKEY_get_default_digest_nid.3 doc/man/man3/EVP_PKEY_get_field_type.3 doc/man/man3/EVP_PKEY_get_group_name.3 doc/man/man3/EVP_PKEY_get_size.3 doc/man/man3/EVP_PKEY_gettable_params.3 doc/man/man3/EVP_PKEY_is_a.3 doc/man/man3/EVP_PKEY_keygen.3 doc/man/man3/EVP_PKEY_meth_get_count.3 doc/man/man3/EVP_PKEY_meth_new.3 doc/man/man3/EVP_PKEY_new.3 doc/man/man3/EVP_PKEY_print_private.3 doc/man/man3/EVP_PKEY_set1_RSA.3 doc/man/man3/EVP_PKEY_set1_encoded_public_key.3 doc/man/man3/EVP_PKEY_set_type.3 doc/man/man3/EVP_PKEY_settable_params.3 doc/man/man3/EVP_PKEY_sign.3 doc/man/man3/EVP_PKEY_todata.3 doc/man/man3/EVP_PKEY_verify.3 doc/man/man3/EVP_PKEY_verify_recover.3 doc/man/man3/EVP_RAND.3 doc/man/man3/EVP_SIGNATURE.3 doc/man/man3/EVP_SKEY.3 doc/man/man3/EVP_SKEYMGMT.3 doc/man/man3/EVP_SealInit.3 doc/man/man3/EVP_SignInit.3 doc/man/man3/EVP_VerifyInit.3 doc/man/man3/EVP_aes_128_gcm.3 doc/man/man3/EVP_aria_128_gcm.3 doc/man/man3/EVP_bf_cbc.3 doc/man/man3/EVP_blake2b512.3 doc/man/man3/EVP_camellia_128_ecb.3 doc/man/man3/EVP_cast5_cbc.3 doc/man/man3/EVP_chacha20.3 doc/man/man3/EVP_des_cbc.3 doc/man/man3/EVP_desx_cbc.3 doc/man/man3/EVP_idea_cbc.3 doc/man/man3/EVP_md2.3 doc/man/man3/EVP_md4.3 doc/man/man3/EVP_md5.3 doc/man/man3/EVP_mdc2.3 doc/man/man3/EVP_rc2_cbc.3 doc/man/man3/EVP_rc4.3 doc/man/man3/EVP_rc5_32_12_16_cbc.3 doc/man/man3/EVP_ripemd160.3 doc/man/man3/EVP_seed_cbc.3 doc/man/man3/EVP_set_default_properties.3 doc/man/man3/EVP_sha1.3 doc/man/man3/EVP_sha224.3 doc/man/man3/EVP_sha3_224.3 doc/man/man3/EVP_sm3.3 doc/man/man3/EVP_sm4_cbc.3 doc/man/man3/EVP_whirlpool.3 doc/man/man3/GENERAL_NAME.3 doc/man/man3/HMAC.3 doc/man/man3/MD5.3 doc/man/man3/MDC2_Init.3 doc/man/man3/NCONF_new_ex.3 doc/man/man3/OBJ_nid2obj.3 doc/man/man3/OCSP_REQUEST_new.3 doc/man/man3/OCSP_cert_to_id.3 doc/man/man3/OCSP_request_add1_nonce.3 doc/man/man3/OCSP_resp_find_status.3 doc/man/man3/OCSP_response_status.3 doc/man/man3/OCSP_sendreq_new.3 doc/man/man3/OPENSSL_Applink.3 doc/man/man3/OPENSSL_FILE.3 doc/man/man3/OPENSSL_LH_COMPFUNC.3 doc/man/man3/OPENSSL_LH_stats.3 doc/man/man3/OPENSSL_config.3 doc/man/man3/OPENSSL_fork_prepare.3 doc/man/man3/OPENSSL_gmtime.3 doc/man/man3/OPENSSL_hexchar2int.3 doc/man/man3/OPENSSL_ia32cap.3 doc/man/man3/OPENSSL_init_crypto.3 doc/man/man3/OPENSSL_init_ssl.3 doc/man/man3/OPENSSL_instrument_bus.3 doc/man/man3/OPENSSL_load_builtin_modules.3 doc/man/man3/OPENSSL_load_u16_le.3 doc/man/man3/OPENSSL_malloc.3 doc/man/man3/OPENSSL_riscvcap.3 doc/man/man3/OPENSSL_s390xcap.3 doc/man/man3/OPENSSL_secure_malloc.3 doc/man/man3/OPENSSL_strcasecmp.3 doc/man/man3/OSSL_ALGORITHM.3 doc/man/man3/OSSL_CALLBACK.3 doc/man/man3/OSSL_CMP_ATAV_set0.3 doc/man/man3/OSSL_CMP_CTX_new.3 doc/man/man3/OSSL_CMP_HDR_get0_transactionID.3 doc/man/man3/OSSL_CMP_ITAV_new_caCerts.3 doc/man/man3/OSSL_CMP_ITAV_set0.3 doc/man/man3/OSSL_CMP_MSG_get0_header.3 doc/man/man3/OSSL_CMP_MSG_http_perform.3 doc/man/man3/OSSL_CMP_SRV_CTX_new.3 doc/man/man3/OSSL_CMP_STATUSINFO_new.3 doc/man/man3/OSSL_CMP_exec_certreq.3 doc/man/man3/OSSL_CMP_log_open.3 doc/man/man3/OSSL_CMP_validate_msg.3 doc/man/man3/OSSL_CORE_MAKE_FUNC.3 doc/man/man3/OSSL_CRMF_MSG_get0_tmpl.3 doc/man/man3/OSSL_CRMF_MSG_set0_validity.3 doc/man/man3/OSSL_CRMF_MSG_set1_regCtrl_regToken.3 doc/man/man3/OSSL_CRMF_MSG_set1_regInfo_certReq.3 doc/man/man3/OSSL_CRMF_pbmp_new.3 doc/man/man3/OSSL_DECODER.3 doc/man/man3/OSSL_DECODER_CTX.3 doc/man/man3/OSSL_DECODER_CTX_new_for_pkey.3 doc/man/man3/OSSL_DECODER_from_bio.3 doc/man/man3/OSSL_DISPATCH.3 doc/man/man3/OSSL_ENCODER.3 doc/man/man3/OSSL_ENCODER_CTX.3 doc/man/man3/OSSL_ENCODER_CTX_new_for_pkey.3 doc/man/man3/OSSL_ENCODER_to_bio.3 doc/man/man3/OSSL_ERR_STATE_save.3 doc/man/man3/OSSL_ESS_check_signing_certs.3 doc/man/man3/OSSL_GENERAL_NAMES_print.3 doc/man/man3/OSSL_HPKE_CTX_new.3 doc/man/man3/OSSL_HTTP_REQ_CTX.3 doc/man/man3/OSSL_HTTP_parse_url.3 doc/man/man3/OSSL_HTTP_transfer.3 doc/man/man3/OSSL_IETF_ATTR_SYNTAX.3 doc/man/man3/OSSL_IETF_ATTR_SYNTAX_print.3 doc/man/man3/OSSL_INDICATOR_set_callback.3 doc/man/man3/OSSL_ITEM.3 doc/man/man3/OSSL_LIB_CTX.3 doc/man/man3/OSSL_LIB_CTX_set_conf_diagnostics.3 doc/man/man3/OSSL_PARAM.3 doc/man/man3/OSSL_PARAM_BLD.3 doc/man/man3/OSSL_PARAM_allocate_from_text.3 doc/man/man3/OSSL_PARAM_dup.3 doc/man/man3/OSSL_PARAM_int.3 doc/man/man3/OSSL_PARAM_print_to_bio.3 doc/man/man3/OSSL_PROVIDER.3 doc/man/man3/OSSL_QUIC_client_method.3 doc/man/man3/OSSL_SELF_TEST_new.3 doc/man/man3/OSSL_SELF_TEST_set_callback.3 doc/man/man3/OSSL_STORE_INFO.3 doc/man/man3/OSSL_STORE_LOADER.3 doc/man/man3/OSSL_STORE_SEARCH.3 doc/man/man3/OSSL_STORE_attach.3 doc/man/man3/OSSL_STORE_expect.3 doc/man/man3/OSSL_STORE_open.3 doc/man/man3/OSSL_sleep.3 doc/man/man3/OSSL_trace_enabled.3 doc/man/man3/OSSL_trace_get_category_num.3 doc/man/man3/OSSL_trace_set_channel.3 doc/man/man3/OpenSSL_add_all_algorithms.3 doc/man/man3/OpenSSL_version.3 doc/man/man3/PBMAC1_get1_pbkdf2_param.3 doc/man/man3/PEM_X509_INFO_read_bio_ex.3 doc/man/man3/PEM_bytes_read_bio.3 doc/man/man3/PEM_read.3 doc/man/man3/PEM_read_CMS.3 doc/man/man3/PEM_read_bio_PrivateKey.3 doc/man/man3/PEM_read_bio_ex.3 doc/man/man3/PEM_write_bio_CMS_stream.3 doc/man/man3/PEM_write_bio_PKCS7_stream.3 doc/man/man3/PKCS12_PBE_keyivgen.3 doc/man/man3/PKCS12_SAFEBAG_create_cert.3 doc/man/man3/PKCS12_SAFEBAG_get0_attrs.3 doc/man/man3/PKCS12_SAFEBAG_get1_cert.3 doc/man/man3/PKCS12_SAFEBAG_set0_attrs.3 doc/man/man3/PKCS12_add1_attr_by_NID.3 doc/man/man3/PKCS12_add_CSPName_asc.3 doc/man/man3/PKCS12_add_cert.3 doc/man/man3/PKCS12_add_friendlyname_asc.3 doc/man/man3/PKCS12_add_localkeyid.3 doc/man/man3/PKCS12_add_safe.3 doc/man/man3/PKCS12_create.3 doc/man/man3/PKCS12_decrypt_skey.3 doc/man/man3/PKCS12_gen_mac.3 doc/man/man3/PKCS12_get_friendlyname.3 doc/man/man3/PKCS12_init.3 doc/man/man3/PKCS12_item_decrypt_d2i.3 doc/man/man3/PKCS12_key_gen_utf8_ex.3 doc/man/man3/PKCS12_newpass.3 doc/man/man3/PKCS12_pack_p7encdata.3 doc/man/man3/PKCS12_parse.3 doc/man/man3/PKCS5_PBE_keyivgen.3 doc/man/man3/PKCS5_PBKDF2_HMAC.3 doc/man/man3/PKCS7_decrypt.3 doc/man/man3/PKCS7_encrypt.3 doc/man/man3/PKCS7_get_octet_string.3 doc/man/man3/PKCS7_sign.3 doc/man/man3/PKCS7_sign_add_signer.3 doc/man/man3/PKCS7_type_is_other.3 doc/man/man3/PKCS7_verify.3 doc/man/man3/PKCS8_encrypt.3 doc/man/man3/PKCS8_pkey_add1_attr.3 doc/man/man3/RAND_add.3 doc/man/man3/RAND_bytes.3 doc/man/man3/RAND_cleanup.3 doc/man/man3/RAND_egd.3 doc/man/man3/RAND_get0_primary.3 doc/man/man3/RAND_load_file.3 doc/man/man3/RAND_set_DRBG_type.3 doc/man/man3/RAND_set_rand_method.3 doc/man/man3/RC4_set_key.3 doc/man/man3/RIPEMD160_Init.3 doc/man/man3/RSA_blinding_on.3 doc/man/man3/RSA_check_key.3 doc/man/man3/RSA_generate_key.3 doc/man/man3/RSA_get0_key.3 doc/man/man3/RSA_meth_new.3 doc/man/man3/RSA_new.3 doc/man/man3/RSA_padding_add_PKCS1_type_1.3 doc/man/man3/RSA_print.3 doc/man/man3/RSA_private_encrypt.3 doc/man/man3/RSA_public_encrypt.3 doc/man/man3/RSA_set_method.3 doc/man/man3/RSA_sign.3 doc/man/man3/RSA_sign_ASN1_OCTET_STRING.3 doc/man/man3/RSA_size.3 doc/man/man3/SCT_new.3 doc/man/man3/SCT_print.3 doc/man/man3/SCT_validate.3 doc/man/man3/SHA256_Init.3 doc/man/man3/SMIME_read_ASN1.3 doc/man/man3/SMIME_read_CMS.3 doc/man/man3/SMIME_read_PKCS7.3 doc/man/man3/SMIME_write_ASN1.3 doc/man/man3/SMIME_write_CMS.3 doc/man/man3/SMIME_write_PKCS7.3 doc/man/man3/SRP_Calc_B.3 doc/man/man3/SRP_VBASE_new.3 doc/man/man3/SRP_create_verifier.3 doc/man/man3/SRP_user_pwd_new.3 doc/man/man3/SSL_CIPHER_get_name.3 doc/man/man3/SSL_COMP_add_compression_method.3 doc/man/man3/SSL_CONF_CTX_new.3 doc/man/man3/SSL_CONF_CTX_set1_prefix.3 doc/man/man3/SSL_CONF_CTX_set_flags.3 doc/man/man3/SSL_CONF_CTX_set_ssl_ctx.3 doc/man/man3/SSL_CONF_cmd.3 doc/man/man3/SSL_CONF_cmd_argv.3 doc/man/man3/SSL_CTX_add1_chain_cert.3 doc/man/man3/SSL_CTX_add_extra_chain_cert.3 doc/man/man3/SSL_CTX_add_session.3 doc/man/man3/SSL_CTX_config.3 doc/man/man3/SSL_CTX_ctrl.3 doc/man/man3/SSL_CTX_dane_enable.3 doc/man/man3/SSL_CTX_flush_sessions.3 doc/man/man3/SSL_CTX_free.3 doc/man/man3/SSL_CTX_get0_param.3 doc/man/man3/SSL_CTX_get_verify_mode.3 doc/man/man3/SSL_CTX_has_client_custom_ext.3 doc/man/man3/SSL_CTX_load_verify_locations.3 doc/man/man3/SSL_CTX_new.3 doc/man/man3/SSL_CTX_sess_number.3 doc/man/man3/SSL_CTX_sess_set_cache_size.3 doc/man/man3/SSL_CTX_sess_set_get_cb.3 doc/man/man3/SSL_CTX_sessions.3 doc/man/man3/SSL_CTX_set0_CA_list.3 doc/man/man3/SSL_CTX_set1_cert_comp_preference.3 doc/man/man3/SSL_CTX_set1_curves.3 doc/man/man3/SSL_CTX_set1_sigalgs.3 doc/man/man3/SSL_CTX_set1_verify_cert_store.3 doc/man/man3/SSL_CTX_set_alpn_select_cb.3 doc/man/man3/SSL_CTX_set_cert_cb.3 doc/man/man3/SSL_CTX_set_cert_store.3 doc/man/man3/SSL_CTX_set_cert_verify_callback.3 doc/man/man3/SSL_CTX_set_cipher_list.3 doc/man/man3/SSL_CTX_set_client_cert_cb.3 doc/man/man3/SSL_CTX_set_client_hello_cb.3 doc/man/man3/SSL_CTX_set_ct_validation_callback.3 doc/man/man3/SSL_CTX_set_ctlog_list_file.3 doc/man/man3/SSL_CTX_set_default_passwd_cb.3 doc/man/man3/SSL_CTX_set_domain_flags.3 doc/man/man3/SSL_CTX_set_generate_session_id.3 doc/man/man3/SSL_CTX_set_info_callback.3 doc/man/man3/SSL_CTX_set_keylog_callback.3 doc/man/man3/SSL_CTX_set_max_cert_list.3 doc/man/man3/SSL_CTX_set_min_proto_version.3 doc/man/man3/SSL_CTX_set_mode.3 doc/man/man3/SSL_CTX_set_msg_callback.3 doc/man/man3/SSL_CTX_set_new_pending_conn_cb.3 doc/man/man3/SSL_CTX_set_num_tickets.3 doc/man/man3/SSL_CTX_set_options.3 doc/man/man3/SSL_CTX_set_psk_client_callback.3 doc/man/man3/SSL_CTX_set_quiet_shutdown.3 doc/man/man3/SSL_CTX_set_read_ahead.3 doc/man/man3/SSL_CTX_set_record_padding_callback.3 doc/man/man3/SSL_CTX_set_security_level.3 doc/man/man3/SSL_CTX_set_session_cache_mode.3 doc/man/man3/SSL_CTX_set_session_id_context.3 doc/man/man3/SSL_CTX_set_session_ticket_cb.3 doc/man/man3/SSL_CTX_set_split_send_fragment.3 doc/man/man3/SSL_CTX_set_srp_password.3 doc/man/man3/SSL_CTX_set_ssl_version.3 doc/man/man3/SSL_CTX_set_stateless_cookie_generate_cb.3 doc/man/man3/SSL_CTX_set_timeout.3 doc/man/man3/SSL_CTX_set_tlsext_servername_callback.3 doc/man/man3/SSL_CTX_set_tlsext_status_cb.3 doc/man/man3/SSL_CTX_set_tlsext_ticket_key_cb.3 doc/man/man3/SSL_CTX_set_tlsext_use_srtp.3 doc/man/man3/SSL_CTX_set_tmp_dh_callback.3 doc/man/man3/SSL_CTX_set_tmp_ecdh.3 doc/man/man3/SSL_CTX_set_verify.3 doc/man/man3/SSL_CTX_use_certificate.3 doc/man/man3/SSL_CTX_use_psk_identity_hint.3 doc/man/man3/SSL_CTX_use_serverinfo.3 doc/man/man3/SSL_SESSION_free.3 doc/man/man3/SSL_SESSION_get0_cipher.3 doc/man/man3/SSL_SESSION_get0_hostname.3 doc/man/man3/SSL_SESSION_get0_id_context.3 doc/man/man3/SSL_SESSION_get0_peer.3 doc/man/man3/SSL_SESSION_get_compress_id.3 doc/man/man3/SSL_SESSION_get_protocol_version.3 doc/man/man3/SSL_SESSION_get_time.3 doc/man/man3/SSL_SESSION_has_ticket.3 doc/man/man3/SSL_SESSION_is_resumable.3 doc/man/man3/SSL_SESSION_print.3 doc/man/man3/SSL_SESSION_set1_id.3 doc/man/man3/SSL_accept.3 doc/man/man3/SSL_accept_stream.3 doc/man/man3/SSL_alert_type_string.3 doc/man/man3/SSL_alloc_buffers.3 doc/man/man3/SSL_check_chain.3 doc/man/man3/SSL_clear.3 doc/man/man3/SSL_connect.3 doc/man/man3/SSL_do_handshake.3 doc/man/man3/SSL_export_keying_material.3 doc/man/man3/SSL_extension_supported.3 doc/man/man3/SSL_free.3 doc/man/man3/SSL_get0_connection.3 doc/man/man3/SSL_get0_group_name.3 doc/man/man3/SSL_get0_peer_rpk.3 doc/man/man3/SSL_get0_peer_scts.3 doc/man/man3/SSL_get1_builtin_sigalgs.3 doc/man/man3/SSL_get_SSL_CTX.3 doc/man/man3/SSL_get_all_async_fds.3 doc/man/man3/SSL_get_certificate.3 doc/man/man3/SSL_get_ciphers.3 doc/man/man3/SSL_get_client_random.3 doc/man/man3/SSL_get_conn_close_info.3 doc/man/man3/SSL_get_current_cipher.3 doc/man/man3/SSL_get_default_timeout.3 doc/man/man3/SSL_get_error.3 doc/man/man3/SSL_get_event_timeout.3 doc/man/man3/SSL_get_extms_support.3 doc/man/man3/SSL_get_fd.3 doc/man/man3/SSL_get_handshake_rtt.3 doc/man/man3/SSL_get_peer_cert_chain.3 doc/man/man3/SSL_get_peer_certificate.3 doc/man/man3/SSL_get_peer_signature_nid.3 doc/man/man3/SSL_get_peer_tmp_key.3 doc/man/man3/SSL_get_psk_identity.3 doc/man/man3/SSL_get_rbio.3 doc/man/man3/SSL_get_rpoll_descriptor.3 doc/man/man3/SSL_get_session.3 doc/man/man3/SSL_get_shared_sigalgs.3 doc/man/man3/SSL_get_stream_id.3 doc/man/man3/SSL_get_stream_read_state.3 doc/man/man3/SSL_get_value_uint.3 doc/man/man3/SSL_get_verify_result.3 doc/man/man3/SSL_get_version.3 doc/man/man3/SSL_group_to_name.3 doc/man/man3/SSL_handle_events.3 doc/man/man3/SSL_in_init.3 doc/man/man3/SSL_inject_net_dgram.3 doc/man/man3/SSL_key_update.3 doc/man/man3/SSL_library_init.3 doc/man/man3/SSL_load_client_CA_file.3 doc/man/man3/SSL_new.3 doc/man/man3/SSL_new_domain.3 doc/man/man3/SSL_new_listener.3 doc/man/man3/SSL_new_stream.3 doc/man/man3/SSL_pending.3 doc/man/man3/SSL_poll.3 doc/man/man3/SSL_read.3 doc/man/man3/SSL_read_early_data.3 doc/man/man3/SSL_rstate_string.3 doc/man/man3/SSL_session_reused.3 doc/man/man3/SSL_set1_host.3 doc/man/man3/SSL_set1_initial_peer_addr.3 doc/man/man3/SSL_set1_server_cert_type.3 doc/man/man3/SSL_set_async_callback.3 doc/man/man3/SSL_set_bio.3 doc/man/man3/SSL_set_blocking_mode.3 doc/man/man3/SSL_set_connect_state.3 doc/man/man3/SSL_set_default_stream_mode.3 doc/man/man3/SSL_set_fd.3 doc/man/man3/SSL_set_incoming_stream_policy.3 doc/man/man3/SSL_set_quic_tls_cbs.3 doc/man/man3/SSL_set_retry_verify.3 doc/man/man3/SSL_set_session.3 doc/man/man3/SSL_set_session_secret_cb.3 doc/man/man3/SSL_set_shutdown.3 doc/man/man3/SSL_set_verify_result.3 doc/man/man3/SSL_shutdown.3 doc/man/man3/SSL_state_string.3 doc/man/man3/SSL_stream_conclude.3 doc/man/man3/SSL_stream_reset.3 doc/man/man3/SSL_want.3 doc/man/man3/SSL_write.3 doc/man/man3/TS_RESP_CTX_new.3 doc/man/man3/TS_VERIFY_CTX.3 doc/man/man3/UI_STRING.3 doc/man/man3/UI_UTIL_read_pw.3 doc/man/man3/UI_create_method.3 doc/man/man3/UI_new.3 doc/man/man3/X509V3_get_d2i.3 doc/man/man3/X509V3_set_ctx.3 doc/man/man3/X509_ACERT_add1_attr.3 doc/man/man3/X509_ACERT_add_attr_nconf.3 doc/man/man3/X509_ACERT_get0_holder_baseCertId.3 doc/man/man3/X509_ACERT_get_attr.3 doc/man/man3/X509_ACERT_print_ex.3 doc/man/man3/X509_ALGOR_dup.3 doc/man/man3/X509_ATTRIBUTE.3 doc/man/man3/X509_CRL_get0_by_serial.3 doc/man/man3/X509_EXTENSION_set_object.3 doc/man/man3/X509_LOOKUP.3 doc/man/man3/X509_LOOKUP_hash_dir.3 doc/man/man3/X509_LOOKUP_meth_new.3 doc/man/man3/X509_NAME_ENTRY_get_object.3 doc/man/man3/X509_NAME_add_entry_by_txt.3 doc/man/man3/X509_NAME_get0_der.3 doc/man/man3/X509_NAME_get_index_by_NID.3 doc/man/man3/X509_NAME_print_ex.3 doc/man/man3/X509_PUBKEY_new.3 doc/man/man3/X509_REQ_get_attr.3 doc/man/man3/X509_REQ_get_extensions.3 doc/man/man3/X509_SIG_get0.3 doc/man/man3/X509_STORE_CTX_get_by_subject.3 doc/man/man3/X509_STORE_CTX_get_error.3 doc/man/man3/X509_STORE_CTX_new.3 doc/man/man3/X509_STORE_CTX_set_verify_cb.3 doc/man/man3/X509_STORE_add_cert.3 doc/man/man3/X509_STORE_get0_param.3 doc/man/man3/X509_STORE_new.3 doc/man/man3/X509_STORE_set_verify_cb_func.3 doc/man/man3/X509_VERIFY_PARAM_set_flags.3 doc/man/man3/X509_add_cert.3 doc/man/man3/X509_check_ca.3 doc/man/man3/X509_check_host.3 doc/man/man3/X509_check_issued.3 doc/man/man3/X509_check_private_key.3 doc/man/man3/X509_check_purpose.3 doc/man/man3/X509_cmp.3 doc/man/man3/X509_cmp_time.3 doc/man/man3/X509_digest.3 doc/man/man3/X509_dup.3 doc/man/man3/X509_get0_distinguishing_id.3 doc/man/man3/X509_get0_notBefore.3 doc/man/man3/X509_get0_signature.3 doc/man/man3/X509_get0_uids.3 doc/man/man3/X509_get_default_cert_file.3 doc/man/man3/X509_get_extension_flags.3 doc/man/man3/X509_get_pubkey.3 doc/man/man3/X509_get_serialNumber.3 doc/man/man3/X509_get_subject_name.3 doc/man/man3/X509_get_version.3 doc/man/man3/X509_load_http.3 doc/man/man3/X509_new.3 doc/man/man3/X509_sign.3 doc/man/man3/X509_verify.3 doc/man/man3/X509_verify_cert.3 doc/man/man3/X509v3_get_ext_by_NID.3 doc/man/man3/b2i_PVK_bio_ex.3 doc/man/man3/d2i_PKCS8PrivateKey_bio.3 doc/man/man3/d2i_PrivateKey.3 doc/man/man3/d2i_RSAPrivateKey.3 doc/man/man3/d2i_SSL_SESSION.3 doc/man/man3/d2i_X509.3 doc/man/man3/i2d_CMS_bio_stream.3 doc/man/man3/i2d_PKCS7_bio_stream.3 doc/man/man3/i2d_re_X509_tbs.3 doc/man/man3/o2i_SCT_LIST.3 doc/man/man3/s2i_ASN1_IA5STRING.3
rm -f doc/man/man5/config.5 doc/man/man5/fips_config.5 doc/man/man5/x509v3_config.5
rm -f doc/man/man7/EVP_ASYM_CIPHER-RSA.7 doc/man/man7/EVP_ASYM_CIPHER-SM2.7 doc/man/man7/EVP_CIPHER-AES.7 doc/man/man7/EVP_CIPHER-ARIA.7 doc/man/man7/EVP_CIPHER-BLOWFISH.7 doc/man/man7/EVP_CIPHER-CAMELLIA.7 doc/man/man7/EVP_CIPHER-CAST.7 doc/man/man7/EVP_CIPHER-CHACHA.7 doc/man/man7/EVP_CIPHER-DES.7 doc/man/man7/EVP_CIPHER-IDEA.7 doc/man/man7/EVP_CIPHER-NULL.7 doc/man/man7/EVP_CIPHER-RC2.7 doc/man/man7/EVP_CIPHER-RC4.7 doc/man/man7/EVP_CIPHER-RC5.7 doc/man/man7/EVP_CIPHER-SEED.7 doc/man/man7/EVP_CIPHER-SM4.7 doc/man/man7/EVP_KDF-ARGON2.7 doc/man/man7/EVP_KDF-HKDF.7 doc/man/man7/EVP_KDF-HMAC-DRBG.7 doc/man/man7/EVP_KDF-KB.7 doc/man/man7/EVP_KDF-KRB5KDF.7 doc/man/man7/EVP_KDF-PBKDF1.7 doc/man/man7/EVP_KDF-PBKDF2.7 doc/man/man7/EVP_KDF-PKCS12KDF.7 doc/man/man7/EVP_KDF-PVKKDF.7 doc/man/man7/EVP_KDF-SCRYPT.7 doc/man/man7/EVP_KDF-SS.7 doc/man/man7/EVP_KDF-SSHKDF.7 doc/man/man7/EVP_KDF-TLS13_KDF.7 doc/man/man7/EVP_KDF-TLS1_PRF.7 doc/man/man7/EVP_KDF-X942-ASN1.7 doc/man/man7/EVP_KDF-X942-CONCAT.7 doc/man/man7/EVP_KDF-X963.7 doc/man/man7/EVP_KEM-EC.7 doc/man/man7/EVP_KEM-ML-KEM.7 doc/man/man7/EVP_KEM-RSA.7 doc/man/man7/EVP_KEM-X25519.7 doc/man/man7/EVP_KEYEXCH-DH.7 doc/man/man7/EVP_KEYEXCH-ECDH.7 doc/man/man7/EVP_KEYEXCH-X25519.7 doc/man/man7/EVP_MAC-BLAKE2.7 doc/man/man7/EVP_MAC-CMAC.7 doc/man/man7/EVP_MAC-GMAC.7 doc/man/man7/EVP_MAC-HMAC.7 doc/man/man7/EVP_MAC-KMAC.7 doc/man/man7/EVP_MAC-Poly1305.7 doc/man/man7/EVP_MAC-Siphash.7 doc/man/man7/EVP_MD-BLAKE2.7 doc/man/man7/EVP_MD-KECCAK.7 doc/man/man7/EVP_MD-MD2.7 doc/man/man7/EVP_MD-MD4.7 doc/man/man7/EVP_MD-MD5-SHA1.7 doc/man/man7/EVP_MD-MD5.7 doc/man/man7/EVP_MD-MDC2.7 doc/man/man7/EVP_MD-NULL.7 doc/man/man7/EVP_MD-RIPEMD160.7 doc/man/man7/EVP_MD-SHA1.7 doc/man/man7/EVP_MD-SHA2.7 doc/man/man7/EVP_MD-SHA3.7 doc/man/man7/EVP_MD-SHAKE.7 doc/man/man7/EVP_MD-SM3.7 doc/man/man7/EVP_MD-WHIRLPOOL.7 doc/man/man7/EVP_MD-common.7 doc/man/man7/EVP_PKEY-DH.7 doc/man/man7/EVP_PKEY-DSA.7 doc/man/man7/EVP_PKEY-EC.7 doc/man/man7/EVP_PKEY-FFC.7 doc/man/man7/EVP_PKEY-HMAC.7 doc/man/man7/EVP_PKEY-ML-DSA.7 doc/man/man7/EVP_PKEY-ML-KEM.7 doc/man/man7/EVP_PKEY-RSA.7 doc/man/man7/EVP_PKEY-SLH-DSA.7 doc/man/man7/EVP_PKEY-SM2.7 doc/man/man7/EVP_PKEY-X25519.7 doc/man/man7/EVP_RAND-CRNG-TEST.7 doc/man/man7/EVP_RAND-CTR-DRBG.7 doc/man/man7/EVP_RAND-HASH-DRBG.7 doc/man/man7/EVP_RAND-HMAC-DRBG.7 doc/man/man7/EVP_RAND-JITTER.7 doc/man/man7/EVP_RAND-SEED-SRC.7 doc/man/man7/EVP_RAND-TEST-RAND.7 doc/man/man7/EVP_RAND.7 doc/man/man7/EVP_SIGNATURE-DSA.7 doc/man/man7/EVP_SIGNATURE-ECDSA.7 doc/man/man7/EVP_SIGNATURE-ED25519.7 doc/man/man7/EVP_SIGNATURE-HMAC.7 doc/man/man7/EVP_SIGNATURE-ML-DSA.7 doc/man/man7/EVP_SIGNATURE-RSA.7 doc/man/man7/EVP_SIGNATURE-SLH-DSA.7 doc/man/man7/OSSL_PROVIDER-FIPS.7 doc/man/man7/OSSL_PROVIDER-base.7 doc/man/man7/OSSL_PROVIDER-default.7 doc/man/man7/OSSL_PROVIDER-legacy.7 doc/man/man7/OSSL_PROVIDER-null.7 doc/man/man7/OSSL_STORE-winstore.7 doc/man/man7/RAND.7 doc/man/man7/RSA-PSS.7 doc/man/man7/X25519.7 doc/man/man7/bio.7 doc/man/man7/ct.7 doc/man/man7/des_modes.7 doc/man/man7/evp.7 doc/man/man7/fips_module.7 doc/man/man7/life_cycle-cipher.7 doc/man/man7/life_cycle-digest.7 doc/man/man7/life_cycle-kdf.7 doc/man/man7/life_cycle-mac.7 doc/man/man7/life_cycle-pkey.7 doc/man/man7/life_cycle-rand.7 doc/man/man7/openssl-core.h.7 doc/man/man7/openssl-core_dispatch.h.7 doc/man/man7/openssl-core_names.h.7 doc/man/man7/openssl-env.7 doc/man/man7/openssl-glossary.7 doc/man/man7/openssl-qlog.7 doc/man/man7/openssl-quic-concurrency.7 doc/man/man7/openssl-quic.7 doc/man/man7/openssl-threads.7 doc/man/man7/openssl_user_macros.7 doc/man/man7/ossl-guide-introduction.7 doc/man/man7/ossl-guide-libcrypto-introduction.7 doc/man/man7/ossl-guide-libraries-introduction.7 doc/man/man7/ossl-guide-libssl-introduction.7 doc/man/man7/ossl-guide-migration.7 doc/man/man7/ossl-guide-quic-client-block.7 doc/man/man7/ossl-guide-quic-client-non-block.7 doc/man/man7/ossl-guide-quic-introduction.7 doc/man/man7/ossl-guide-quic-multi-stream.7 doc/man/man7/ossl-guide-quic-server-block.7 doc/man/man7/ossl-guide-quic-server-non-block.7 doc/man/man7/ossl-guide-tls-client-block.7 doc/man/man7/ossl-guide-tls-client-non-block.7 doc/man/man7/ossl-guide-tls-introduction.7 doc/man/man7/ossl-guide-tls-server-block.7 doc/man/man7/ossl_store-file.7 doc/man/man7/ossl_store.7 doc/man/man7/passphrase-encoding.7 doc/man/man7/property.7 doc/man/man7/provider-asym_cipher.7 doc/man/man7/provider-base.7 doc/man/man7/provider-cipher.7 doc/man/man7/provider-decoder.7 doc/man/man7/provider-digest.7 doc/man/man7/provider-encoder.7 doc/man/man7/provider-kdf.7 doc/man/man7/provider-kem.7 doc/man/man7/provider-keyexch.7 doc/man/man7/provider-keymgmt.7 doc/man/man7/provider-mac.7 doc/man/man7/provider-object.7 doc/man/man7/provider-rand.7 doc/man/man7/provider-signature.7 doc/man/man7/provider-skeymgmt.7 doc/man/man7/provider-storemgmt.7 doc/man/man7/provider.7 doc/man/man7/proxy-certificates.7 doc/man/man7/x509.7
rm -f apps/openssl fuzz/acert-test fuzz/asn1-test fuzz/asn1parse-test fuzz/bignum-test fuzz/bndiv-test fuzz/client-test fuzz/cmp-test fuzz/cms-test fuzz/conf-test fuzz/crl-test fuzz/ct-test fuzz/decoder-test fuzz/dtlsclient-test fuzz/dtlsserver-test fuzz/hashtable-test fuzz/ml-dsa-test fuzz/ml-kem-test fuzz/pem-test fuzz/provider-test fuzz/punycode-test fuzz/quic-client-test fuzz/quic-lcidm-test fuzz/quic-rcidm-test fuzz/quic-server-test fuzz/quic-srtm-test fuzz/server-test fuzz/slh-dsa-test fuzz/smime-test fuzz/v3name-test fuzz/x509-test test/aborttest test/aesgcmtest test/afalgtest test/algorithmid_test test/asn1_decode_test test/asn1_dsa_internal_test test/asn1_encode_test test/asn1_internal_test test/asn1_stable_parse_test test/asn1_string_table_test test/asn1_time_test test/asynciotest test/asynctest test/bad_dtls_test test/bftest test/bio_addr_test test/bio_base64_test test/bio_callback_test test/bio_core_test test/bio_dgram_test test/bio_enc_test test/bio_memleak_test test/bio_meth_test test/bio_prefix_text test/bio_pw_callback_test test/bio_readbuffer_test test/bio_tfo_test test/bioprinttest test/bn_internal_test test/bntest test/build_wincrypt_test test/buildtest_c_aes test/buildtest_c_async test/buildtest_c_blowfish test/buildtest_c_bn test/buildtest_c_buffer test/buildtest_c_byteorder test/buildtest_c_camellia test/buildtest_c_cast test/buildtest_c_cmac test/buildtest_c_cmp_util test/buildtest_c_conf_api test/buildtest_c_configuration test/buildtest_c_conftypes test/buildtest_c_core test/buildtest_c_core_dispatch test/buildtest_c_core_object test/buildtest_c_cryptoerr_legacy test/buildtest_c_decoder test/buildtest_c_des test/buildtest_c_dh test/buildtest_c_dsa test/buildtest_c_dtls1 test/buildtest_c_e_os2 test/buildtest_c_e_ostime test/buildtest_c_ebcdic test/buildtest_c_ec test/buildtest_c_ecdh test/buildtest_c_ecdsa test/buildtest_c_encoder test/buildtest_c_engine test/buildtest_c_evp test/buildtest_c_fips_names test/buildtest_c_hmac test/buildtest_c_hpke test/buildtest_c_http test/buildtest_c_idea test/buildtest_c_indicator test/buildtest_c_kdf test/buildtest_c_macros test/buildtest_c_md4 test/buildtest_c_md5 test/buildtest_c_mdc2 test/buildtest_c_ml_kem test/buildtest_c_modes test/buildtest_c_obj_mac test/buildtest_c_objects test/buildtest_c_ossl_typ test/buildtest_c_param_build test/buildtest_c_params test/buildtest_c_pem test/buildtest_c_pem2 test/buildtest_c_prov_ssl test/buildtest_c_provider test/buildtest_c_quic test/buildtest_c_rand test/buildtest_c_rc2 test/buildtest_c_rc4 test/buildtest_c_ripemd test/buildtest_c_rsa test/buildtest_c_seed test/buildtest_c_self_test test/buildtest_c_sha test/buildtest_c_srtp test/buildtest_c_ssl2 test/buildtest_c_sslerr_legacy test/buildtest_c_stack test/buildtest_c_store test/buildtest_c_symhacks test/buildtest_c_thread test/buildtest_c_tls1 test/buildtest_c_ts test/buildtest_c_txt_db test/buildtest_c_types test/buildtest_c_whrlpool test/byteorder_test test/ca_internals_test test/casttest test/chacha_internal_test test/cipher_overhead_test test/cipherbytes_test test/cipherlist_test test/ciphername_test test/clienthellotest test/cmactest test/cmp_asn_test test/cmp_client_test test/cmp_ctx_test test/cmp_hdr_test test/cmp_msg_test test/cmp_protect_test test/cmp_server_test test/cmp_status_test test/cmp_vfy_test test/cmsapitest test/conf_include_test test/confdump test/constant_time_test test/context_internal_test test/crltest test/ct_test test/ctype_internal_test test/curve448_internal_test test/d2i_test test/danetest test/decoder_propq_test test/defltfips_test test/destest test/dhtest test/drbgtest test/dsa_no_digest_size_test test/dsatest test/dtls_mtu_test test/dtlstest test/dtlsv1listentest test/ec_internal_test test/ecdsatest test/ecstresstest test/ectest test/endecode_test test/endecoder_legacy_test test/enginetest test/errtest test/evp_byname_test test/evp_extra_test test/evp_extra_test2 test/evp_fetch_prov_test test/evp_kdf_test test/evp_libctx_test test/evp_pkey_ctx_new_from_name test/evp_pkey_dhkem_test test/evp_pkey_dparams_test test/evp_pkey_provided_test test/evp_skey_test test/evp_test test/evp_xof_test test/exdatatest test/exptest test/ext_internal_test test/fatalerrtest test/ffc_internal_test test/fips_version_test test/gmdifftest test/hexstr_test test/hmactest test/hpke_test test/http_test test/ideatest test/igetest test/json_test test/keymgmt_internal_test test/lhash_test test/list_test test/localetest test/mdc2_internal_test test/mdc2test test/membio_test test/memleaktest test/ml_dsa_test test/ml_kem_evp_extra_test test/ml_kem_internal_test test/modes_internal_test test/moduleloadtest test/namemap_internal_test test/nodefltctxtest test/ocspapitest test/ossl_store_test test/packettest test/pairwise_fail_test test/param_build_test test/params_api_test test/params_conversion_test test/params_test test/pbelutest test/pbetest test/pem_read_depr_test test/pemtest test/pkcs12_api_test test/pkcs12_format_test test/pkcs7_test test/pkey_meth_kdf_test test/pkey_meth_test test/poly1305_internal_test test/priority_queue_test test/property_test test/prov_config_test test/provfetchtest test/provider_default_search_path_test test/provider_fallback_test test/provider_internal_test test/provider_pkey_test test/provider_status_test test/provider_test test/punycode_test test/quic_ackm_test test/quic_cc_test test/quic_cfq_test test/quic_client_test test/quic_fc_test test/quic_fifd_test test/quic_lcidm_test test/quic_multistream_test test/quic_newcid_test test/quic_qlog_test test/quic_radix_test test/quic_rcidm_test test/quic_record_test test/quic_srt_gen_test test/quic_srtm_test test/quic_stream_test test/quic_tserver_test test/quic_txp_test test/quic_txpim_test test/quic_wire_test test/quicapitest test/quicfaultstest test/rand_status_test test/rand_test test/rc2test test/rc4test test/rc5test test/rdcpu_sanitytest test/recordlentest test/rpktest test/rsa_complex test/rsa_mp_test test/rsa_sp800_56b_test test/rsa_test test/rsa_x931_test test/safe_math_test test/sanitytest test/secmemtest test/servername_test test/sha_test test/shlibloadtest test/siphash_internal_test test/slh_dsa_test test/sm2_internal_test test/sm3_internal_test test/sm4_internal_test test/sparse_array_test test/srptest test/ssl_cert_table_internal_test test/ssl_ctx_test test/ssl_handshake_rtt_test test/ssl_old_test test/ssl_test test/ssl_test_ctx_test test/sslapitest test/sslbuffertest test/sslcorrupttest test/stack_test test/strtoultest test/sysdefaulttest test/test_base64_simdutf test/test_test test/threadpool_test test/threadstest test/threadstest_fips test/time_offset_test test/time_test test/timing_load_creds test/tls13ccstest test/tls13encryptiontest test/tls13groupselection_test test/tls13secretstest test/trace_api_test test/uitest test/upcallstest test/user_property_test test/v3ext test/v3nametest test/verify_extra_test test/versions test/wpackettest test/x509_acert_test test/x509_check_cert_pkey_test test/x509_dup_cert_test test/x509_internal_test test/x509_load_cert_file_test test/x509_req_test test/x509_test test/x509_time_test test/x509aux  engines/afalg.so engines/capi.so engines/dasync.so engines/loader_attic.so engines/ossltest.so engines/padlock.so providers/legacy.so test/p_minimal.so test/p_test.so  apps/CA.pl apps/tsget.pl tools/c_rehash util/shlib_wrap.sh util/wrap.pl
rm -f OpenSSLConfigVersion.cmake exporters/OpenSSLConfigVersion.cmake exporters/openssl.pc include/crypto/bn_conf.h include/crypto/dso_conf.h include/internal/param_names.h include/openssl/asn1.h include/openssl/asn1t.h include/openssl/bio.h include/openssl/cmp.h include/openssl/cms.h include/openssl/comp.h include/openssl/conf.h include/openssl/core_names.h include/openssl/crmf.h include/openssl/crypto.h include/openssl/ct.h include/openssl/err.h include/openssl/ess.h include/openssl/fipskey.h include/openssl/lhash.h include/openssl/ocsp.h include/openssl/opensslv.h include/openssl/pkcs12.h include/openssl/pkcs7.h include/openssl/safestack.h include/openssl/srp.h include/openssl/ssl.h include/openssl/ui.h include/openssl/x509.h include/openssl/x509_acert.h include/openssl/x509_vfy.h include/openssl/x509v3.h openssl.pc providers/implementations/ciphers/cipher_chacha20_poly1305.c providers/implementations/ciphers/ciphercommon.c providers/implementations/keymgmt/ml_dsa_kmgmt.c providers/implementations/keymgmt/ml_kem_kmgmt.c test/provider_internal_test.cnf OpenSSLConfig.cmake apps/CA.pl apps/progs.c apps/progs.h apps/tsget.pl builddata.pm crypto/aes/aes-x86_64.s crypto/aes/aesni-mb-x86_64.s crypto/aes/aesni-sha1-x86_64.s crypto/aes/aesni-sha256-x86_64.s crypto/aes/aesni-x86_64.s crypto/aes/aesni-xts-avx512.s crypto/aes/bsaes-x86_64.s crypto/aes/vpaes-x86_64.s crypto/bn/rsaz-2k-avx512.s crypto/bn/rsaz-2k-avxifma.s crypto/bn/rsaz-3k-avx512.s crypto/bn/rsaz-3k-avxifma.s crypto/bn/rsaz-4k-avx512.s crypto/bn/rsaz-4k-avxifma.s crypto/bn/rsaz-avx2.s crypto/bn/rsaz-x86_64.s crypto/bn/x86_64-gf2m.s crypto/bn/x86_64-mont.s crypto/bn/x86_64-mont5.s crypto/buildinf.h crypto/camellia/cmll-x86_64.s crypto/chacha/chacha-x86_64.s crypto/ec/ecp_nistz256-x86_64.s crypto/ec/x25519-x86_64.s crypto/md5/md5-x86_64.s crypto/modes/aes-gcm-avx512.s crypto/modes/aesni-gcm-x86_64.s crypto/modes/ghash-x86_64.s crypto/poly1305/poly1305-x86_64.s crypto/rc4/rc4-md5-x86_64.s crypto/rc4/rc4-x86_64.s crypto/sha/keccak1600-x86_64.s crypto/sha/sha1-mb-x86_64.s crypto/sha/sha1-x86_64.s crypto/sha/sha256-mb-x86_64.s crypto/sha/sha256-x86_64.s crypto/sha/sha512-x86_64.s crypto/sm3/sm3-x86_64.S crypto/sm4/sm4-x86_64.S crypto/whrlpool/wp-x86_64.s crypto/x86_64cpuid.s doc/man1/openssl-asn1parse.pod doc/man1/openssl-ca.pod doc/man1/openssl-ciphers.pod doc/man1/openssl-cmds.pod doc/man1/openssl-cmp.pod doc/man1/openssl-cms.pod doc/man1/openssl-configutl.pod doc/man1/openssl-crl.pod doc/man1/openssl-crl2pkcs7.pod doc/man1/openssl-dgst.pod doc/man1/openssl-dhparam.pod doc/man1/openssl-dsa.pod doc/man1/openssl-dsaparam.pod doc/man1/openssl-ec.pod doc/man1/openssl-ecparam.pod doc/man1/openssl-enc.pod doc/man1/openssl-engine.pod doc/man1/openssl-errstr.pod doc/man1/openssl-fipsinstall.pod doc/man1/openssl-gendsa.pod doc/man1/openssl-genpkey.pod doc/man1/openssl-genrsa.pod doc/man1/openssl-info.pod doc/man1/openssl-kdf.pod doc/man1/openssl-list.pod doc/man1/openssl-mac.pod doc/man1/openssl-nseq.pod doc/man1/openssl-ocsp.pod doc/man1/openssl-passwd.pod doc/man1/openssl-pkcs12.pod doc/man1/openssl-pkcs7.pod doc/man1/openssl-pkcs8.pod doc/man1/openssl-pkey.pod doc/man1/openssl-pkeyparam.pod doc/man1/openssl-pkeyutl.pod doc/man1/openssl-prime.pod doc/man1/openssl-rand.pod doc/man1/openssl-rehash.pod doc/man1/openssl-req.pod doc/man1/openssl-rsa.pod doc/man1/openssl-rsautl.pod doc/man1/openssl-s_client.pod doc/man1/openssl-s_server.pod doc/man1/openssl-s_time.pod doc/man1/openssl-sess_id.pod doc/man1/openssl-skeyutl.pod doc/man1/openssl-smime.pod doc/man1/openssl-speed.pod doc/man1/openssl-spkac.pod doc/man1/openssl-srp.pod doc/man1/openssl-storeutl.pod doc/man1/openssl-ts.pod doc/man1/openssl-verify.pod doc/man1/openssl-version.pod doc/man1/openssl-x509.pod doc/man7/openssl_user_macros.pod engines/afalg.ld engines/capi.ld engines/dasync.ld engines/e_padlock-x86_64.s engines/loader_attic.ld engines/ossltest.ld engines/padlock.ld exporters/OpenSSLConfig.cmake exporters/libcrypto.pc exporters/libssl.pc installdata.pm libcrypto.ld libcrypto.pc libssl.ld libssl.pc providers/common/der/der_digests_gen.c providers/common/der/der_dsa_gen.c providers/common/der/der_ec_gen.c providers/common/der/der_ecx_gen.c providers/common/der/der_ml_dsa_gen.c providers/common/der/der_rsa_gen.c providers/common/der/der_slh_dsa_gen.c providers/common/der/der_sm2_gen.c providers/common/der/der_wrap_gen.c providers/common/include/prov/der_digests.h providers/common/include/prov/der_dsa.h providers/common/include/prov/der_ec.h providers/common/include/prov/der_ecx.h providers/common/include/prov/der_ml_dsa.h providers/common/include/prov/der_rsa.h providers/common/include/prov/der_slh_dsa.h providers/common/include/prov/der_sm2.h providers/common/include/prov/der_wrap.h providers/implementations/ciphers/cipher_chacha20_poly1305.c providers/implementations/ciphers/ciphercommon.c providers/implementations/keymgmt/ml_dsa_kmgmt.c providers/implementations/keymgmt/ml_kem_kmgmt.c providers/legacy.ld test/buildtest_aes.c test/buildtest_async.c test/buildtest_blowfish.c test/buildtest_bn.c test/buildtest_buffer.c test/buildtest_byteorder.c test/buildtest_camellia.c test/buildtest_cast.c test/buildtest_cmac.c test/buildtest_cmp_util.c test/buildtest_conf_api.c test/buildtest_configuration.c test/buildtest_conftypes.c test/buildtest_core.c test/buildtest_core_dispatch.c test/buildtest_core_object.c test/buildtest_cryptoerr_legacy.c test/buildtest_decoder.c test/buildtest_des.c test/buildtest_dh.c test/buildtest_dsa.c test/buildtest_dtls1.c test/buildtest_e_os2.c test/buildtest_e_ostime.c test/buildtest_ebcdic.c test/buildtest_ec.c test/buildtest_ecdh.c test/buildtest_ecdsa.c test/buildtest_encoder.c test/buildtest_engine.c test/buildtest_evp.c test/buildtest_fips_names.c test/buildtest_hmac.c test/buildtest_hpke.c test/buildtest_http.c test/buildtest_idea.c test/buildtest_indicator.c test/buildtest_kdf.c test/buildtest_macros.c test/buildtest_md4.c test/buildtest_md5.c test/buildtest_mdc2.c test/buildtest_ml_kem.c test/buildtest_modes.c test/buildtest_obj_mac.c test/buildtest_objects.c test/buildtest_ossl_typ.c test/buildtest_param_build.c test/buildtest_params.c test/buildtest_pem.c test/buildtest_pem2.c test/buildtest_prov_ssl.c test/buildtest_provider.c test/buildtest_quic.c test/buildtest_rand.c test/buildtest_rc2.c test/buildtest_rc4.c test/buildtest_ripemd.c test/buildtest_rsa.c test/buildtest_seed.c test/buildtest_self_test.c test/buildtest_sha.c test/buildtest_srtp.c test/buildtest_ssl2.c test/buildtest_sslerr_legacy.c test/buildtest_stack.c test/buildtest_store.c test/buildtest_symhacks.c test/buildtest_thread.c test/buildtest_tls1.c test/buildtest_ts.c test/buildtest_txt_db.c test/buildtest_types.c test/buildtest_whrlpool.c test/p_minimal.ld test/p_test.ld tools/c_rehash util/shlib_wrap.sh util/wrap.pl
find . -name '*.d' \! -name '.*' \! -type d -exec rm -f {} \;
find . -name '*.o' \! -name '.*' \! -type d -exec rm -f {} \;
rm -f core
rm -f tags TAGS doc-nits md-nits
rm -f -r test/test-runs
rm -f providers/fips*.new
find . -type l \! -name '.*' -exec rm -f {} \;
Configuring OpenSSL version 3.6.0-dev for target linux-x86_64
Using os-specific seed configuration
Created configdata.pm
Running configdata.pm
Created Makefile.in
Created Makefile

**********************************************************************
***                                                                ***
***   OpenSSL has been successfully configured                     ***
***                                                                ***
***   If you encounter a problem while building, please open an    ***
***   issue on GitHub <https://github.com/openssl/openssl/issues>  ***
***   and include the output from the following command:           ***
***                                                                ***
***       perl configdata.pm --dump                                ***
***                                                                ***
***   (If you are new to OpenSSL, you might want to consult the    ***
***   'Troubleshooting' section in the INSTALL.md file first)      ***
***                                                                ***
**********************************************************************
🛠️  Building OpenSSL quietly...
🧪 Compiling base64_encoding_benchmark.c with clang...
./crypto/evp/encode.c:213:37: warning: passing 'char *' to parameter of type 'unsigned char *' converts between pointers to integer types where one is of the unique plain 'char' type and the other is not [-Wpointer-sign]
  213 |                                     (char *)out,
      |                                     ^~~~~~~~~~~
./crypto/evp/enc_b64_avx2.h:7:39: note: passing argument to parameter 'out' here
    7 |                        unsigned char *out, const unsigned char *src, int srclen, int newlines, int *wrap_cnt);
      |                                       ^
./crypto/evp/encode.c:214:37: warning: passing 'const char *' to parameter of type 'const unsigned char *' converts between pointers to integer types where one is of the unique plain 'char' type and the other is not [-Wpointer-sign]
  214 |                                     (const char *)in,
      |                                     ^~~~~~~~~~~~~~~~
./crypto/evp/enc_b64_avx2.h:7:65: note: passing argument to parameter 'src' here
    7 |                        unsigned char *out, const unsigned char *src, int srclen, int newlines, int *wrap_cnt);
      |                                                                 ^
./crypto/evp/encode.c:25:12: warning: function 'evp_encodeblock_int_scalar' has internal linkage but is not defined [-Wundefined-internal]
   25 | static int evp_encodeblock_int_scalar(EVP_ENCODE_CTX *ctx, unsigned char *t,
      |            ^
./crypto/evp/encode.c:196:13: note: used here
  196 |         j = evp_encodeblock_int_scalar(ctx, out, ctx->enc_data, ctx->length,&wrap_cnt);
      |             ^
3 warnings generated.
./crypto/evp/enc_b64_scalar.c:136:12: warning: assigning to 'const unsigned char *' from 'const char[256]' converts between pointers to integer types where one is of the unique plain 'char' type and the other is not [-Wpointer-sign]
  136 |         e0 = base64_srp_bin2ascii_0;
      |            ^ ~~~~~~~~~~~~~~~~~~~~~~
./crypto/evp/enc_b64_scalar.c:137:12: warning: assigning to 'const unsigned char *' from 'const char[256]' converts between pointers to integer types where one is of the unique plain 'char' type and the other is not [-Wpointer-sign]
  137 |         e1 = base64_srp_bin2ascii_1;
      |            ^ ~~~~~~~~~~~~~~~~~~~~~~
./crypto/evp/enc_b64_scalar.c:138:12: warning: assigning to 'const unsigned char *' from 'const char[256]' converts between pointers to integer types where one is of the unique plain 'char' type and the other is not [-Wpointer-sign]
  138 |         e2 = base64_srp_bin2ascii_2;
      |            ^ ~~~~~~~~~~~~~~~~~~~~~~
./crypto/evp/enc_b64_scalar.c:140:12: warning: assigning to 'const unsigned char *' from 'const char[256]' converts between pointers to integer types where one is of the unique plain 'char' type and the other is not [-Wpointer-sign]
  140 |         e0 = base64_std_bin2ascii_0;
      |            ^ ~~~~~~~~~~~~~~~~~~~~~~
./crypto/evp/enc_b64_scalar.c:141:12: warning: assigning to 'const unsigned char *' from 'const char[256]' converts between pointers to integer types where one is of the unique plain 'char' type and the other is not [-Wpointer-sign]
  141 |         e1 = base64_std_bin2ascii_1;
      |            ^ ~~~~~~~~~~~~~~~~~~~~~~
./crypto/evp/enc_b64_scalar.c:142:12: warning: assigning to 'const unsigned char *' from 'const char[256]' converts between pointers to integer types where one is of the unique plain 'char' type and the other is not [-Wpointer-sign]
  142 |         e2 = base64_std_bin2ascii_2;
      |            ^ ~~~~~~~~~~~~~~~~~~~~~~
6 warnings generated.
./crypto/evp/enc_b64_avx2.c:613:56: warning: passing 'const char *' to parameter of type 'const unsigned char *' converts between pointers to integer types where one is of the unique plain 'char' type and the other is not [-Wpointer-sign]
  613 |                 + evp_encodeblock_int_scalar(ctx, out, src + i, srclen - i, final_wrap_cnt);
      |                                                        ^~~~~~~
./crypto/evp/enc_b64_scalar.h:7:24: note: passing argument to parameter 'f' here
    7 |   const unsigned char *f, int dlen, int *wrap_cnt);
      |                        ^
1 warning generated.
📝 Logging to ./benchmark_results/base64_benchmark_clang_2025-10-15_20-55-08.log
📂 Benchmark: Enron email files

======================= Alphabet: STD =======================
-----------------------DISABLE NEWLINES/NO_NL mode---------------------------

 ***** Benchmarking EVP_EncodeUpdate *****:
Benchmark ran 50000 iterations (40000 used after warmup)
Total elapsed (wall):     1.787599 s
CPU cycles (avg):         167948
Instructions (avg):       657677
Instructions per cycle:   3.9160
Instructions per byte:    0.9404
Throughput:              15.65 GB/s
-----------------------PEM mode---------------------------

 ***** Benchmarking EVP_EncodeUpdate *****:
Benchmark ran 50000 iterations (40000 used after warmup)
Total elapsed (wall):     1.818116 s
CPU cycles (avg):         170261
Instructions (avg):       674117
Instructions per cycle:   3.9593
Instructions per byte:    0.9639
Throughput:              15.39 GB/s
-----------------------Custom ctx->lengths mode: 1---------------------------

 ***** Benchmarking EVP_EncodeUpdate *****:
Benchmark ran 50000 iterations (40000 used after warmup)
Total elapsed (wall):     13.435292 s
CPU cycles (avg):         1431138
Instructions (avg):       6298211
Instructions per cycle:   4.4008
Instructions per byte:    9.0054
Throughput:              2.08 GB/s
-----------------------Custom ctx->lengths mode: 2---------------------------

 ***** Benchmarking EVP_EncodeUpdate *****:
Benchmark ran 50000 iterations (40000 used after warmup)
Total elapsed (wall):     29.452127 s
CPU cycles (avg):         3206583
Instructions (avg):       16789051
Instructions per cycle:   5.2358
Instructions per byte:    24.0056
Throughput:              0.95 GB/s
-----------------------Custom ctx->lengths mode: 3---------------------------

 ***** Benchmarking EVP_EncodeUpdate *****:
Benchmark ran 50000 iterations (40000 used after warmup)
Total elapsed (wall):     2.862942 s
CPU cycles (avg):         286043
Instructions (avg):       1098445
Instructions per cycle:   3.8401
Instructions per byte:    1.5706
Throughput:              9.77 GB/s
-----------------------Custom ctx->lengths mode: 4---------------------------

 ***** Benchmarking EVP_EncodeUpdate *****:
Benchmark ran 50000 iterations (40000 used after warmup)
Total elapsed (wall):     21.393291 s
CPU cycles (avg):         2329525
Instructions (avg):       12942582
Instructions per cycle:   5.5559
Instructions per byte:    18.5058
Throughput:              1.31 GB/s
-----------------------Custom ctx->lengths mode: 5---------------------------

 ***** Benchmarking EVP_EncodeUpdate *****:
Benchmark ran 50000 iterations (40000 used after warmup)
Total elapsed (wall):     18.181126 s
CPU cycles (avg):         1989879
Instructions (avg):       11055025
Instructions per cycle:   5.5556
Instructions per byte:    15.8069
Throughput:              1.54 GB/s
-----------------------Custom ctx->lengths mode: 6---------------------------

 ***** Benchmarking EVP_EncodeUpdate *****:
Benchmark ran 50000 iterations (40000 used after warmup)
Total elapsed (wall):     3.310720 s
CPU cycles (avg):         345080
Instructions (avg):       935815
Instructions per cycle:   2.7119
Instructions per byte:    1.3381
Throughput:              8.45 GB/s
-----------------------Custom ctx->lengths mode: 7---------------------------

 ***** Benchmarking EVP_EncodeUpdate *****:
Benchmark ran 50000 iterations (40000 used after warmup)
Total elapsed (wall):     18.466992 s
CPU cycles (avg):         2021953
Instructions (avg):       11594490
Instructions per cycle:   5.7343
Instructions per byte:    16.5782
Throughput:              1.51 GB/s
-----------------------Custom ctx->lengths mode: 8---------------------------

 ***** Benchmarking EVP_EncodeUpdate *****:
Benchmark ran 50000 iterations (40000 used after warmup)
Total elapsed (wall):     17.065032 s
CPU cycles (avg):         1866986
Instructions (avg):       10582166
Instructions per cycle:   5.6680
Instructions per byte:    15.1308
Throughput:              1.64 GB/s
-----------------------Custom ctx->lengths mode: 9---------------------------

 ***** Benchmarking EVP_EncodeUpdate *****:
Benchmark ran 50000 iterations (40000 used after warmup)
Total elapsed (wall):     7.233257 s
CPU cycles (avg):         775050
Instructions (avg):       3341742
Instructions per cycle:   4.3116
Instructions per byte:    4.7781
Throughput:              3.87 GB/s
-----------------------Custom ctx->lengths mode: 10---------------------------

 ***** Benchmarking EVP_EncodeUpdate *****:
Benchmark ran 50000 iterations (40000 used after warmup)
Total elapsed (wall):     17.443246 s
CPU cycles (avg):         1910142
Instructions (avg):       11054971
Instructions per cycle:   5.7875
Instructions per byte:    15.8068
Throughput:              1.60 GB/s
-----------------------Custom ctx->lengths mode: 11---------------------------

 ***** Benchmarking EVP_EncodeUpdate *****:
Benchmark ran 50000 iterations (40000 used after warmup)
Total elapsed (wall):     16.470312 s
CPU cycles (avg):         1805785
Instructions (avg):       10368545
Instructions per cycle:   5.7418
Instructions per byte:    14.8253
Throughput:              1.70 GB/s
-----------------------Custom ctx->lengths mode: 12---------------------------

 ***** Benchmarking EVP_EncodeUpdate *****:
Benchmark ran 50000 iterations (40000 used after warmup)
Total elapsed (wall):     7.304660 s
CPU cycles (avg):         785686
Instructions (avg):       3532010
Instructions per cycle:   4.4954
Instructions per byte:    5.0502
Throughput:              3.83 GB/s
-----------------------Custom ctx->lengths mode: 13---------------------------

 ***** Benchmarking EVP_EncodeUpdate *****:
Benchmark ran 50000 iterations (40000 used after warmup)
Total elapsed (wall):     16.898416 s
CPU cycles (avg):         1848286
Instructions (avg):       10764440
Instructions per cycle:   5.8240
Instructions per byte:    15.3914
Throughput:              1.66 GB/s
-----------------------Custom ctx->lengths mode: 14---------------------------

 ***** Benchmarking EVP_EncodeUpdate *****:
Benchmark ran 50000 iterations (40000 used after warmup)
Total elapsed (wall):     16.206134 s
CPU cycles (avg):         1773858
Instructions (avg):       10245700
Instructions per cycle:   5.7759
Instructions per byte:    14.6497
Throughput:              1.73 GB/s
-----------------------Custom ctx->lengths mode: 15---------------------------

 ***** Benchmarking EVP_EncodeUpdate *****:
Benchmark ran 50000 iterations (40000 used after warmup)
Total elapsed (wall):     8.497128 s
CPU cycles (avg):         922113
Instructions (avg):       3829472
Instructions per cycle:   4.1529
Instructions per byte:    5.4755
Throughput:              3.29 GB/s
-----------------------Custom ctx->lengths mode: 16---------------------------

 ***** Benchmarking EVP_EncodeUpdate *****:
Benchmark ran 50000 iterations (40000 used after warmup)
Total elapsed (wall):     16.579726 s
CPU cycles (avg):         1818351
Instructions (avg):       10582342
Instructions per cycle:   5.8197
Instructions per byte:    15.1310
Throughput:              1.69 GB/s
-----------------------Custom ctx->lengths mode: 17---------------------------

 ***** Benchmarking EVP_EncodeUpdate *****:
Benchmark ran 50000 iterations (40000 used after warmup)
Total elapsed (wall):     16.019994 s
CPU cycles (avg):         1754524
Instructions (avg):       10166487
Instructions per cycle:   5.7944
Instructions per byte:    14.5364
Throughput:              1.75 GB/s
-----------------------Custom ctx->lengths mode: 18---------------------------

 ***** Benchmarking EVP_EncodeUpdate *****:
Benchmark ran 50000 iterations (40000 used after warmup)
Total elapsed (wall):     7.060716 s
CPU cycles (avg):         758256
Instructions (avg):       3435363
Instructions per cycle:   4.5306
Instructions per byte:    4.9120
Throughput:              3.96 GB/s
-----------------------Custom ctx->lengths mode: 19---------------------------

 ***** Benchmarking EVP_EncodeUpdate *****:
Benchmark ran 50000 iterations (40000 used after warmup)
Total elapsed (wall):     16.345705 s
CPU cycles (avg):         1786152
Instructions (avg):       10458771
Instructions per cycle:   5.8555
Instructions per byte:    14.9543
Throughput:              1.71 GB/s
-----------------------Custom ctx->lengths mode: 20---------------------------

 ***** Benchmarking EVP_EncodeUpdate *****:
Benchmark ran 50000 iterations (40000 used after warmup)
Total elapsed (wall):     15.861678 s
CPU cycles (avg):         1733938
Instructions (avg):       10110852
Instructions per cycle:   5.8311
Instructions per byte:    14.4569
Throughput:              1.76 GB/s
-----------------------Custom ctx->lengths mode: 21---------------------------

 ***** Benchmarking EVP_EncodeUpdate *****:
Benchmark ran 50000 iterations (40000 used after warmup)
Total elapsed (wall):     7.460092 s
CPU cycles (avg):         805666
Instructions (avg):       3425049
Instructions per cycle:   4.2512
Instructions per byte:    4.8973
Throughput:              3.75 GB/s
-----------------------Custom ctx->lengths mode: 22---------------------------

 ***** Benchmarking EVP_EncodeUpdate *****:
Benchmark ran 50000 iterations (40000 used after warmup)
Total elapsed (wall):     16.172388 s
CPU cycles (avg):         1769184
Instructions (avg):       10368483
Instructions per cycle:   5.8606
Instructions per byte:    14.8252
Throughput:              1.73 GB/s
-----------------------Custom ctx->lengths mode: 23---------------------------

 ***** Benchmarking EVP_EncodeUpdate *****:
Benchmark ran 50000 iterations (40000 used after warmup)
Total elapsed (wall):     15.745159 s
CPU cycles (avg):         1721422
Instructions (avg):       10069785
Instructions per cycle:   5.8497
Instructions per byte:    14.3981
Throughput:              1.78 GB/s
-----------------------Custom ctx->lengths mode: 24---------------------------

 ***** Benchmarking EVP_EncodeUpdate *****:
Benchmark ran 50000 iterations (40000 used after warmup)
Total elapsed (wall):     2.001736 s
CPU cycles (avg):         195724
Instructions (avg):       1007754
Instructions per cycle:   5.1488
Instructions per byte:    1.4409
Throughput:              13.98 GB/s
-----------------------Custom ctx->lengths mode: 25---------------------------

 ***** Benchmarking EVP_EncodeUpdate *****:
Benchmark ran 50000 iterations (40000 used after warmup)
Total elapsed (wall):     16.194615 s
CPU cycles (avg):         1766674
Instructions (avg):       10299713
Instructions per cycle:   5.8300
Instructions per byte:    14.7269
Throughput:              1.73 GB/s
-----------------------Custom ctx->lengths mode: 26---------------------------

 ***** Benchmarking EVP_EncodeUpdate *****:
Benchmark ran 50000 iterations (40000 used after warmup)
Total elapsed (wall):     15.748112 s
CPU cycles (avg):         1721729
Instructions (avg):       10038204
Instructions per cycle:   5.8303
Instructions per byte:    14.3530
Throughput:              1.78 GB/s
-----------------------Custom ctx->lengths mode: 27---------------------------

 ***** Benchmarking EVP_EncodeUpdate *****:
Benchmark ran 50000 iterations (40000 used after warmup)
Total elapsed (wall):     2.666898 s
CPU cycles (avg):         270178
Instructions (avg):       1332057
Instructions per cycle:   4.9303
Instructions per byte:    1.9046
Throughput:              10.49 GB/s
-----------------------Custom ctx->lengths mode: 28---------------------------

 ***** Benchmarking EVP_EncodeUpdate *****:
Benchmark ran 50000 iterations (40000 used after warmup)
Total elapsed (wall):     15.830256 s
CPU cycles (avg):         1742002
Instructions (avg):       10245682
Instructions per cycle:   5.8816
Instructions per byte:    14.6496
Throughput:              1.77 GB/s
-----------------------Custom ctx->lengths mode: 29---------------------------

 ***** Benchmarking EVP_EncodeUpdate *****:
Benchmark ran 50000 iterations (40000 used after warmup)
Total elapsed (wall):     15.450002 s
CPU cycles (avg):         1706397
Instructions (avg):       10013377
Instructions per cycle:   5.8681
Instructions per byte:    14.3175
Throughput:              1.81 GB/s
-----------------------Custom ctx->lengths mode: 30---------------------------

 ***** Benchmarking EVP_EncodeUpdate *****:
Benchmark ran 50000 iterations (40000 used after warmup)
Total elapsed (wall):     2.513344 s
CPU cycles (avg):         254888
Instructions (avg):       1240109
Instructions per cycle:   4.8653
Instructions per byte:    1.7732
Throughput:              11.13 GB/s
-----------------------Custom ctx->lengths mode: 31---------------------------

 ***** Benchmarking EVP_EncodeUpdate *****:
Benchmark ran 50000 iterations (40000 used after warmup)
Total elapsed (wall):     15.662368 s
CPU cycles (avg):         1729739
Instructions (avg):       10202357
Instructions per cycle:   5.8982
Instructions per byte:    14.5877
Throughput:              1.79 GB/s
-----------------------Custom ctx->lengths mode: 32---------------------------

 ***** Benchmarking EVP_EncodeUpdate *****:
Benchmark ran 50000 iterations (40000 used after warmup)
Total elapsed (wall):     15.514733 s
CPU cycles (avg):         1702809
Instructions (avg):       9992242
Instructions per cycle:   5.8681
Instructions per byte:    14.2873
Throughput:              1.80 GB/s
-----------------------Custom ctx->lengths mode: 33---------------------------

 ***** Benchmarking EVP_EncodeUpdate *****:
Benchmark ran 50000 iterations (40000 used after warmup)
Total elapsed (wall):     2.554889 s
CPU cycles (avg):         256515
Instructions (avg):       1258325
Instructions per cycle:   4.9054
Instructions per byte:    1.7992
Throughput:              10.95 GB/s
-----------------------Custom ctx->lengths mode: 34---------------------------

 ***** Benchmarking EVP_EncodeUpdate *****:
Benchmark ran 50000 iterations (40000 used after warmup)
Total elapsed (wall):     15.747054 s
CPU cycles (avg):         1723380
Instructions (avg):       10166416
Instructions per cycle:   5.8991
Instructions per byte:    14.5363
Throughput:              1.78 GB/s
-----------------------Custom ctx->lengths mode: 35---------------------------

 ***** Benchmarking EVP_EncodeUpdate *****:
Benchmark ran 50000 iterations (40000 used after warmup)
Total elapsed (wall):     15.723765 s
CPU cycles (avg):         1719917
Instructions (avg):       9976066
Instructions per cycle:   5.8003
Instructions per byte:    14.2641
Throughput:              1.78 GB/s
-----------------------Custom ctx->lengths mode: 36---------------------------

 ***** Benchmarking EVP_EncodeUpdate *****:
Benchmark ran 50000 iterations (40000 used after warmup)
Total elapsed (wall):     2.390995 s
CPU cycles (avg):         238100
Instructions (avg):       1105315
Instructions per cycle:   4.6422
Instructions per byte:    1.5804
Throughput:              11.70 GB/s
-----------------------Custom ctx->lengths mode: 37---------------------------

 ***** Benchmarking EVP_EncodeUpdate *****:
Benchmark ran 50000 iterations (40000 used after warmup)
Total elapsed (wall):     15.965804 s
CPU cycles (avg):         1740161
Instructions (avg):       10136495
Instructions per cycle:   5.8250
Instructions per byte:    14.4935
Throughput:              1.75 GB/s
-----------------------Custom ctx->lengths mode: 38---------------------------

 ***** Benchmarking EVP_EncodeUpdate *****:
Benchmark ran 50000 iterations (40000 used after warmup)
Total elapsed (wall):     15.847148 s
CPU cycles (avg):         1722259
Instructions (avg):       9961864
Instructions per cycle:   5.7842
Instructions per byte:    14.2438
Throughput:              1.77 GB/s
-----------------------Custom ctx->lengths mode: 39---------------------------

 ***** Benchmarking EVP_EncodeUpdate *****:
Benchmark ran 50000 iterations (40000 used after warmup)
Total elapsed (wall):     2.613502 s
CPU cycles (avg):         260248
Instructions (avg):       1205277
Instructions per cycle:   4.6312
Instructions per byte:    1.7233
Throughput:              10.70 GB/s
-----------------------Custom ctx->lengths mode: 40---------------------------

 ***** Benchmarking EVP_EncodeUpdate *****:
Benchmark ran 50000 iterations (40000 used after warmup)
Total elapsed (wall):     15.734145 s
CPU cycles (avg):         1718778
Instructions (avg):       10110800
Instructions per cycle:   5.8825
Instructions per byte:    14.4568
Throughput:              1.78 GB/s
-----------------------Custom ctx->lengths mode: 41---------------------------

 ***** Benchmarking EVP_EncodeUpdate *****:
Benchmark ran 50000 iterations (40000 used after warmup)
Total elapsed (wall):     15.496824 s
CPU cycles (avg):         1701569
Instructions (avg):       9949832
Instructions per cycle:   5.8474
Instructions per byte:    14.2266
Throughput:              1.81 GB/s
-----------------------Custom ctx->lengths mode: 42---------------------------

 ***** Benchmarking EVP_EncodeUpdate *****:
Benchmark ran 50000 iterations (40000 used after warmup)
Total elapsed (wall):     2.403039 s
CPU cycles (avg):         242629
Instructions (avg):       1149584
Instructions per cycle:   4.7380
Instructions per byte:    1.6437
Throughput:              11.64 GB/s
-----------------------Custom ctx->lengths mode: 43---------------------------

 ***** Benchmarking EVP_EncodeUpdate *****:
Benchmark ran 50000 iterations (40000 used after warmup)
Total elapsed (wall):     15.615110 s
CPU cycles (avg):         1715693
Instructions (avg):       10089037
Instructions per cycle:   5.8804
Instructions per byte:    14.4257
Throughput:              1.79 GB/s
-----------------------Custom ctx->lengths mode: 44---------------------------

 ***** Benchmarking EVP_EncodeUpdate *****:
Benchmark ran 50000 iterations (40000 used after warmup)
Total elapsed (wall):     15.696758 s
CPU cycles (avg):         1711504
Instructions (avg):       9939350
Instructions per cycle:   5.8074
Instructions per byte:    14.2116
Throughput:              1.78 GB/s
-----------------------Custom ctx->lengths mode: 45---------------------------

 ***** Benchmarking EVP_EncodeUpdate *****:
Benchmark ran 50000 iterations (40000 used after warmup)
Total elapsed (wall):     2.448150 s
CPU cycles (avg):         244530
Instructions (avg):       1167421
Instructions per cycle:   4.7741
Instructions per byte:    1.6692
Throughput:              11.43 GB/s
-----------------------Custom ctx->lengths mode: 46---------------------------

 ***** Benchmarking EVP_EncodeUpdate *****:
Benchmark ran 50000 iterations (40000 used after warmup)
Total elapsed (wall):     15.631191 s
CPU cycles (avg):         1708981
Instructions (avg):       10069742
Instructions per cycle:   5.8922
Instructions per byte:    14.3981
Throughput:              1.79 GB/s
-----------------------Custom ctx->lengths mode: 47---------------------------

 ***** Benchmarking EVP_EncodeUpdate *****:
Benchmark ran 50000 iterations (40000 used after warmup)
Total elapsed (wall):     15.811485 s
CPU cycles (avg):         1717305
Instructions (avg):       9930131
Instructions per cycle:   5.7824
Instructions per byte:    14.1985
Throughput:              1.77 GB/s
-----------------------Custom ctx->lengths mode: 48---------------------------

 ***** Benchmarking EVP_EncodeUpdate *****:
Benchmark ran 50000 iterations (40000 used after warmup)
Total elapsed (wall):     1.780999 s
CPU cycles (avg):         169996
Instructions (avg):       674118
Instructions per cycle:   3.9655
Instructions per byte:    0.9639
Throughput:              15.71 GB/s
-----------------------Custom ctx->lengths mode: 49---------------------------

 ***** Benchmarking EVP_EncodeUpdate *****:
Benchmark ran 50000 iterations (40000 used after warmup)
Total elapsed (wall):     15.774390 s
CPU cycles (avg):         1719546
Instructions (avg):       10053121
Instructions per cycle:   5.8464
Instructions per byte:    14.3743
Throughput:              1.77 GB/s
-----------------------Custom ctx->lengths mode: 50---------------------------

 ***** Benchmarking EVP_EncodeUpdate *****:
Benchmark ran 50000 iterations (40000 used after warmup)
Total elapsed (wall):     16.125424 s
CPU cycles (avg):         1739643
Instructions (avg):       9922123
Instructions per cycle:   5.7035
Instructions per byte:    14.1870
Throughput:              1.73 GB/s
-----------------------Custom ctx->lengths mode: 51---------------------------

 ***** Benchmarking EVP_EncodeUpdate *****:
Benchmark ran 50000 iterations (40000 used after warmup)
Total elapsed (wall):     2.517920 s
CPU cycles (avg):         249000
Instructions (avg):       1138387
Instructions per cycle:   4.5718
Instructions per byte:    1.6277
Throughput:              11.11 GB/s
-----------------------Custom ctx->lengths mode: 52---------------------------

 ***** Benchmarking EVP_EncodeUpdate *****:
Benchmark ran 50000 iterations (40000 used after warmup)
Total elapsed (wall):     15.690377 s
CPU cycles (avg):         1706282
Instructions (avg):       10038166
Instructions per cycle:   5.8831
Instructions per byte:    14.3529
Throughput:              1.78 GB/s
-----------------------Custom ctx->lengths mode: 53---------------------------

 ***** Benchmarking EVP_EncodeUpdate *****:
Benchmark ran 50000 iterations (40000 used after warmup)
Total elapsed (wall):     15.417376 s
CPU cycles (avg):         1681043
Instructions (avg):       9915062
Instructions per cycle:   5.8982
Instructions per byte:    14.1769
Throughput:              1.81 GB/s
-----------------------Custom ctx->lengths mode: 54---------------------------

 ***** Benchmarking EVP_EncodeUpdate *****:
Benchmark ran 50000 iterations (40000 used after warmup)
Total elapsed (wall):     2.361070 s
CPU cycles (avg):         235131
Instructions (avg):       1100010
Instructions per cycle:   4.6783
Instructions per byte:    1.5728
Throughput:              11.85 GB/s
-----------------------Custom ctx->lengths mode: 55---------------------------

 ***** Benchmarking EVP_EncodeUpdate *****:
Benchmark ran 50000 iterations (40000 used after warmup)
Total elapsed (wall):     15.539166 s
CPU cycles (avg):         1696227
Instructions (avg):       10025186
Instructions per cycle:   5.9103
Instructions per byte:    14.3344
Throughput:              1.80 GB/s
-----------------------Custom ctx->lengths mode: 56---------------------------

 ***** Benchmarking EVP_EncodeUpdate *****:
Benchmark ran 50000 iterations (40000 used after warmup)
Total elapsed (wall):     15.349659 s
CPU cycles (avg):         1675768
Instructions (avg):       9908541
Instructions per cycle:   5.9128
Instructions per byte:    14.1676
Throughput:              1.82 GB/s
-----------------------Custom ctx->lengths mode: 57---------------------------

 ***** Benchmarking EVP_EncodeUpdate *****:
Benchmark ran 50000 iterations (40000 used after warmup)
Total elapsed (wall):     2.319074 s
CPU cycles (avg):         230437
Instructions (avg):       1115425
Instructions per cycle:   4.8405
Instructions per byte:    1.5949
Throughput:              12.06 GB/s
-----------------------Custom ctx->lengths mode: 58---------------------------

 ***** Benchmarking EVP_EncodeUpdate *****:
Benchmark ran 50000 iterations (40000 used after warmup)
Total elapsed (wall):     15.523835 s
CPU cycles (avg):         1694731
Instructions (avg):       10013312
Instructions per cycle:   5.9085
Instructions per byte:    14.3174
Throughput:              1.80 GB/s
-----------------------Custom ctx->lengths mode: 59---------------------------

 ***** Benchmarking EVP_EncodeUpdate *****:
Benchmark ran 50000 iterations (40000 used after warmup)
Total elapsed (wall):     15.338785 s
CPU cycles (avg):         1676078
Instructions (avg):       9902998
Instructions per cycle:   5.9084
Instructions per byte:    14.1597
Throughput:              1.82 GB/s
-----------------------Custom ctx->lengths mode: 60---------------------------

 ***** Benchmarking EVP_EncodeUpdate *****:
Benchmark ran 50000 iterations (40000 used after warmup)
Total elapsed (wall):     2.191321 s
CPU cycles (avg):         216898
Instructions (avg):       1031406
Instructions per cycle:   4.7552
Instructions per byte:    1.4747
Throughput:              12.77 GB/s
-----------------------Custom ctx->lengths mode: 61---------------------------

 ***** Benchmarking EVP_EncodeUpdate *****:
Benchmark ran 50000 iterations (40000 used after warmup)
Total elapsed (wall):     15.503968 s
CPU cycles (avg):         1694483
Instructions (avg):       10002692
Instructions per cycle:   5.9031
Instructions per byte:    14.3022
Throughput:              1.80 GB/s
-----------------------Custom ctx->lengths mode: 62---------------------------

 ***** Benchmarking EVP_EncodeUpdate *****:
Benchmark ran 50000 iterations (40000 used after warmup)
Total elapsed (wall):     15.394895 s
CPU cycles (avg):         1685698
Instructions (avg):       9897834
Instructions per cycle:   5.8717
Instructions per byte:    14.1523
Throughput:              1.82 GB/s
-----------------------Custom ctx->lengths mode: 63---------------------------

 ***** Benchmarking EVP_EncodeUpdate *****:
Benchmark ran 50000 iterations (40000 used after warmup)
Total elapsed (wall):     2.285348 s
CPU cycles (avg):         229385
Instructions (avg):       1096861
Instructions per cycle:   4.7817
Instructions per byte:    1.5683
Throughput:              12.24 GB/s
-----------------------Custom ctx->lengths mode: 64---------------------------

 ***** Benchmarking EVP_EncodeUpdate *****:
Benchmark ran 50000 iterations (40000 used after warmup)
Total elapsed (wall):     15.467423 s
CPU cycles (avg):         1692543
Instructions (avg):       9992321
Instructions per cycle:   5.9037
Instructions per byte:    14.2874
Throughput:              1.81 GB/s
-----------------------Custom ctx->lengths mode: 65---------------------------

 ***** Benchmarking EVP_EncodeUpdate *****:
Benchmark ran 50000 iterations (40000 used after warmup)
Total elapsed (wall):     15.342393 s
CPU cycles (avg):         1679431
Instructions (avg):       9893014
Instructions per cycle:   5.8907
Instructions per byte:    14.1454
Throughput:              1.82 GB/s
-----------------------Custom ctx->lengths mode: 66---------------------------

 ***** Benchmarking EVP_EncodeUpdate *****:
Benchmark ran 50000 iterations (40000 used after warmup)
Total elapsed (wall):     2.263721 s
CPU cycles (avg):         224534
Instructions (avg):       1067558
Instructions per cycle:   4.7545
Instructions per byte:    1.5264
Throughput:              12.36 GB/s
-----------------------Custom ctx->lengths mode: 67---------------------------

 ***** Benchmarking EVP_EncodeUpdate *****:
Benchmark ran 50000 iterations (40000 used after warmup)
Total elapsed (wall):     15.486547 s
CPU cycles (avg):         1693203
Instructions (avg):       9984092
Instructions per cycle:   5.8966
Instructions per byte:    14.2756
Throughput:              1.81 GB/s
-----------------------Custom ctx->lengths mode: 68---------------------------

 ***** Benchmarking EVP_EncodeUpdate *****:
Benchmark ran 50000 iterations (40000 used after warmup)
Total elapsed (wall):     15.238183 s
CPU cycles (avg):         1673947
Instructions (avg):       9888765
Instructions per cycle:   5.9075
Instructions per byte:    14.1393
Throughput:              1.84 GB/s
-----------------------Custom ctx->lengths mode: 69---------------------------

 ***** Benchmarking EVP_EncodeUpdate *****:
Benchmark ran 50000 iterations (40000 used after warmup)
Total elapsed (wall):     2.408679 s
CPU cycles (avg):         236993
Instructions (avg):       1082561
Instructions per cycle:   4.5679
Instructions per byte:    1.5479
Throughput:              11.61 GB/s
-----------------------Custom ctx->lengths mode: 70---------------------------

 ***** Benchmarking EVP_EncodeUpdate *****:
Benchmark ran 50000 iterations (40000 used after warmup)
Total elapsed (wall):     15.541640 s
CPU cycles (avg):         1699748
Instructions (avg):       9976012
Instructions per cycle:   5.8691
Instructions per byte:    14.2641
Throughput:              1.80 GB/s
-----------------------Custom ctx->lengths mode: 71---------------------------

 ***** Benchmarking EVP_EncodeUpdate *****:
Benchmark ran 50000 iterations (40000 used after warmup)
Total elapsed (wall):     15.488059 s
CPU cycles (avg):         1686766
Instructions (avg):       9884947
Instructions per cycle:   5.8603
Instructions per byte:    14.1339
Throughput:              1.81 GB/s
-----------------------Custom ctx->lengths mode: 72---------------------------

 ***** Benchmarking EVP_EncodeUpdate *****:
Benchmark ran 50000 iterations (40000 used after warmup)
Total elapsed (wall):     2.060584 s
CPU cycles (avg):         201841
Instructions (avg):       949847
Instructions per cycle:   4.7059
Instructions per byte:    1.3581
Throughput:              13.58 GB/s
-----------------------Custom ctx->lengths mode: 73---------------------------

 ***** Benchmarking EVP_EncodeUpdate *****:
Benchmark ran 50000 iterations (40000 used after warmup)
Total elapsed (wall):     15.902583 s
CPU cycles (avg):         1726820
Instructions (avg):       9968693
Instructions per cycle:   5.7729
Instructions per byte:    14.2536
Throughput:              1.76 GB/s
-----------------------Custom ctx->lengths mode: 74---------------------------

 ***** Benchmarking EVP_EncodeUpdate *****:
Benchmark ran 50000 iterations (40000 used after warmup)
Total elapsed (wall):     15.578124 s
CPU cycles (avg):         1693573
Instructions (avg):       9881377
Instructions per cycle:   5.8346
Instructions per byte:    14.1287
Throughput:              1.80 GB/s
-----------------------Custom ctx->lengths mode: 75---------------------------

 ***** Benchmarking EVP_EncodeUpdate *****:
Benchmark ran 50000 iterations (40000 used after warmup)
Total elapsed (wall):     2.260578 s
CPU cycles (avg):         224375
Instructions (avg):       1069853
Instructions per cycle:   4.7681
Instructions per byte:    1.5297
Throughput:              12.38 GB/s
-----------------------Custom ctx->lengths mode: 76---------------------------

 ***** Benchmarking EVP_EncodeUpdate *****:
Benchmark ran 50000 iterations (40000 used after warmup)
Total elapsed (wall):     15.399409 s
CPU cycles (avg):         1681540
Instructions (avg):       9961834
Instructions per cycle:   5.9242
Instructions per byte:    14.2438
Throughput:              1.82 GB/s
-----------------------Custom ctx->lengths mode: 77---------------------------

 ***** Benchmarking EVP_EncodeUpdate *****:
Benchmark ran 50000 iterations (40000 used after warmup)
Total elapsed (wall):     15.324037 s
CPU cycles (avg):         1673574
Instructions (avg):       9878055
Instructions per cycle:   5.9024
Instructions per byte:    14.1240
Throughput:              1.83 GB/s
-----------------------Custom ctx->lengths mode: 78---------------------------

 ***** Benchmarking EVP_EncodeUpdate *****:
Benchmark ran 50000 iterations (40000 used after warmup)
Total elapsed (wall):     2.185323 s
CPU cycles (avg):         216785
Instructions (avg):       1043891
Instructions per cycle:   4.8153
Instructions per byte:    1.4926
Throughput:              12.80 GB/s
-----------------------Custom ctx->lengths mode: 79---------------------------

 ***** Benchmarking EVP_EncodeUpdate *****:
Benchmark ran 50000 iterations (40000 used after warmup)
Total elapsed (wall):     15.437555 s
CPU cycles (avg):         1691619
Instructions (avg):       9955629
Instructions per cycle:   5.8853
Instructions per byte:    14.2349
Throughput:              1.81 GB/s
-----------------------Custom ctx->lengths mode: 80---------------------------

 ***** Benchmarking EVP_EncodeUpdate *****:
Benchmark ran 50000 iterations (40000 used after warmup)
Total elapsed (wall):     15.329701 s
CPU cycles (avg):         1675338
Instructions (avg):       9874906
Instructions per cycle:   5.8943
Instructions per byte:    14.1195
Throughput:              1.82 GB/s

======================= Alphabet: SRP =======================
-----------------------DISABLE NEWLINES/NO_NL mode---------------------------

 ***** Benchmarking EVP_EncodeUpdate *****:
Benchmark ran 50000 iterations (40000 used after warmup)
Total elapsed (wall):     2.433560 s
CPU cycles (avg):         244324
Instructions (avg):       965186
Instructions per cycle:   3.9504
Instructions per byte:    1.3801
Throughput:              11.50 GB/s
-----------------------PEM mode---------------------------

 ***** Benchmarking EVP_EncodeUpdate *****:
Benchmark ran 50000 iterations (40000 used after warmup)
Total elapsed (wall):     2.414032 s
CPU cycles (avg):         242739
Instructions (avg):       965132
Instructions per cycle:   3.9760
Instructions per byte:    1.3800
Throughput:              11.59 GB/s
-----------------------Custom ctx->lengths mode: 1---------------------------

 ***** Benchmarking EVP_EncodeUpdate *****:
Benchmark ran 50000 iterations (40000 used after warmup)
Total elapsed (wall):     13.040873 s
CPU cycles (avg):         1416655
Instructions (avg):       6298262
Instructions per cycle:   4.4459
Instructions per byte:    9.0055
Throughput:              2.15 GB/s
-----------------------Custom ctx->lengths mode: 2---------------------------

 ***** Benchmarking EVP_EncodeUpdate *****:
Benchmark ran 50000 iterations (40000 used after warmup)
Total elapsed (wall):     28.723715 s
CPU cycles (avg):         3171987
Instructions (avg):       16789102
Instructions per cycle:   5.2929
Instructions per byte:    24.0057
Throughput:              0.97 GB/s
-----------------------Custom ctx->lengths mode: 3---------------------------

 ***** Benchmarking EVP_EncodeUpdate *****:
Benchmark ran 50000 iterations (40000 used after warmup)
Total elapsed (wall):     3.351381 s
CPU cycles (avg):         347633
Instructions (avg):       1389536
Instructions per cycle:   3.9971
Instructions per byte:    1.9868
Throughput:              8.35 GB/s
-----------------------Custom ctx->lengths mode: 4---------------------------

 ***** Benchmarking EVP_EncodeUpdate *****:
Benchmark ran 50000 iterations (40000 used after warmup)
Total elapsed (wall):     20.875188 s
CPU cycles (avg):         2298573
Instructions (avg):       12942633
Instructions per cycle:   5.6307
Instructions per byte:    18.5058
Throughput:              1.34 GB/s
-----------------------Custom ctx->lengths mode: 5---------------------------

 ***** Benchmarking EVP_EncodeUpdate *****:
Benchmark ran 50000 iterations (40000 used after warmup)
Total elapsed (wall):     18.099604 s
CPU cycles (avg):         1985473
Instructions (avg):       11055076
Instructions per cycle:   5.5680
Instructions per byte:    15.8069
Throughput:              1.55 GB/s
-----------------------Custom ctx->lengths mode: 6---------------------------

 ***** Benchmarking EVP_EncodeUpdate *****:
Benchmark ran 50000 iterations (40000 used after warmup)
Total elapsed (wall):     3.945091 s
CPU cycles (avg):         417834
Instructions (avg):       1226906
Instructions per cycle:   2.9363
Instructions per byte:    1.7543
Throughput:              7.09 GB/s
-----------------------Custom ctx->lengths mode: 7---------------------------

 ***** Benchmarking EVP_EncodeUpdate *****:
Benchmark ran 50000 iterations (40000 used after warmup)
Total elapsed (wall):     18.354516 s
CPU cycles (avg):         2016908
Instructions (avg):       11594541
Instructions per cycle:   5.7487
Instructions per byte:    16.5783
Throughput:              1.52 GB/s
-----------------------Custom ctx->lengths mode: 8---------------------------

 ***** Benchmarking EVP_EncodeUpdate *****:
Benchmark ran 50000 iterations (40000 used after warmup)
Total elapsed (wall):     17.350315 s
CPU cycles (avg):         1892068
Instructions (avg):       10582217
Instructions per cycle:   5.5929
Instructions per byte:    15.1308
Throughput:              1.61 GB/s
-----------------------Custom ctx->lengths mode: 9---------------------------

 ***** Benchmarking EVP_EncodeUpdate *****:
Benchmark ran 50000 iterations (40000 used after warmup)
Total elapsed (wall):     7.876120 s
CPU cycles (avg):         850989
Instructions (avg):       3632833
Instructions per cycle:   4.2690
Instructions per byte:    5.1944
Throughput:              3.55 GB/s
-----------------------Custom ctx->lengths mode: 10---------------------------

 ***** Benchmarking EVP_EncodeUpdate *****:
Benchmark ran 50000 iterations (40000 used after warmup)
Total elapsed (wall):     17.633731 s
CPU cycles (avg):         1921981
Instructions (avg):       11055022
Instructions per cycle:   5.7519
Instructions per byte:    15.8069
Throughput:              1.59 GB/s
-----------------------Custom ctx->lengths mode: 11---------------------------

 ***** Benchmarking EVP_EncodeUpdate *****:
Benchmark ran 50000 iterations (40000 used after warmup)
Total elapsed (wall):     16.661977 s
CPU cycles (avg):         1808457
Instructions (avg):       10368596
Instructions per cycle:   5.7334
Instructions per byte:    14.8254
Throughput:              1.68 GB/s
-----------------------Custom ctx->lengths mode: 12---------------------------

 ***** Benchmarking EVP_EncodeUpdate *****:
Benchmark ran 50000 iterations (40000 used after warmup)
Total elapsed (wall):     7.975022 s
CPU cycles (avg):         860129
Instructions (avg):       3823101
Instructions per cycle:   4.4448
Instructions per byte:    5.4664
Throughput:              3.51 GB/s
-----------------------Custom ctx->lengths mode: 13---------------------------

 ***** Benchmarking EVP_EncodeUpdate *****:
Benchmark ran 50000 iterations (40000 used after warmup)
Total elapsed (wall):     16.973888 s
CPU cycles (avg):         1846665
Instructions (avg):       10764491
Instructions per cycle:   5.8292
Instructions per byte:    15.3915
Throughput:              1.65 GB/s
-----------------------Custom ctx->lengths mode: 14---------------------------

 ***** Benchmarking EVP_EncodeUpdate *****:
Benchmark ran 50000 iterations (40000 used after warmup)
Total elapsed (wall):     16.182915 s
CPU cycles (avg):         1766740
Instructions (avg):       10245751
Instructions per cycle:   5.7992
Instructions per byte:    14.6497
Throughput:              1.73 GB/s
-----------------------Custom ctx->lengths mode: 15---------------------------

 ***** Benchmarking EVP_EncodeUpdate *****:
Benchmark ran 50000 iterations (40000 used after warmup)
Total elapsed (wall):     8.822991 s
CPU cycles (avg):         959382
Instructions (avg):       4120563
Instructions per cycle:   4.2950
Instructions per byte:    5.8917
Throughput:              3.17 GB/s
-----------------------Custom ctx->lengths mode: 16---------------------------

 ***** Benchmarking EVP_EncodeUpdate *****:
Benchmark ran 50000 iterations (40000 used after warmup)
Total elapsed (wall):     16.627584 s
CPU cycles (avg):         1819577
Instructions (avg):       10582393
Instructions per cycle:   5.8159
Instructions per byte:    15.1311
Throughput:              1.68 GB/s
-----------------------Custom ctx->lengths mode: 17---------------------------

 ***** Benchmarking EVP_EncodeUpdate *****:
Benchmark ran 50000 iterations (40000 used after warmup)
Total elapsed (wall):     16.086123 s
CPU cycles (avg):         1756473
Instructions (avg):       10166538
Instructions per cycle:   5.7880
Instructions per byte:    14.5365
Throughput:              1.74 GB/s
-----------------------Custom ctx->lengths mode: 18---------------------------

 ***** Benchmarking EVP_EncodeUpdate *****:
Benchmark ran 50000 iterations (40000 used after warmup)
Total elapsed (wall):     7.705708 s
CPU cycles (avg):         829256
Instructions (avg):       3726454
Instructions per cycle:   4.4937
Instructions per byte:    5.3282
Throughput:              3.63 GB/s
-----------------------Custom ctx->lengths mode: 19---------------------------

 ***** Benchmarking EVP_EncodeUpdate *****:
Benchmark ran 50000 iterations (40000 used after warmup)
Total elapsed (wall):     16.507750 s
CPU cycles (avg):         1805412
Instructions (avg):       10458822
Instructions per cycle:   5.7930
Instructions per byte:    14.9544
Throughput:              1.69 GB/s
-----------------------Custom ctx->lengths mode: 20---------------------------

 ***** Benchmarking EVP_EncodeUpdate *****:
Benchmark ran 50000 iterations (40000 used after warmup)
Total elapsed (wall):     15.709954 s
CPU cycles (avg):         1733161
Instructions (avg):       10110903
Instructions per cycle:   5.8338
Instructions per byte:    14.4569
Throughput:              1.78 GB/s
-----------------------Custom ctx->lengths mode: 21---------------------------

 ***** Benchmarking EVP_EncodeUpdate *****:
Benchmark ran 50000 iterations (40000 used after warmup)
Total elapsed (wall):     7.804359 s
CPU cycles (avg):         852025
Instructions (avg):       3716100
Instructions per cycle:   4.3615
Instructions per byte:    5.3134
Throughput:              3.58 GB/s
-----------------------Custom ctx->lengths mode: 22---------------------------

 ***** Benchmarking EVP_EncodeUpdate *****:
Benchmark ran 50000 iterations (40000 used after warmup)
Total elapsed (wall):     15.968938 s
CPU cycles (avg):         1765048
Instructions (avg):       10368534
Instructions per cycle:   5.8744
Instructions per byte:    14.8253
Throughput:              1.75 GB/s
-----------------------Custom ctx->lengths mode: 23---------------------------

 ***** Benchmarking EVP_EncodeUpdate *****:
Benchmark ran 50000 iterations (40000 used after warmup)
Total elapsed (wall):     15.648408 s
CPU cycles (avg):         1725427
Instructions (avg):       10069836
Instructions per cycle:   5.8361
Instructions per byte:    14.3982
Throughput:              1.79 GB/s
-----------------------Custom ctx->lengths mode: 24---------------------------

 ***** Benchmarking EVP_EncodeUpdate *****:
Benchmark ran 50000 iterations (40000 used after warmup)
Total elapsed (wall):     2.554801 s
CPU cycles (avg):         261057
Instructions (avg):       1298805
Instructions per cycle:   4.9752
Instructions per byte:    1.8571
Throughput:              10.95 GB/s
-----------------------Custom ctx->lengths mode: 25---------------------------

 ***** Benchmarking EVP_EncodeUpdate *****:
Benchmark ran 50000 iterations (40000 used after warmup)
Total elapsed (wall):     15.922049 s
CPU cycles (avg):         1755689
Instructions (avg):       10299764
Instructions per cycle:   5.8665
Instructions per byte:    14.7270
Throughput:              1.76 GB/s
-----------------------Custom ctx->lengths mode: 26---------------------------

 ***** Benchmarking EVP_EncodeUpdate *****:
Benchmark ran 50000 iterations (40000 used after warmup)
Total elapsed (wall):     15.461953 s
CPU cycles (avg):         1710308
Instructions (avg):       10038255
Instructions per cycle:   5.8693
Instructions per byte:    14.3531
Throughput:              1.81 GB/s
-----------------------Custom ctx->lengths mode: 27---------------------------

 ***** Benchmarking EVP_EncodeUpdate *****:
Benchmark ran 50000 iterations (40000 used after warmup)
Total elapsed (wall):     3.311471 s
CPU cycles (avg):         343566
Instructions (avg):       1623108
Instructions per cycle:   4.7243
Instructions per byte:    2.3208
Throughput:              8.45 GB/s
-----------------------Custom ctx->lengths mode: 28---------------------------

 ***** Benchmarking EVP_EncodeUpdate *****:
Benchmark ran 50000 iterations (40000 used after warmup)
Total elapsed (wall):     15.845692 s
CPU cycles (avg):         1744533
Instructions (avg):       10245733
Instructions per cycle:   5.8731
Instructions per byte:    14.6497
Throughput:              1.77 GB/s
-----------------------Custom ctx->lengths mode: 29---------------------------

 ***** Benchmarking EVP_EncodeUpdate *****:
Benchmark ran 50000 iterations (40000 used after warmup)
Total elapsed (wall):     15.565570 s
CPU cycles (avg):         1709347
Instructions (avg):       10013428
Instructions per cycle:   5.8580
Instructions per byte:    14.3176
Throughput:              1.80 GB/s
-----------------------Custom ctx->lengths mode: 30---------------------------

 ***** Benchmarking EVP_EncodeUpdate *****:
Benchmark ran 50000 iterations (40000 used after warmup)
Total elapsed (wall):     2.988576 s
CPU cycles (avg):         309832
Instructions (avg):       1531200
Instructions per cycle:   4.9420
Instructions per byte:    2.1894
Throughput:              9.36 GB/s
-----------------------Custom ctx->lengths mode: 31---------------------------

 ***** Benchmarking EVP_EncodeUpdate *****:
Benchmark ran 50000 iterations (40000 used after warmup)
Total elapsed (wall):     15.628102 s
CPU cycles (avg):         1729960
Instructions (avg):       10202408
Instructions per cycle:   5.8975
Instructions per byte:    14.5878
Throughput:              1.79 GB/s
-----------------------Custom ctx->lengths mode: 32---------------------------

 ***** Benchmarking EVP_EncodeUpdate *****:
Benchmark ran 50000 iterations (40000 used after warmup)
Total elapsed (wall):     15.500643 s
CPU cycles (avg):         1708972
Instructions (avg):       9992293
Instructions per cycle:   5.8470
Instructions per byte:    14.2873
Throughput:              1.80 GB/s
-----------------------Custom ctx->lengths mode: 33---------------------------

 ***** Benchmarking EVP_EncodeUpdate *****:
Benchmark ran 50000 iterations (40000 used after warmup)
Total elapsed (wall):     3.130391 s
CPU cycles (avg):         323480
Instructions (avg):       1549336
Instructions per cycle:   4.7896
Instructions per byte:    2.2153
Throughput:              8.94 GB/s
-----------------------Custom ctx->lengths mode: 34---------------------------

 ***** Benchmarking EVP_EncodeUpdate *****:
Benchmark ran 50000 iterations (40000 used after warmup)
Total elapsed (wall):     15.608560 s
CPU cycles (avg):         1724751
Instructions (avg):       10166467
Instructions per cycle:   5.8945
Instructions per byte:    14.5364
Throughput:              1.79 GB/s
-----------------------Custom ctx->lengths mode: 35---------------------------

 ***** Benchmarking EVP_EncodeUpdate *****:
Benchmark ran 50000 iterations (40000 used after warmup)
Total elapsed (wall):     15.325199 s
CPU cycles (avg):         1694405
Instructions (avg):       9976117
Instructions per cycle:   5.8877
Instructions per byte:    14.2642
Throughput:              1.83 GB/s
-----------------------Custom ctx->lengths mode: 36---------------------------

 ***** Benchmarking EVP_EncodeUpdate *****:
Benchmark ran 50000 iterations (40000 used after warmup)
Total elapsed (wall):     2.762965 s
CPU cycles (avg):         284451
Instructions (avg):       1396366
Instructions per cycle:   4.9090
Instructions per byte:    1.9966
Throughput:              10.13 GB/s
-----------------------Custom ctx->lengths mode: 37---------------------------

 ***** Benchmarking EVP_EncodeUpdate *****:
Benchmark ran 50000 iterations (40000 used after warmup)
Total elapsed (wall):     15.581751 s
CPU cycles (avg):         1720272
Instructions (avg):       10136546
Instructions per cycle:   5.8924
Instructions per byte:    14.4936
Throughput:              1.80 GB/s
-----------------------Custom ctx->lengths mode: 38---------------------------

 ***** Benchmarking EVP_EncodeUpdate *****:
Benchmark ran 50000 iterations (40000 used after warmup)
Total elapsed (wall):     15.487805 s
CPU cycles (avg):         1704218
Instructions (avg):       9961915
Instructions per cycle:   5.8454
Instructions per byte:    14.2439
Throughput:              1.81 GB/s
-----------------------Custom ctx->lengths mode: 39---------------------------

 ***** Benchmarking EVP_EncodeUpdate *****:
Benchmark ran 50000 iterations (40000 used after warmup)
Total elapsed (wall):     3.210385 s
CPU cycles (avg):         326527
Instructions (avg):       1496328
Instructions per cycle:   4.5825
Instructions per byte:    2.1395
Throughput:              8.71 GB/s
-----------------------Custom ctx->lengths mode: 40---------------------------

 ***** Benchmarking EVP_EncodeUpdate *****:
Benchmark ran 50000 iterations (40000 used after warmup)
Total elapsed (wall):     15.952907 s
CPU cycles (avg):         1736428
Instructions (avg):       10110851
Instructions per cycle:   5.8228
Instructions per byte:    14.4569
Throughput:              1.75 GB/s
-----------------------Custom ctx->lengths mode: 41---------------------------

 ***** Benchmarking EVP_EncodeUpdate *****:
Benchmark ran 50000 iterations (40000 used after warmup)
Total elapsed (wall):     15.671483 s
CPU cycles (avg):         1703847
Instructions (avg):       9949883
Instructions per cycle:   5.8397
Instructions per byte:    14.2267
Throughput:              1.79 GB/s
-----------------------Custom ctx->lengths mode: 42---------------------------

 ***** Benchmarking EVP_EncodeUpdate *****:
Benchmark ran 50000 iterations (40000 used after warmup)
Total elapsed (wall):     2.913361 s
CPU cycles (avg):         297494
Instructions (avg):       1440635
Instructions per cycle:   4.8426
Instructions per byte:    2.0599
Throughput:              9.60 GB/s
-----------------------Custom ctx->lengths mode: 43---------------------------

 ***** Benchmarking EVP_EncodeUpdate *****:
Benchmark ran 50000 iterations (40000 used after warmup)
Total elapsed (wall):     15.504392 s
CPU cycles (avg):         1708433
Instructions (avg):       10089088
Instructions per cycle:   5.9055
Instructions per byte:    14.4257
Throughput:              1.80 GB/s
-----------------------Custom ctx->lengths mode: 44---------------------------

 ***** Benchmarking EVP_EncodeUpdate *****:
Benchmark ran 50000 iterations (40000 used after warmup)
Total elapsed (wall):     15.249670 s
CPU cycles (avg):         1682851
Instructions (avg):       9939401
Instructions per cycle:   5.9063
Instructions per byte:    14.2117
Throughput:              1.83 GB/s
-----------------------Custom ctx->lengths mode: 45---------------------------

 ***** Benchmarking EVP_EncodeUpdate *****:
Benchmark ran 50000 iterations (40000 used after warmup)
Total elapsed (wall):     3.001943 s
CPU cycles (avg):         307949
Instructions (avg):       1458472
Instructions per cycle:   4.7361
Instructions per byte:    2.0854
Throughput:              9.32 GB/s
-----------------------Custom ctx->lengths mode: 46---------------------------

 ***** Benchmarking EVP_EncodeUpdate *****:
Benchmark ran 50000 iterations (40000 used after warmup)
Total elapsed (wall):     15.674282 s
CPU cycles (avg):         1712344
Instructions (avg):       10069793
Instructions per cycle:   5.8807
Instructions per byte:    14.3982
Throughput:              1.78 GB/s
-----------------------Custom ctx->lengths mode: 47---------------------------

 ***** Benchmarking EVP_EncodeUpdate *****:
Benchmark ran 50000 iterations (40000 used after warmup)
Total elapsed (wall):     15.799418 s
CPU cycles (avg):         1717033
Instructions (avg):       9930182
Instructions per cycle:   5.7833
Instructions per byte:    14.1985
Throughput:              1.77 GB/s
-----------------------Custom ctx->lengths mode: 48---------------------------

 ***** Benchmarking EVP_EncodeUpdate *****:
Benchmark ran 50000 iterations (40000 used after warmup)
Total elapsed (wall):     2.495362 s
CPU cycles (avg):         244488
Instructions (avg):       965129
Instructions per cycle:   3.9475
Instructions per byte:    1.3800
Throughput:              11.21 GB/s
-----------------------Custom ctx->lengths mode: 49---------------------------

 ***** Benchmarking EVP_EncodeUpdate *****:
Benchmark ran 50000 iterations (40000 used after warmup)
Total elapsed (wall):     16.166502 s
CPU cycles (avg):         1746819
Instructions (avg):       10053172
Instructions per cycle:   5.7551
Instructions per byte:    14.3744
Throughput:              1.73 GB/s
-----------------------Custom ctx->lengths mode: 50---------------------------

 ***** Benchmarking EVP_EncodeUpdate *****:
Benchmark ran 50000 iterations (40000 used after warmup)
Total elapsed (wall):     16.797571 s
CPU cycles (avg):         1788748
Instructions (avg):       9922174
Instructions per cycle:   5.5470
Instructions per byte:    14.1871
Throughput:              1.67 GB/s
-----------------------Custom ctx->lengths mode: 51---------------------------

 ***** Benchmarking EVP_EncodeUpdate *****:
Benchmark ran 50000 iterations (40000 used after warmup)
Total elapsed (wall):     2.976669 s
CPU cycles (avg):         300561
Instructions (avg):       1429438
Instructions per cycle:   4.7559
Instructions per byte:    2.0439
Throughput:              9.40 GB/s
-----------------------Custom ctx->lengths mode: 52---------------------------

 ***** Benchmarking EVP_EncodeUpdate *****:
Benchmark ran 50000 iterations (40000 used after warmup)
Total elapsed (wall):     15.674832 s
CPU cycles (avg):         1707095
Instructions (avg):       10038217
Instructions per cycle:   5.8803
Instructions per byte:    14.3530
Throughput:              1.78 GB/s
-----------------------Custom ctx->lengths mode: 53---------------------------

 ***** Benchmarking EVP_EncodeUpdate *****:
Benchmark ran 50000 iterations (40000 used after warmup)
Total elapsed (wall):     15.560437 s
CPU cycles (avg):         1690036
Instructions (avg):       9915113
Instructions per cycle:   5.8668
Instructions per byte:    14.1770
Throughput:              1.80 GB/s
-----------------------Custom ctx->lengths mode: 54---------------------------

 ***** Benchmarking EVP_EncodeUpdate *****:
Benchmark ran 50000 iterations (40000 used after warmup)
Total elapsed (wall):     2.795280 s
CPU cycles (avg):         283196
Instructions (avg):       1391021
Instructions per cycle:   4.9119
Instructions per byte:    1.9889
Throughput:              10.01 GB/s
-----------------------Custom ctx->lengths mode: 55---------------------------

 ***** Benchmarking EVP_EncodeUpdate *****:
Benchmark ran 50000 iterations (40000 used after warmup)
Total elapsed (wall):     15.669327 s
CPU cycles (avg):         1707302
Instructions (avg):       10025237
Instructions per cycle:   5.8720
Instructions per byte:    14.3344
Throughput:              1.79 GB/s
-----------------------Custom ctx->lengths mode: 56---------------------------

 ***** Benchmarking EVP_EncodeUpdate *****:
Benchmark ran 50000 iterations (40000 used after warmup)
Total elapsed (wall):     16.124057 s
CPU cycles (avg):         1740338
Instructions (avg):       9908592
Instructions per cycle:   5.6935
Instructions per byte:    14.1677
Throughput:              1.74 GB/s
-----------------------Custom ctx->lengths mode: 57---------------------------

 ***** Benchmarking EVP_EncodeUpdate *****:
Benchmark ran 50000 iterations (40000 used after warmup)
Total elapsed (wall):     3.010889 s
CPU cycles (avg):         302973
Instructions (avg):       1406476
Instructions per cycle:   4.6422
Instructions per byte:    2.0110
Throughput:              9.29 GB/s
-----------------------Custom ctx->lengths mode: 58---------------------------

 ***** Benchmarking EVP_EncodeUpdate *****:
Benchmark ran 50000 iterations (40000 used after warmup)
Total elapsed (wall):     15.675485 s
CPU cycles (avg):         1701911
Instructions (avg):       10013363
Instructions per cycle:   5.8836
Instructions per byte:    14.3175
Throughput:              1.78 GB/s
-----------------------Custom ctx->lengths mode: 59---------------------------

 ***** Benchmarking EVP_EncodeUpdate *****:
Benchmark ran 50000 iterations (40000 used after warmup)
Total elapsed (wall):     15.495075 s
CPU cycles (avg):         1680281
Instructions (avg):       9903049
Instructions per cycle:   5.8937
Instructions per byte:    14.1597
Throughput:              1.81 GB/s
-----------------------Custom ctx->lengths mode: 60---------------------------

 ***** Benchmarking EVP_EncodeUpdate *****:
Benchmark ran 50000 iterations (40000 used after warmup)
Total elapsed (wall):     2.724321 s
CPU cycles (avg):         275248
Instructions (avg):       1322457
Instructions per cycle:   4.8046
Instructions per byte:    1.8909
Throughput:              10.27 GB/s
-----------------------Custom ctx->lengths mode: 61---------------------------

 ***** Benchmarking EVP_EncodeUpdate *****:
Benchmark ran 50000 iterations (40000 used after warmup)
Total elapsed (wall):     15.600739 s
CPU cycles (avg):         1700823
Instructions (avg):       10002743
Instructions per cycle:   5.8811
Instructions per byte:    14.3023
Throughput:              1.79 GB/s
-----------------------Custom ctx->lengths mode: 62---------------------------

 ***** Benchmarking EVP_EncodeUpdate *****:
Benchmark ran 50000 iterations (40000 used after warmup)
Total elapsed (wall):     15.373382 s
CPU cycles (avg):         1676291
Instructions (avg):       9897885
Instructions per cycle:   5.9046
Instructions per byte:    14.1524
Throughput:              1.82 GB/s
-----------------------Custom ctx->lengths mode: 63---------------------------

 ***** Benchmarking EVP_EncodeUpdate *****:
Benchmark ran 50000 iterations (40000 used after warmup)
Total elapsed (wall):     2.798191 s
CPU cycles (avg):         284272
Instructions (avg):       1387912
Instructions per cycle:   4.8823
Instructions per byte:    1.9845
Throughput:              10.00 GB/s
-----------------------Custom ctx->lengths mode: 64---------------------------

 ***** Benchmarking EVP_EncodeUpdate *****:
Benchmark ran 50000 iterations (40000 used after warmup)
Total elapsed (wall):     15.457876 s
CPU cycles (avg):         1687000
Instructions (avg):       9992372
Instructions per cycle:   5.9232
Instructions per byte:    14.2875
Throughput:              1.81 GB/s
-----------------------Custom ctx->lengths mode: 65---------------------------

 ***** Benchmarking EVP_EncodeUpdate *****:
Benchmark ran 50000 iterations (40000 used after warmup)
Total elapsed (wall):     15.336792 s
CPU cycles (avg):         1674736
Instructions (avg):       9893065
Instructions per cycle:   5.9072
Instructions per byte:    14.1455
Throughput:              1.82 GB/s
-----------------------Custom ctx->lengths mode: 66---------------------------

 ***** Benchmarking EVP_EncodeUpdate *****:
Benchmark ran 50000 iterations (40000 used after warmup)
Total elapsed (wall):     2.783444 s
CPU cycles (avg):         283082
Instructions (avg):       1358569
Instructions per cycle:   4.7992
Instructions per byte:    1.9425
Throughput:              10.05 GB/s
-----------------------Custom ctx->lengths mode: 67---------------------------

 ***** Benchmarking EVP_EncodeUpdate *****:
Benchmark ran 50000 iterations (40000 used after warmup)
Total elapsed (wall):     15.451968 s
CPU cycles (avg):         1686812
Instructions (avg):       9984143
Instructions per cycle:   5.9189
Instructions per byte:    14.2757
Throughput:              1.81 GB/s
-----------------------Custom ctx->lengths mode: 68---------------------------

 ***** Benchmarking EVP_EncodeUpdate *****:
Benchmark ran 50000 iterations (40000 used after warmup)
Total elapsed (wall):     15.689821 s
CPU cycles (avg):         1704087
Instructions (avg):       9888816
Instructions per cycle:   5.8030
Instructions per byte:    14.1394
Throughput:              1.78 GB/s
-----------------------Custom ctx->lengths mode: 69---------------------------

 ***** Benchmarking EVP_EncodeUpdate *****:
Benchmark ran 50000 iterations (40000 used after warmup)
Total elapsed (wall):     2.889775 s
CPU cycles (avg):         294865
Instructions (avg):       1373572
Instructions per cycle:   4.6583
Instructions per byte:    1.9640
Throughput:              9.68 GB/s
-----------------------Custom ctx->lengths mode: 70---------------------------

 ***** Benchmarking EVP_EncodeUpdate *****:
Benchmark ran 50000 iterations (40000 used after warmup)
Total elapsed (wall):     15.526137 s
CPU cycles (avg):         1692451
Instructions (avg):       9976063
Instructions per cycle:   5.8944
Instructions per byte:    14.2641
Throughput:              1.80 GB/s
-----------------------Custom ctx->lengths mode: 71---------------------------

 ***** Benchmarking EVP_EncodeUpdate *****:
Benchmark ran 50000 iterations (40000 used after warmup)
Total elapsed (wall):     15.402605 s
CPU cycles (avg):         1682242
Instructions (avg):       9884998
Instructions per cycle:   5.8761
Instructions per byte:    14.1339
Throughput:              1.82 GB/s
-----------------------Custom ctx->lengths mode: 72---------------------------

 ***** Benchmarking EVP_EncodeUpdate *****:
Benchmark ran 50000 iterations (40000 used after warmup)
Total elapsed (wall):     2.567580 s
CPU cycles (avg):         258178
Instructions (avg):       1240898
Instructions per cycle:   4.8064
Instructions per byte:    1.7743
Throughput:              10.90 GB/s
-----------------------Custom ctx->lengths mode: 73---------------------------

 ***** Benchmarking EVP_EncodeUpdate *****:
Benchmark ran 50000 iterations (40000 used after warmup)
Total elapsed (wall):     15.793217 s
CPU cycles (avg):         1719368
Instructions (avg):       9968744
Instructions per cycle:   5.7979
Instructions per byte:    14.2537
Throughput:              1.77 GB/s
-----------------------Custom ctx->lengths mode: 74---------------------------

 ***** Benchmarking EVP_EncodeUpdate *****:
Benchmark ran 50000 iterations (40000 used after warmup)
Total elapsed (wall):     15.388027 s
CPU cycles (avg):         1681076
Instructions (avg):       9881428
Instructions per cycle:   5.8780
Instructions per byte:    14.1288
Throughput:              1.82 GB/s
-----------------------Custom ctx->lengths mode: 75---------------------------

 ***** Benchmarking EVP_EncodeUpdate *****:
Benchmark ran 50000 iterations (40000 used after warmup)
Total elapsed (wall):     2.760876 s
CPU cycles (avg):         280067
Instructions (avg):       1360864
Instructions per cycle:   4.8591
Instructions per byte:    1.9458
Throughput:              10.13 GB/s
-----------------------Custom ctx->lengths mode: 76---------------------------

 ***** Benchmarking EVP_EncodeUpdate *****:
Benchmark ran 50000 iterations (40000 used after warmup)
Total elapsed (wall):     15.411595 s
CPU cycles (avg):         1688649
Instructions (avg):       9961885
Instructions per cycle:   5.8993
Instructions per byte:    14.2439
Throughput:              1.82 GB/s
-----------------------Custom ctx->lengths mode: 77---------------------------

 ***** Benchmarking EVP_EncodeUpdate *****:
Benchmark ran 50000 iterations (40000 used after warmup)
Total elapsed (wall):     15.322753 s
CPU cycles (avg):         1675145
Instructions (avg):       9878106
Instructions per cycle:   5.8969
Instructions per byte:    14.1241
Throughput:              1.83 GB/s
-----------------------Custom ctx->lengths mode: 78---------------------------

 ***** Benchmarking EVP_EncodeUpdate *****:
Benchmark ran 50000 iterations (40000 used after warmup)
Total elapsed (wall):     2.754723 s
CPU cycles (avg):         280349
Instructions (avg):       1334942
Instructions per cycle:   4.7617
Instructions per byte:    1.9087
Throughput:              10.16 GB/s
-----------------------Custom ctx->lengths mode: 79---------------------------

 ***** Benchmarking EVP_EncodeUpdate *****:
Benchmark ran 50000 iterations (40000 used after warmup)
Total elapsed (wall):     15.610123 s
CPU cycles (avg):         1704515
Instructions (avg):       9955680
Instructions per cycle:   5.8408
Instructions per byte:    14.2350
Throughput:              1.79 GB/s
-----------------------Custom ctx->lengths mode: 80---------------------------

 ***** Benchmarking EVP_EncodeUpdate *****:
Benchmark ran 50000 iterations (40000 used after warmup)
Total elapsed (wall):     15.430865 s
CPU cycles (avg):         1682836
Instructions (avg):       9874957
Instructions per cycle:   5.8680
Instructions per byte:    14.1196
Throughput:              1.81 GB/s


Processed files:
File: enron7.txt.decoded (247296 bytes)
File: enron12.txt.decoded (36552 bytes)
File: enron13.txt.decoded (59904 bytes)
File: enron10.txt.decoded (34773 bytes)
File: enron9.txt.decoded (58368 bytes)
File: enron11.txt.decoded (57696 bytes)
File: enron14.txt.decoded (35328 bytes)
File: enron2.txt.decoded (38400 bytes)
File: enron4.txt.decoded (72192 bytes)
File: enron15.txt.decoded (32760 bytes)
File: enron3.txt.decoded (26112 bytes)
 
🖼️  Benchmark: Mula JPG files

======================= Alphabet: STD =======================
-----------------------DISABLE NEWLINES/NO_NL mode---------------------------

 ***** Benchmarking EVP_EncodeUpdate *****:
Benchmark ran 500000 iterations (490000 used after warmup)
Total elapsed (wall):     12.258598 s
CPU cycles (avg):         83766
Instructions (avg):       344673
Instructions per cycle:   4.1147
Instructions per byte:    0.9413
Throughput:              14.64 GB/s
-----------------------PEM mode---------------------------

 ***** Benchmarking EVP_EncodeUpdate *****:
Benchmark ran 50000 iterations (40000 used after warmup)
Total elapsed (wall):     1.045292 s
CPU cycles (avg):         88877
Instructions (avg):       351159
Instructions per cycle:   3.9511
Instructions per byte:    0.9590
Throughput:              14.01 GB/s
-----------------------Custom ctx->lengths mode: 1---------------------------

 ***** Benchmarking EVP_EncodeUpdate *****:
Benchmark ran 50000 iterations (40000 used after warmup)
Total elapsed (wall):     6.983693 s
CPU cycles (avg):         741093
Instructions (avg):       3297327
Instructions per cycle:   4.4493
Instructions per byte:    9.0048
Throughput:              2.10 GB/s
-----------------------Custom ctx->lengths mode: 2---------------------------

 ***** Benchmarking EVP_EncodeUpdate *****:
Benchmark ran 50000 iterations (40000 used after warmup)
Total elapsed (wall):     15.233679 s
CPU cycles (avg):         1670527
Instructions (avg):       8790166
Instructions per cycle:   5.2619
Instructions per byte:    24.0053
Throughput:              0.96 GB/s
-----------------------Custom ctx->lengths mode: 3---------------------------

 ***** Benchmarking EVP_EncodeUpdate *****:
Benchmark ran 50000 iterations (40000 used after warmup)
Total elapsed (wall):     1.511428 s
CPU cycles (avg):         141798
Instructions (avg):       571082
Instructions per cycle:   4.0274
Instructions per byte:    1.5596
Throughput:              9.69 GB/s
-----------------------Custom ctx->lengths mode: 4---------------------------

 ***** Benchmarking EVP_EncodeUpdate *****:
Benchmark ran 50000 iterations (40000 used after warmup)
Total elapsed (wall):     11.117149 s
CPU cycles (avg):         1207557
Instructions (avg):       6776428
Instructions per cycle:   5.6117
Instructions per byte:    18.5059
Throughput:              1.32 GB/s
-----------------------Custom ctx->lengths mode: 5---------------------------

 ***** Benchmarking EVP_EncodeUpdate *****:
Benchmark ran 50000 iterations (40000 used after warmup)
Total elapsed (wall):     9.750772 s
CPU cycles (avg):         1050317
Instructions (avg):       5787774
Instructions per cycle:   5.5105
Instructions per byte:    15.8060
Throughput:              1.50 GB/s
-----------------------Custom ctx->lengths mode: 6---------------------------

 ***** Benchmarking EVP_EncodeUpdate *****:
Benchmark ran 50000 iterations (40000 used after warmup)
Total elapsed (wall):     1.828918 s
CPU cycles (avg):         177875
Instructions (avg):       486568
Instructions per cycle:   2.7354
Instructions per byte:    1.3288
Throughput:              8.01 GB/s
-----------------------Custom ctx->lengths mode: 7---------------------------

 ***** Benchmarking EVP_EncodeUpdate *****:
Benchmark ran 50000 iterations (40000 used after warmup)
Total elapsed (wall):     9.904147 s
CPU cycles (avg):         1068516
Instructions (avg):       6070249
Instructions per cycle:   5.6810
Instructions per byte:    16.5774
Throughput:              1.48 GB/s
-----------------------Custom ctx->lengths mode: 8---------------------------

 ***** Benchmarking EVP_EncodeUpdate *****:
Benchmark ran 50000 iterations (40000 used after warmup)
Total elapsed (wall):     9.156633 s
CPU cycles (avg):         983314
Instructions (avg):       5540703
Instructions per cycle:   5.6347
Instructions per byte:    15.1313
Throughput:              1.60 GB/s
-----------------------Custom ctx->lengths mode: 9---------------------------

 ***** Benchmarking EVP_EncodeUpdate *****:
Benchmark ran 50000 iterations (40000 used after warmup)
Total elapsed (wall):     3.745881 s
CPU cycles (avg):         388424
Instructions (avg):       1746832
Instructions per cycle:   4.4972
Instructions per byte:    4.7705
Throughput:              3.91 GB/s
-----------------------Custom ctx->lengths mode: 10---------------------------

 ***** Benchmarking EVP_EncodeUpdate *****:
Benchmark ran 50000 iterations (40000 used after warmup)
Total elapsed (wall):     9.300269 s
CPU cycles (avg):         1004347
Instructions (avg):       5787853
Instructions per cycle:   5.7628
Instructions per byte:    15.8062
Throughput:              1.57 GB/s
-----------------------Custom ctx->lengths mode: 11---------------------------

 ***** Benchmarking EVP_EncodeUpdate *****:
Benchmark ran 50000 iterations (40000 used after warmup)
Total elapsed (wall):     8.813296 s
CPU cycles (avg):         950137
Instructions (avg):       5428358
Instructions per cycle:   5.7132
Instructions per byte:    14.8245
Throughput:              1.66 GB/s
-----------------------Custom ctx->lengths mode: 12---------------------------

 ***** Benchmarking EVP_EncodeUpdate *****:
Benchmark ran 50000 iterations (40000 used after warmup)
Total elapsed (wall):     3.801791 s
CPU cycles (avg):         395329
Instructions (avg):       1848019
Instructions per cycle:   4.6746
Instructions per byte:    5.0468
Throughput:              3.85 GB/s
-----------------------Custom ctx->lengths mode: 13---------------------------

 ***** Benchmarking EVP_EncodeUpdate *****:
Benchmark ran 50000 iterations (40000 used after warmup)
Total elapsed (wall):     9.059170 s
CPU cycles (avg):         973939
Instructions (avg):       5635776
Instructions per cycle:   5.7866
Instructions per byte:    15.3909
Throughput:              1.62 GB/s
-----------------------Custom ctx->lengths mode: 14---------------------------

 ***** Benchmarking EVP_EncodeUpdate *****:
Benchmark ran 50000 iterations (40000 used after warmup)
Total elapsed (wall):     8.937320 s
CPU cycles (avg):         952635
Instructions (avg):       5364051
Instructions per cycle:   5.6308
Instructions per byte:    14.6488
Throughput:              1.64 GB/s
-----------------------Custom ctx->lengths mode: 15---------------------------

 ***** Benchmarking EVP_EncodeUpdate *****:
Benchmark ran 50000 iterations (40000 used after warmup)
Total elapsed (wall):     4.613456 s
CPU cycles (avg):         482362
Instructions (avg):       2002618
Instructions per cycle:   4.1517
Instructions per byte:    5.4690
Throughput:              3.17 GB/s
-----------------------Custom ctx->lengths mode: 16---------------------------

 ***** Benchmarking EVP_EncodeUpdate *****:
Benchmark ran 50000 iterations (40000 used after warmup)
Total elapsed (wall):     9.470172 s
CPU cycles (avg):         1001592
Instructions (avg):       5540689
Instructions per cycle:   5.5319
Instructions per byte:    15.1312
Throughput:              1.55 GB/s
-----------------------Custom ctx->lengths mode: 17---------------------------

 ***** Benchmarking EVP_EncodeUpdate *****:
Benchmark ran 50000 iterations (40000 used after warmup)
Total elapsed (wall):     8.783663 s
CPU cycles (avg):         936299
Instructions (avg):       5322604
Instructions per cycle:   5.6847
Instructions per byte:    14.5356
Throughput:              1.67 GB/s
-----------------------Custom ctx->lengths mode: 18---------------------------

 ***** Benchmarking EVP_EncodeUpdate *****:
Benchmark ran 50000 iterations (40000 used after warmup)
Total elapsed (wall):     3.653600 s
CPU cycles (avg):         379417
Instructions (avg):       1796211
Instructions per cycle:   4.7341
Instructions per byte:    4.9053
Throughput:              4.01 GB/s
-----------------------Custom ctx->lengths mode: 19---------------------------

 ***** Benchmarking EVP_EncodeUpdate *****:
Benchmark ran 50000 iterations (40000 used after warmup)
Total elapsed (wall):     8.838117 s
CPU cycles (avg):         950550
Instructions (avg):       5475653
Instructions per cycle:   5.7605
Instructions per byte:    14.9536
Throughput:              1.66 GB/s
-----------------------Custom ctx->lengths mode: 20---------------------------

 ***** Benchmarking EVP_EncodeUpdate *****:
Benchmark ran 50000 iterations (40000 used after warmup)
Total elapsed (wall):     8.455518 s
CPU cycles (avg):         912868
Instructions (avg):       5293520
Instructions per cycle:   5.7988
Instructions per byte:    14.4562
Throughput:              1.73 GB/s
-----------------------Custom ctx->lengths mode: 21---------------------------

 ***** Benchmarking EVP_EncodeUpdate *****:
Benchmark ran 50000 iterations (40000 used after warmup)
Total elapsed (wall):     3.916318 s
CPU cycles (avg):         412275
Instructions (avg):       1791275
Instructions per cycle:   4.3449
Instructions per byte:    4.8918
Throughput:              3.74 GB/s
-----------------------Custom ctx->lengths mode: 22---------------------------

 ***** Benchmarking EVP_EncodeUpdate *****:
Benchmark ran 50000 iterations (40000 used after warmup)
Total elapsed (wall):     8.515061 s
CPU cycles (avg):         924315
Instructions (avg):       5428337
Instructions per cycle:   5.8728
Instructions per byte:    14.8244
Throughput:              1.72 GB/s
-----------------------Custom ctx->lengths mode: 23---------------------------

 ***** Benchmarking EVP_EncodeUpdate *****:
Benchmark ran 50000 iterations (40000 used after warmup)
Total elapsed (wall):     8.305899 s
CPU cycles (avg):         901154
Instructions (avg):       5272026
Instructions per cycle:   5.8503
Instructions per byte:    14.3975
Throughput:              1.76 GB/s
-----------------------Custom ctx->lengths mode: 24---------------------------

 ***** Benchmarking EVP_EncodeUpdate *****:
Benchmark ran 50000 iterations (40000 used after warmup)
Total elapsed (wall):     1.091281 s
CPU cycles (avg):         95145
Instructions (avg):       526546
Instructions per cycle:   5.5341
Instructions per byte:    1.4380
Throughput:              13.42 GB/s
-----------------------Custom ctx->lengths mode: 25---------------------------

 ***** Benchmarking EVP_EncodeUpdate *****:
Benchmark ran 50000 iterations (40000 used after warmup)
Total elapsed (wall):     8.432918 s
CPU cycles (avg):         916379
Instructions (avg):       5392395
Instructions per cycle:   5.8845
Instructions per byte:    14.7262
Throughput:              1.74 GB/s
-----------------------Custom ctx->lengths mode: 26---------------------------

 ***** Benchmarking EVP_EncodeUpdate *****:
Benchmark ran 50000 iterations (40000 used after warmup)
Total elapsed (wall):     8.497053 s
CPU cycles (avg):         913803
Instructions (avg):       5255499
Instructions per cycle:   5.7512
Instructions per byte:    14.3524
Throughput:              1.72 GB/s
-----------------------Custom ctx->lengths mode: 27---------------------------

 ***** Benchmarking EVP_EncodeUpdate *****:
Benchmark ran 50000 iterations (40000 used after warmup)
Total elapsed (wall):     1.536270 s
CPU cycles (avg):         141742
Instructions (avg):       693679
Instructions per cycle:   4.8939
Instructions per byte:    1.8944
Throughput:              9.53 GB/s
-----------------------Custom ctx->lengths mode: 28---------------------------

 ***** Benchmarking EVP_EncodeUpdate *****:
Benchmark ran 50000 iterations (40000 used after warmup)
Total elapsed (wall):     8.535467 s
CPU cycles (avg):         914854
Instructions (avg):       5364139
Instructions per cycle:   5.8634
Instructions per byte:    14.6491
Throughput:              1.72 GB/s
-----------------------Custom ctx->lengths mode: 29---------------------------

 ***** Benchmarking EVP_EncodeUpdate *****:
Benchmark ran 50000 iterations (40000 used after warmup)
Total elapsed (wall):     8.337282 s
CPU cycles (avg):         901607
Instructions (avg):       5242376
Instructions per cycle:   5.8145
Instructions per byte:    14.3165
Throughput:              1.76 GB/s
-----------------------Custom ctx->lengths mode: 30---------------------------

 ***** Benchmarking EVP_EncodeUpdate *****:
Benchmark ran 50000 iterations (40000 used after warmup)
Total elapsed (wall):     1.427185 s
CPU cycles (avg):         132268
Instructions (avg):       647305
Instructions per cycle:   4.8939
Instructions per byte:    1.7677
Throughput:              10.26 GB/s
-----------------------Custom ctx->lengths mode: 31---------------------------

 ***** Benchmarking EVP_EncodeUpdate *****:
Benchmark ran 50000 iterations (40000 used after warmup)
Total elapsed (wall):     8.560950 s
CPU cycles (avg):         921753
Instructions (avg):       5341338
Instructions per cycle:   5.7948
Instructions per byte:    14.5868
Throughput:              1.71 GB/s
-----------------------Custom ctx->lengths mode: 32---------------------------

 ***** Benchmarking EVP_EncodeUpdate *****:
Benchmark ran 50000 iterations (40000 used after warmup)
Total elapsed (wall):     8.534493 s
CPU cycles (avg):         914762
Instructions (avg):       5231747
Instructions per cycle:   5.7192
Instructions per byte:    14.2875
Throughput:              1.72 GB/s
-----------------------Custom ctx->lengths mode: 33---------------------------

 ***** Benchmarking EVP_EncodeUpdate *****:
Benchmark ran 50000 iterations (40000 used after warmup)
Total elapsed (wall):     1.465363 s
CPU cycles (avg):         134945
Instructions (avg):       655607
Instructions per cycle:   4.8583
Instructions per byte:    1.7904
Throughput:              10.00 GB/s
-----------------------Custom ctx->lengths mode: 34---------------------------

 ***** Benchmarking EVP_EncodeUpdate *****:
Benchmark ran 50000 iterations (40000 used after warmup)
Total elapsed (wall):     8.509164 s
CPU cycles (avg):         915814
Instructions (avg):       5322560
Instructions per cycle:   5.8118
Instructions per byte:    14.5355
Throughput:              1.72 GB/s
-----------------------Custom ctx->lengths mode: 35---------------------------

 ***** Benchmarking EVP_EncodeUpdate *****:
Benchmark ran 50000 iterations (40000 used after warmup)
Total elapsed (wall):     8.818904 s
CPU cycles (avg):         939296
Instructions (avg):       5222901
Instructions per cycle:   5.5604
Instructions per byte:    14.2634
Throughput:              1.66 GB/s
-----------------------Custom ctx->lengths mode: 36---------------------------

 ***** Benchmarking EVP_EncodeUpdate *****:
Benchmark ran 50000 iterations (40000 used after warmup)
Total elapsed (wall):     1.327674 s
CPU cycles (avg):         118958
Instructions (avg):       576129
Instructions per cycle:   4.8431
Instructions per byte:    1.5734
Throughput:              11.03 GB/s
-----------------------Custom ctx->lengths mode: 37---------------------------

 ***** Benchmarking EVP_EncodeUpdate *****:
Benchmark ran 50000 iterations (40000 used after warmup)
Total elapsed (wall):     8.911136 s
CPU cycles (avg):         953360
Instructions (avg):       5306855
Instructions per cycle:   5.5665
Instructions per byte:    14.4926
Throughput:              1.64 GB/s
-----------------------Custom ctx->lengths mode: 38---------------------------

 ***** Benchmarking EVP_EncodeUpdate *****:
Benchmark ran 50000 iterations (40000 used after warmup)
Total elapsed (wall):     8.533358 s
CPU cycles (avg):         912150
Instructions (avg):       5215494
Instructions per cycle:   5.7178
Instructions per byte:    14.2431
Throughput:              1.72 GB/s
-----------------------Custom ctx->lengths mode: 39---------------------------

 ***** Benchmarking EVP_EncodeUpdate *****:
Benchmark ran 50000 iterations (40000 used after warmup)
Total elapsed (wall):     1.398685 s
CPU cycles (avg):         126512
Instructions (avg):       628486
Instructions per cycle:   4.9678
Instructions per byte:    1.7163
Throughput:              10.47 GB/s
-----------------------Custom ctx->lengths mode: 40---------------------------

 ***** Benchmarking EVP_EncodeUpdate *****:
Benchmark ran 50000 iterations (40000 used after warmup)
Total elapsed (wall):     8.954555 s
CPU cycles (avg):         949537
Instructions (avg):       5293502
Instructions per cycle:   5.5748
Instructions per byte:    14.4562
Throughput:              1.64 GB/s
-----------------------Custom ctx->lengths mode: 41---------------------------

 ***** Benchmarking EVP_EncodeUpdate *****:
Benchmark ran 50000 iterations (40000 used after warmup)
Total elapsed (wall):     8.617704 s
CPU cycles (avg):         921482
Instructions (avg):       5209135
Instructions per cycle:   5.6530
Instructions per byte:    14.2258
Throughput:              1.70 GB/s
-----------------------Custom ctx->lengths mode: 42---------------------------

 ***** Benchmarking EVP_EncodeUpdate *****:
Benchmark ran 50000 iterations (40000 used after warmup)
Total elapsed (wall):     1.347062 s
CPU cycles (avg):         123348
Instructions (avg):       599360
Instructions per cycle:   4.8591
Instructions per byte:    1.6368
Throughput:              10.87 GB/s
-----------------------Custom ctx->lengths mode: 43---------------------------

 ***** Benchmarking EVP_EncodeUpdate *****:
Benchmark ran 50000 iterations (40000 used after warmup)
Total elapsed (wall):     8.433502 s
CPU cycles (avg):         908348
Instructions (avg):       5281996
Instructions per cycle:   5.8149
Instructions per byte:    14.4247
Throughput:              1.74 GB/s
-----------------------Custom ctx->lengths mode: 44---------------------------

 ***** Benchmarking EVP_EncodeUpdate *****:
Benchmark ran 50000 iterations (40000 used after warmup)
Total elapsed (wall):     8.301271 s
CPU cycles (avg):         891244
Instructions (avg):       5203632
Instructions per cycle:   5.8386
Instructions per byte:    14.2107
Throughput:              1.76 GB/s
-----------------------Custom ctx->lengths mode: 45---------------------------

 ***** Benchmarking EVP_EncodeUpdate *****:
Benchmark ran 50000 iterations (40000 used after warmup)
Total elapsed (wall):     1.350640 s
CPU cycles (avg):         123047
Instructions (avg):       608615
Instructions per cycle:   4.9462
Instructions per byte:    1.6621
Throughput:              10.84 GB/s
-----------------------Custom ctx->lengths mode: 46---------------------------

 ***** Benchmarking EVP_EncodeUpdate *****:
Benchmark ran 50000 iterations (40000 used after warmup)
Total elapsed (wall):     8.313494 s
CPU cycles (avg):         894363
Instructions (avg):       5272026
Instructions per cycle:   5.8947
Instructions per byte:    14.3975
Throughput:              1.76 GB/s
-----------------------Custom ctx->lengths mode: 47---------------------------

 ***** Benchmarking EVP_EncodeUpdate *****:
Benchmark ran 50000 iterations (40000 used after warmup)
Total elapsed (wall):     8.417222 s
CPU cycles (avg):         903334
Instructions (avg):       5198877
Instructions per cycle:   5.7552
Instructions per byte:    14.1978
Throughput:              1.74 GB/s
-----------------------Custom ctx->lengths mode: 48---------------------------

 ***** Benchmarking EVP_EncodeUpdate *****:
Benchmark ran 50000 iterations (40000 used after warmup)
Total elapsed (wall):     1.016042 s
CPU cycles (avg):         87081
Instructions (avg):       351160
Instructions per cycle:   4.0325
Instructions per byte:    0.9590
Throughput:              14.42 GB/s
-----------------------Custom ctx->lengths mode: 49---------------------------

 ***** Benchmarking EVP_EncodeUpdate *****:
Benchmark ran 50000 iterations (40000 used after warmup)
Total elapsed (wall):     8.208820 s
CPU cycles (avg):         889942
Instructions (avg):       5263242
Instructions per cycle:   5.9141
Instructions per byte:    14.3735
Throughput:              1.78 GB/s
-----------------------Custom ctx->lengths mode: 50---------------------------

 ***** Benchmarking EVP_EncodeUpdate *****:
Benchmark ran 50000 iterations (40000 used after warmup)
Total elapsed (wall):     8.154120 s
CPU cycles (avg):         882298
Instructions (avg):       5194685
Instructions per cycle:   5.8877
Instructions per byte:    14.1863
Throughput:              1.80 GB/s
-----------------------Custom ctx->lengths mode: 51---------------------------

 ***** Benchmarking EVP_EncodeUpdate *****:
Benchmark ran 50000 iterations (40000 used after warmup)
Total elapsed (wall):     1.289814 s
CPU cycles (avg):         117251
Instructions (avg):       594547
Instructions per cycle:   5.0707
Instructions per byte:    1.6237
Throughput:              11.36 GB/s
-----------------------Custom ctx->lengths mode: 52---------------------------

 ***** Benchmarking EVP_EncodeUpdate *****:
Benchmark ran 50000 iterations (40000 used after warmup)
Total elapsed (wall):     8.256974 s
CPU cycles (avg):         891914
Instructions (avg):       5255482
Instructions per cycle:   5.8924
Instructions per byte:    14.3523
Throughput:              1.77 GB/s
-----------------------Custom ctx->lengths mode: 53---------------------------

 ***** Benchmarking EVP_EncodeUpdate *****:
Benchmark ran 50000 iterations (40000 used after warmup)
Total elapsed (wall):     8.396325 s
CPU cycles (avg):         901798
Instructions (avg):       5190914
Instructions per cycle:   5.7562
Instructions per byte:    14.1760
Throughput:              1.74 GB/s
-----------------------Custom ctx->lengths mode: 54---------------------------

 ***** Benchmarking EVP_EncodeUpdate *****:
Benchmark ran 50000 iterations (40000 used after warmup)
Total elapsed (wall):     1.315854 s
CPU cycles (avg):         119983
Instructions (avg):       571590
Instructions per cycle:   4.7639
Instructions per byte:    1.5610
Throughput:              11.13 GB/s
-----------------------Custom ctx->lengths mode: 55---------------------------

 ***** Benchmarking EVP_EncodeUpdate *****:
Benchmark ran 50000 iterations (40000 used after warmup)
Total elapsed (wall):     8.343194 s
CPU cycles (avg):         898254
Instructions (avg):       5248535
Instructions per cycle:   5.8430
Instructions per byte:    14.3334
Throughput:              1.76 GB/s
-----------------------Custom ctx->lengths mode: 56---------------------------

 ***** Benchmarking EVP_EncodeUpdate *****:
Benchmark ran 50000 iterations (40000 used after warmup)
Total elapsed (wall):     8.160670 s
CPU cycles (avg):         882887
Instructions (avg):       5187593
Instructions per cycle:   5.8757
Instructions per byte:    14.1669
Throughput:              1.79 GB/s
-----------------------Custom ctx->lengths mode: 57---------------------------

 ***** Benchmarking EVP_EncodeUpdate *****:
Benchmark ran 50000 iterations (40000 used after warmup)
Total elapsed (wall):     1.291620 s
CPU cycles (avg):         116617
Instructions (avg):       581439
Instructions per cycle:   4.9859
Instructions per byte:    1.5879
Throughput:              11.34 GB/s
-----------------------Custom ctx->lengths mode: 58---------------------------

 ***** Benchmarking EVP_EncodeUpdate *****:
Benchmark ran 50000 iterations (40000 used after warmup)
Total elapsed (wall):     8.307199 s
CPU cycles (avg):         899602
Instructions (avg):       5242358
Instructions per cycle:   5.8274
Instructions per byte:    14.3165
Throughput:              1.76 GB/s
-----------------------Custom ctx->lengths mode: 59---------------------------

 ***** Benchmarking EVP_EncodeUpdate *****:
Benchmark ran 50000 iterations (40000 used after warmup)
Total elapsed (wall):     8.292026 s
CPU cycles (avg):         891267
Instructions (avg):       5184583
Instructions per cycle:   5.8171
Instructions per byte:    14.1587
Throughput:              1.77 GB/s
-----------------------Custom ctx->lengths mode: 60---------------------------

 ***** Benchmarking EVP_EncodeUpdate *****:
Benchmark ran 50000 iterations (40000 used after warmup)
Total elapsed (wall):     1.252860 s
CPU cycles (avg):         111298
Instructions (avg):       538587
Instructions per cycle:   4.8391
Instructions per byte:    1.4708
Throughput:              11.69 GB/s
-----------------------Custom ctx->lengths mode: 61---------------------------

 ***** Benchmarking EVP_EncodeUpdate *****:
Benchmark ran 50000 iterations (40000 used after warmup)
Total elapsed (wall):     8.530515 s
CPU cycles (avg):         913370
Instructions (avg):       5236764
Instructions per cycle:   5.7334
Instructions per byte:    14.3012
Throughput:              1.72 GB/s
-----------------------Custom ctx->lengths mode: 62---------------------------

 ***** Benchmarking EVP_EncodeUpdate *****:
Benchmark ran 50000 iterations (40000 used after warmup)
Total elapsed (wall):     8.189815 s
CPU cycles (avg):         883723
Instructions (avg):       5181897
Instructions per cycle:   5.8637
Instructions per byte:    14.1514
Throughput:              1.79 GB/s
-----------------------Custom ctx->lengths mode: 63---------------------------

 ***** Benchmarking EVP_EncodeUpdate *****:
Benchmark ran 50000 iterations (40000 used after warmup)
Total elapsed (wall):     1.304345 s
CPU cycles (avg):         118739
Instructions (avg):       571725
Instructions per cycle:   4.8150
Instructions per byte:    1.5613
Throughput:              11.23 GB/s
-----------------------Custom ctx->lengths mode: 64---------------------------

 ***** Benchmarking EVP_EncodeUpdate *****:
Benchmark ran 50000 iterations (40000 used after warmup)
Total elapsed (wall):     8.237724 s
CPU cycles (avg):         888607
Instructions (avg):       5231701
Instructions per cycle:   5.8875
Instructions per byte:    14.2874
Throughput:              1.78 GB/s
-----------------------Custom ctx->lengths mode: 65---------------------------

 ***** Benchmarking EVP_EncodeUpdate *****:
Benchmark ran 50000 iterations (40000 used after warmup)
Total elapsed (wall):     8.202527 s
CPU cycles (avg):         883897
Instructions (avg):       5179442
Instructions per cycle:   5.8598
Instructions per byte:    14.1447
Throughput:              1.79 GB/s
-----------------------Custom ctx->lengths mode: 66---------------------------

 ***** Benchmarking EVP_EncodeUpdate *****:
Benchmark ran 50000 iterations (40000 used after warmup)
Total elapsed (wall):     1.293308 s
CPU cycles (avg):         117303
Instructions (avg):       556858
Instructions per cycle:   4.7472
Instructions per byte:    1.5207
Throughput:              11.33 GB/s
-----------------------Custom ctx->lengths mode: 67---------------------------

 ***** Benchmarking EVP_EncodeUpdate *****:
Benchmark ran 50000 iterations (40000 used after warmup)
Total elapsed (wall):     8.343981 s
CPU cycles (avg):         900976
Instructions (avg):       5227099
Instructions per cycle:   5.8016
Instructions per byte:    14.2748
Throughput:              1.76 GB/s
-----------------------Custom ctx->lengths mode: 68---------------------------

 ***** Benchmarking EVP_EncodeUpdate *****:
Benchmark ran 50000 iterations (40000 used after warmup)
Total elapsed (wall):     8.133985 s
CPU cycles (avg):         879092
Instructions (avg):       5177191
Instructions per cycle:   5.8892
Instructions per byte:    14.1385
Throughput:              1.80 GB/s
-----------------------Custom ctx->lengths mode: 69---------------------------

 ***** Benchmarking EVP_EncodeUpdate *****:
Benchmark ran 50000 iterations (40000 used after warmup)
Total elapsed (wall):     1.252386 s
CPU cycles (avg):         113222
Instructions (avg):       564790
Instructions per cycle:   4.9883
Instructions per byte:    1.5424
Throughput:              11.70 GB/s
-----------------------Custom ctx->lengths mode: 70---------------------------

 ***** Benchmarking EVP_EncodeUpdate *****:
Benchmark ran 50000 iterations (40000 used after warmup)
Total elapsed (wall):     8.473757 s
CPU cycles (avg):         907426
Instructions (avg):       5222893
Instructions per cycle:   5.7557
Instructions per byte:    14.2633
Throughput:              1.73 GB/s
-----------------------Custom ctx->lengths mode: 71---------------------------

 ***** Benchmarking EVP_EncodeUpdate *****:
Benchmark ran 50000 iterations (40000 used after warmup)
Total elapsed (wall):     8.303970 s
CPU cycles (avg):         886983
Instructions (avg):       5175067
Instructions per cycle:   5.8345
Instructions per byte:    14.1327
Throughput:              1.76 GB/s
-----------------------Custom ctx->lengths mode: 72---------------------------

 ***** Benchmarking EVP_EncodeUpdate *****:
Benchmark ran 50000 iterations (40000 used after warmup)
Total elapsed (wall):     1.169893 s
CPU cycles (avg):         102367
Instructions (avg):       498182
Instructions per cycle:   4.8666
Instructions per byte:    1.3605
Throughput:              12.52 GB/s
-----------------------Custom ctx->lengths mode: 73---------------------------

 ***** Benchmarking EVP_EncodeUpdate *****:
Benchmark ran 50000 iterations (40000 used after warmup)
Total elapsed (wall):     8.221916 s
CPU cycles (avg):         887549
Instructions (avg):       5218997
Instructions per cycle:   5.8802
Instructions per byte:    14.2527
Throughput:              1.78 GB/s
-----------------------Custom ctx->lengths mode: 74---------------------------

 ***** Benchmarking EVP_EncodeUpdate *****:
Benchmark ran 50000 iterations (40000 used after warmup)
Total elapsed (wall):     8.264374 s
CPU cycles (avg):         884953
Instructions (avg):       5173270
Instructions per cycle:   5.8458
Instructions per byte:    14.1278
Throughput:              1.77 GB/s
-----------------------Custom ctx->lengths mode: 75---------------------------

 ***** Benchmarking EVP_EncodeUpdate *****:
Benchmark ran 50000 iterations (40000 used after warmup)
Total elapsed (wall):     1.284934 s
CPU cycles (avg):         115942
Instructions (avg):       556996
Instructions per cycle:   4.8041
Instructions per byte:    1.5211
Throughput:              11.40 GB/s
-----------------------Custom ctx->lengths mode: 76---------------------------

 ***** Benchmarking EVP_EncodeUpdate *****:
Benchmark ran 50000 iterations (40000 used after warmup)
Total elapsed (wall):     8.349108 s
CPU cycles (avg):         893925
Instructions (avg):       5215451
Instructions per cycle:   5.8343
Instructions per byte:    14.2430
Throughput:              1.75 GB/s
-----------------------Custom ctx->lengths mode: 77---------------------------

 ***** Benchmarking EVP_EncodeUpdate *****:
Benchmark ran 50000 iterations (40000 used after warmup)
Total elapsed (wall):     8.180894 s
CPU cycles (avg):         883679
Instructions (avg):       5171571
Instructions per cycle:   5.8523
Instructions per byte:    14.1232
Throughput:              1.79 GB/s
-----------------------Custom ctx->lengths mode: 78---------------------------

 ***** Benchmarking EVP_EncodeUpdate *****:
Benchmark ran 50000 iterations (40000 used after warmup)
Total elapsed (wall):     1.257557 s
CPU cycles (avg):         113834
Instructions (avg):       546258
Instructions per cycle:   4.7987
Instructions per byte:    1.4918
Throughput:              11.65 GB/s
-----------------------Custom ctx->lengths mode: 79---------------------------

 ***** Benchmarking EVP_EncodeUpdate *****:
Benchmark ran 50000 iterations (40000 used after warmup)
Total elapsed (wall):     8.303935 s
CPU cycles (avg):         894015
Instructions (avg):       5212160
Instructions per cycle:   5.8301
Instructions per byte:    14.2340
Throughput:              1.76 GB/s
-----------------------Custom ctx->lengths mode: 80---------------------------

 ***** Benchmarking EVP_EncodeUpdate *****:
Benchmark ran 50000 iterations (40000 used after warmup)
Total elapsed (wall):     8.275282 s
CPU cycles (avg):         890951
Instructions (avg):       5169969
Instructions per cycle:   5.8028
Instructions per byte:    14.1188
Throughput:              1.77 GB/s

======================= Alphabet: SRP =======================
-----------------------DISABLE NEWLINES/NO_NL mode---------------------------

 ***** Benchmarking EVP_EncodeUpdate *****:
Benchmark ran 50000 iterations (40000 used after warmup)
Total elapsed (wall):     1.391507 s
CPU cycles (avg):         127985
Instructions (avg):       503608
Instructions per cycle:   3.9349
Instructions per byte:    1.3753
Throughput:              10.53 GB/s
-----------------------PEM mode---------------------------

 ***** Benchmarking EVP_EncodeUpdate *****:
Benchmark ran 50000 iterations (40000 used after warmup)
Total elapsed (wall):     1.403493 s
CPU cycles (avg):         127959
Instructions (avg):       503584
Instructions per cycle:   3.9355
Instructions per byte:    1.3753
Throughput:              10.44 GB/s
-----------------------Custom ctx->lengths mode: 1---------------------------

 ***** Benchmarking EVP_EncodeUpdate *****:
Benchmark ran 50000 iterations (40000 used after warmup)
Total elapsed (wall):     7.125076 s
CPU cycles (avg):         757932
Instructions (avg):       3297348
Instructions per cycle:   4.3504
Instructions per byte:    9.0048
Throughput:              2.06 GB/s
-----------------------Custom ctx->lengths mode: 2---------------------------

 ***** Benchmarking EVP_EncodeUpdate *****:
Benchmark ran 50000 iterations (40000 used after warmup)
Total elapsed (wall):     15.734064 s
CPU cycles (avg):         1712053
Instructions (avg):       8790187
Instructions per cycle:   5.1343
Instructions per byte:    24.0054
Throughput:              0.93 GB/s
-----------------------Custom ctx->lengths mode: 3---------------------------

 ***** Benchmarking EVP_EncodeUpdate *****:
Benchmark ran 50000 iterations (40000 used after warmup)
Total elapsed (wall):     1.911374 s
CPU cycles (avg):         184807
Instructions (avg):       723583
Instructions per cycle:   3.9153
Instructions per byte:    1.9761
Throughput:              7.66 GB/s
-----------------------Custom ctx->lengths mode: 4---------------------------

 ***** Benchmarking EVP_EncodeUpdate *****:
Benchmark ran 50000 iterations (40000 used after warmup)
Total elapsed (wall):     11.504670 s
CPU cycles (avg):         1242980
Instructions (avg):       6776449
Instructions per cycle:   5.4518
Instructions per byte:    18.5060
Throughput:              1.27 GB/s
-----------------------Custom ctx->lengths mode: 5---------------------------

 ***** Benchmarking EVP_EncodeUpdate *****:
Benchmark ran 50000 iterations (40000 used after warmup)
Total elapsed (wall):     9.977865 s
CPU cycles (avg):         1069013
Instructions (avg):       5787795
Instructions per cycle:   5.4141
Instructions per byte:    15.8060
Throughput:              1.47 GB/s
-----------------------Custom ctx->lengths mode: 6---------------------------

 ***** Benchmarking EVP_EncodeUpdate *****:
Benchmark ran 50000 iterations (40000 used after warmup)
Total elapsed (wall):     2.302200 s
CPU cycles (avg):         221725
Instructions (avg):       639069
Instructions per cycle:   2.8822
Instructions per byte:    1.7453
Throughput:              6.36 GB/s
-----------------------Custom ctx->lengths mode: 7---------------------------

 ***** Benchmarking EVP_EncodeUpdate *****:
Benchmark ran 50000 iterations (40000 used after warmup)
Total elapsed (wall):     10.008877 s
CPU cycles (avg):         1076235
Instructions (avg):       6070270
Instructions per cycle:   5.6403
Instructions per byte:    16.5775
Throughput:              1.46 GB/s
-----------------------Custom ctx->lengths mode: 8---------------------------

 ***** Benchmarking EVP_EncodeUpdate *****:
Benchmark ran 50000 iterations (40000 used after warmup)
Total elapsed (wall):     9.254146 s
CPU cycles (avg):         994843
Instructions (avg):       5540724
Instructions per cycle:   5.5694
Instructions per byte:    15.1313
Throughput:              1.58 GB/s
-----------------------Custom ctx->lengths mode: 9---------------------------

 ***** Benchmarking EVP_EncodeUpdate *****:
Benchmark ran 50000 iterations (40000 used after warmup)
Total elapsed (wall):     4.104083 s
CPU cycles (avg):         428842
Instructions (avg):       1899333
Instructions per cycle:   4.4290
Instructions per byte:    5.1869
Throughput:              3.57 GB/s
-----------------------Custom ctx->lengths mode: 10---------------------------

 ***** Benchmarking EVP_EncodeUpdate *****:
Benchmark ran 50000 iterations (40000 used after warmup)
Total elapsed (wall):     9.564199 s
CPU cycles (avg):         1027600
Instructions (avg):       5787874
Instructions per cycle:   5.6324
Instructions per byte:    15.8063
Throughput:              1.53 GB/s
-----------------------Custom ctx->lengths mode: 11---------------------------

 ***** Benchmarking EVP_EncodeUpdate *****:
Benchmark ran 50000 iterations (40000 used after warmup)
Total elapsed (wall):     8.992673 s
CPU cycles (avg):         959561
Instructions (avg):       5428379
Instructions per cycle:   5.6571
Instructions per byte:    14.8245
Throughput:              1.63 GB/s
-----------------------Custom ctx->lengths mode: 12---------------------------

 ***** Benchmarking EVP_EncodeUpdate *****:
Benchmark ran 50000 iterations (40000 used after warmup)
Total elapsed (wall):     4.139119 s
CPU cycles (avg):         432619
Instructions (avg):       2000480
Instructions per cycle:   4.6241
Instructions per byte:    5.4632
Throughput:              3.54 GB/s
-----------------------Custom ctx->lengths mode: 13---------------------------

 ***** Benchmarking EVP_EncodeUpdate *****:
Benchmark ran 50000 iterations (40000 used after warmup)
Total elapsed (wall):     9.245629 s
CPU cycles (avg):         988203
Instructions (avg):       5635797
Instructions per cycle:   5.7031
Instructions per byte:    15.3910
Throughput:              1.58 GB/s
-----------------------Custom ctx->lengths mode: 14---------------------------

 ***** Benchmarking EVP_EncodeUpdate *****:
Benchmark ran 50000 iterations (40000 used after warmup)
Total elapsed (wall):     9.117639 s
CPU cycles (avg):         967197
Instructions (avg):       5364072
Instructions per cycle:   5.5460
Instructions per byte:    14.6489
Throughput:              1.61 GB/s
-----------------------Custom ctx->lengths mode: 15---------------------------

 ***** Benchmarking EVP_EncodeUpdate *****:
Benchmark ran 50000 iterations (40000 used after warmup)
Total elapsed (wall):     4.742603 s
CPU cycles (avg):         498975
Instructions (avg):       2155119
Instructions per cycle:   4.3191
Instructions per byte:    5.8855
Throughput:              3.09 GB/s
-----------------------Custom ctx->lengths mode: 16---------------------------

 ***** Benchmarking EVP_EncodeUpdate *****:
Benchmark ran 50000 iterations (40000 used after warmup)
Total elapsed (wall):     9.004366 s
CPU cycles (avg):         964538
Instructions (avg):       5540710
Instructions per cycle:   5.7444
Instructions per byte:    15.1313
Throughput:              1.63 GB/s
-----------------------Custom ctx->lengths mode: 17---------------------------

 ***** Benchmarking EVP_EncodeUpdate *****:
Benchmark ran 50000 iterations (40000 used after warmup)
Total elapsed (wall):     8.673174 s
CPU cycles (avg):         928447
Instructions (avg):       5322625
Instructions per cycle:   5.7328
Instructions per byte:    14.5357
Throughput:              1.69 GB/s
-----------------------Custom ctx->lengths mode: 18---------------------------

 ***** Benchmarking EVP_EncodeUpdate *****:
Benchmark ran 50000 iterations (40000 used after warmup)
Total elapsed (wall):     3.966406 s
CPU cycles (avg):         414615
Instructions (avg):       1948712
Instructions per cycle:   4.7001
Instructions per byte:    5.3218
Throughput:              3.69 GB/s
-----------------------Custom ctx->lengths mode: 19---------------------------

 ***** Benchmarking EVP_EncodeUpdate *****:
Benchmark ran 50000 iterations (40000 used after warmup)
Total elapsed (wall):     8.965079 s
CPU cycles (avg):         961574
Instructions (avg):       5475674
Instructions per cycle:   5.6945
Instructions per byte:    14.9537
Throughput:              1.63 GB/s
-----------------------Custom ctx->lengths mode: 20---------------------------

 ***** Benchmarking EVP_EncodeUpdate *****:
Benchmark ran 50000 iterations (40000 used after warmup)
Total elapsed (wall):     8.644327 s
CPU cycles (avg):         924402
Instructions (avg):       5293541
Instructions per cycle:   5.7264
Instructions per byte:    14.4563
Throughput:              1.69 GB/s
-----------------------Custom ctx->lengths mode: 21---------------------------

 ***** Benchmarking EVP_EncodeUpdate *****:
Benchmark ran 50000 iterations (40000 used after warmup)
Total elapsed (wall):     4.256820 s
CPU cycles (avg):         445914
Instructions (avg):       1943736
Instructions per cycle:   4.3590
Instructions per byte:    5.3082
Throughput:              3.44 GB/s
-----------------------Custom ctx->lengths mode: 22---------------------------

 ***** Benchmarking EVP_EncodeUpdate *****:
Benchmark ran 50000 iterations (40000 used after warmup)
Total elapsed (wall):     8.780430 s
CPU cycles (avg):         938999
Instructions (avg):       5428358
Instructions per cycle:   5.7810
Instructions per byte:    14.8245
Throughput:              1.67 GB/s
-----------------------Custom ctx->lengths mode: 23---------------------------

 ***** Benchmarking EVP_EncodeUpdate *****:
Benchmark ran 50000 iterations (40000 used after warmup)
Total elapsed (wall):     8.616162 s
CPU cycles (avg):         918882
Instructions (avg):       5272047
Instructions per cycle:   5.7375
Instructions per byte:    14.3976
Throughput:              1.70 GB/s
-----------------------Custom ctx->lengths mode: 24---------------------------

 ***** Benchmarking EVP_EncodeUpdate *****:
Benchmark ran 50000 iterations (40000 used after warmup)
Total elapsed (wall):     1.457382 s
CPU cycles (avg):         134831
Instructions (avg):       678967
Instructions per cycle:   5.0357
Instructions per byte:    1.8542
Throughput:              10.05 GB/s
-----------------------Custom ctx->lengths mode: 25---------------------------

 ***** Benchmarking EVP_EncodeUpdate *****:
Benchmark ran 50000 iterations (40000 used after warmup)
Total elapsed (wall):     8.628618 s
CPU cycles (avg):         930097
Instructions (avg):       5392416
Instructions per cycle:   5.7977
Instructions per byte:    14.7263
Throughput:              1.70 GB/s
-----------------------Custom ctx->lengths mode: 26---------------------------

 ***** Benchmarking EVP_EncodeUpdate *****:
Benchmark ran 50000 iterations (40000 used after warmup)
Total elapsed (wall):     8.575960 s
CPU cycles (avg):         913717
Instructions (avg):       5255520
Instructions per cycle:   5.7518
Instructions per byte:    14.3524
Throughput:              1.71 GB/s
-----------------------Custom ctx->lengths mode: 27---------------------------

 ***** Benchmarking EVP_EncodeUpdate *****:
Benchmark ran 50000 iterations (40000 used after warmup)
Total elapsed (wall):     1.870999 s
CPU cycles (avg):         179054
Instructions (avg):       846180
Instructions per cycle:   4.7258
Instructions per byte:    2.3109
Throughput:              7.83 GB/s
-----------------------Custom ctx->lengths mode: 28---------------------------

 ***** Benchmarking EVP_EncodeUpdate *****:
Benchmark ran 50000 iterations (40000 used after warmup)
Total elapsed (wall):     8.751561 s
CPU cycles (avg):         930618
Instructions (avg):       5364160
Instructions per cycle:   5.7641
Instructions per byte:    14.6491
Throughput:              1.67 GB/s
-----------------------Custom ctx->lengths mode: 29---------------------------

 ***** Benchmarking EVP_EncodeUpdate *****:
Benchmark ran 50000 iterations (40000 used after warmup)
Total elapsed (wall):     8.444926 s
CPU cycles (avg):         907011
Instructions (avg):       5242397
Instructions per cycle:   5.7799
Instructions per byte:    14.3166
Throughput:              1.73 GB/s
-----------------------Custom ctx->lengths mode: 30---------------------------

 ***** Benchmarking EVP_EncodeUpdate *****:
Benchmark ran 50000 iterations (40000 used after warmup)
Total elapsed (wall):     1.735939 s
CPU cycles (avg):         166327
Instructions (avg):       799766
Instructions per cycle:   4.8084
Instructions per byte:    2.1841
Throughput:              8.44 GB/s
-----------------------Custom ctx->lengths mode: 31---------------------------

 ***** Benchmarking EVP_EncodeUpdate *****:
Benchmark ran 50000 iterations (40000 used after warmup)
Total elapsed (wall):     8.601206 s
CPU cycles (avg):         921964
Instructions (avg):       5341359
Instructions per cycle:   5.7935
Instructions per byte:    14.5869
Throughput:              1.70 GB/s
-----------------------Custom ctx->lengths mode: 32---------------------------

 ***** Benchmarking EVP_EncodeUpdate *****:
Benchmark ran 50000 iterations (40000 used after warmup)
Total elapsed (wall):     8.502598 s
CPU cycles (avg):         908278
Instructions (avg):       5231768
Instructions per cycle:   5.7601
Instructions per byte:    14.2876
Throughput:              1.72 GB/s
-----------------------Custom ctx->lengths mode: 33---------------------------

 ***** Benchmarking EVP_EncodeUpdate *****:
Benchmark ran 50000 iterations (40000 used after warmup)
Total elapsed (wall):     1.770183 s
CPU cycles (avg):         169931
Instructions (avg):       808068
Instructions per cycle:   4.7552
Instructions per byte:    2.2068
Throughput:              8.27 GB/s
-----------------------Custom ctx->lengths mode: 34---------------------------

 ***** Benchmarking EVP_EncodeUpdate *****:
Benchmark ran 50000 iterations (40000 used after warmup)
Total elapsed (wall):     8.577623 s
CPU cycles (avg):         919719
Instructions (avg):       5322581
Instructions per cycle:   5.7872
Instructions per byte:    14.5356
Throughput:              1.71 GB/s
-----------------------Custom ctx->lengths mode: 35---------------------------

 ***** Benchmarking EVP_EncodeUpdate *****:
Benchmark ran 50000 iterations (40000 used after warmup)
Total elapsed (wall):     8.456330 s
CPU cycles (avg):         904011
Instructions (avg):       5222922
Instructions per cycle:   5.7775
Instructions per byte:    14.2634
Throughput:              1.73 GB/s
-----------------------Custom ctx->lengths mode: 36---------------------------

 ***** Benchmarking EVP_EncodeUpdate *****:
Benchmark ran 50000 iterations (40000 used after warmup)
Total elapsed (wall):     1.619179 s
CPU cycles (avg):         151885
Instructions (avg):       728590
Instructions per cycle:   4.7970
Instructions per byte:    1.9897
Throughput:              9.05 GB/s
-----------------------Custom ctx->lengths mode: 37---------------------------

 ***** Benchmarking EVP_EncodeUpdate *****:
Benchmark ran 50000 iterations (40000 used after warmup)
Total elapsed (wall):     8.675227 s
CPU cycles (avg):         924052
Instructions (avg):       5306876
Instructions per cycle:   5.7430
Instructions per byte:    14.4927
Throughput:              1.69 GB/s
-----------------------Custom ctx->lengths mode: 38---------------------------

 ***** Benchmarking EVP_EncodeUpdate *****:
Benchmark ran 50000 iterations (40000 used after warmup)
Total elapsed (wall):     8.483847 s
CPU cycles (avg):         904069
Instructions (avg):       5215515
Instructions per cycle:   5.7689
Instructions per byte:    14.2432
Throughput:              1.73 GB/s
-----------------------Custom ctx->lengths mode: 39---------------------------

 ***** Benchmarking EVP_EncodeUpdate *****:
Benchmark ran 50000 iterations (40000 used after warmup)
Total elapsed (wall):     1.705401 s
CPU cycles (avg):         161472
Instructions (avg):       780947
Instructions per cycle:   4.8364
Instructions per byte:    2.1327
Throughput:              8.59 GB/s
-----------------------Custom ctx->lengths mode: 40---------------------------

 ***** Benchmarking EVP_EncodeUpdate *****:
Benchmark ran 50000 iterations (40000 used after warmup)
Total elapsed (wall):     8.544302 s
CPU cycles (avg):         910840
Instructions (avg):       5293523
Instructions per cycle:   5.8117
Instructions per byte:    14.4562
Throughput:              1.71 GB/s
-----------------------Custom ctx->lengths mode: 41---------------------------

 ***** Benchmarking EVP_EncodeUpdate *****:
Benchmark ran 50000 iterations (40000 used after warmup)
Total elapsed (wall):     8.618643 s
CPU cycles (avg):         915154
Instructions (avg):       5209156
Instructions per cycle:   5.6921
Instructions per byte:    14.2258
Throughput:              1.70 GB/s
-----------------------Custom ctx->lengths mode: 42---------------------------

 ***** Benchmarking EVP_EncodeUpdate *****:
Benchmark ran 50000 iterations (40000 used after warmup)
Total elapsed (wall):     1.668792 s
CPU cycles (avg):         157340
Instructions (avg):       751821
Instructions per cycle:   4.7783
Instructions per byte:    2.0532
Throughput:              8.78 GB/s
-----------------------Custom ctx->lengths mode: 43---------------------------

 ***** Benchmarking EVP_EncodeUpdate *****:
Benchmark ran 50000 iterations (40000 used after warmup)
Total elapsed (wall):     8.579817 s
CPU cycles (avg):         915013
Instructions (avg):       5282017
Instructions per cycle:   5.7726
Instructions per byte:    14.4248
Throughput:              1.71 GB/s
-----------------------Custom ctx->lengths mode: 44---------------------------

 ***** Benchmarking EVP_EncodeUpdate *****:
Benchmark ran 50000 iterations (40000 used after warmup)
Total elapsed (wall):     8.910819 s
CPU cycles (avg):         939171
Instructions (avg):       5203653
Instructions per cycle:   5.5407
Instructions per byte:    14.2108
Throughput:              1.64 GB/s
-----------------------Custom ctx->lengths mode: 45---------------------------

 ***** Benchmarking EVP_EncodeUpdate *****:
Benchmark ran 50000 iterations (40000 used after warmup)
Total elapsed (wall):     1.673840 s
CPU cycles (avg):         157551
Instructions (avg):       761076
Instructions per cycle:   4.8306
Instructions per byte:    2.0784
Throughput:              8.75 GB/s
-----------------------Custom ctx->lengths mode: 46---------------------------

 ***** Benchmarking EVP_EncodeUpdate *****:
Benchmark ran 50000 iterations (40000 used after warmup)
Total elapsed (wall):     8.554323 s
CPU cycles (avg):         910525
Instructions (avg):       5272047
Instructions per cycle:   5.7901
Instructions per byte:    14.3976
Throughput:              1.71 GB/s
-----------------------Custom ctx->lengths mode: 47---------------------------

 ***** Benchmarking EVP_EncodeUpdate *****:
Benchmark ran 50000 iterations (40000 used after warmup)
Total elapsed (wall):     8.445301 s
CPU cycles (avg):         899574
Instructions (avg):       5198898
Instructions per cycle:   5.7793
Instructions per byte:    14.1978
Throughput:              1.73 GB/s
-----------------------Custom ctx->lengths mode: 48---------------------------

 ***** Benchmarking EVP_EncodeUpdate *****:
Benchmark ran 50000 iterations (40000 used after warmup)
Total elapsed (wall):     1.361211 s
CPU cycles (avg):         124320
Instructions (avg):       503581
Instructions per cycle:   4.0507
Instructions per byte:    1.3752
Throughput:              10.76 GB/s
-----------------------Custom ctx->lengths mode: 49---------------------------

 ***** Benchmarking EVP_EncodeUpdate *****:
Benchmark ran 50000 iterations (40000 used after warmup)
Total elapsed (wall):     8.446705 s
CPU cycles (avg):         905669
Instructions (avg):       5263263
Instructions per cycle:   5.8115
Instructions per byte:    14.3736
Throughput:              1.73 GB/s
-----------------------Custom ctx->lengths mode: 50---------------------------

 ***** Benchmarking EVP_EncodeUpdate *****:
Benchmark ran 50000 iterations (40000 used after warmup)
Total elapsed (wall):     8.849819 s
CPU cycles (avg):         934633
Instructions (avg):       5194706
Instructions per cycle:   5.5580
Instructions per byte:    14.1864
Throughput:              1.66 GB/s
-----------------------Custom ctx->lengths mode: 51---------------------------

 ***** Benchmarking EVP_EncodeUpdate *****:
Benchmark ran 50000 iterations (40000 used after warmup)
Total elapsed (wall):     1.652132 s
CPU cycles (avg):         153141
Instructions (avg):       746968
Instructions per cycle:   4.8776
Instructions per byte:    2.0399
Throughput:              8.87 GB/s
-----------------------Custom ctx->lengths mode: 52---------------------------

 ***** Benchmarking EVP_EncodeUpdate *****:
Benchmark ran 50000 iterations (40000 used after warmup)
Total elapsed (wall):     8.509689 s
CPU cycles (avg):         908501
Instructions (avg):       5255503
Instructions per cycle:   5.7848
Instructions per byte:    14.3524
Throughput:              1.72 GB/s
-----------------------Custom ctx->lengths mode: 53---------------------------

 ***** Benchmarking EVP_EncodeUpdate *****:
Benchmark ran 50000 iterations (40000 used after warmup)
Total elapsed (wall):     8.423415 s
CPU cycles (avg):         895821
Instructions (avg):       5190935
Instructions per cycle:   5.7946
Instructions per byte:    14.1761
Throughput:              1.74 GB/s
-----------------------Custom ctx->lengths mode: 54---------------------------

 ***** Benchmarking EVP_EncodeUpdate *****:
Benchmark ran 50000 iterations (40000 used after warmup)
Total elapsed (wall):     1.575026 s
CPU cycles (avg):         146821
Instructions (avg):       724091
Instructions per cycle:   4.9318
Instructions per byte:    1.9774
Throughput:              9.30 GB/s
-----------------------Custom ctx->lengths mode: 55---------------------------

 ***** Benchmarking EVP_EncodeUpdate *****:
Benchmark ran 50000 iterations (40000 used after warmup)
Total elapsed (wall):     8.498418 s
CPU cycles (avg):         907443
Instructions (avg):       5248556
Instructions per cycle:   5.7839
Instructions per byte:    14.3334
Throughput:              1.72 GB/s
-----------------------Custom ctx->lengths mode: 56---------------------------

 ***** Benchmarking EVP_EncodeUpdate *****:
Benchmark ran 50000 iterations (40000 used after warmup)
Total elapsed (wall):     8.646573 s
CPU cycles (avg):         918513
Instructions (avg):       5187614
Instructions per cycle:   5.6478
Instructions per byte:    14.1670
Throughput:              1.69 GB/s
-----------------------Custom ctx->lengths mode: 57---------------------------

 ***** Benchmarking EVP_EncodeUpdate *****:
Benchmark ran 50000 iterations (40000 used after warmup)
Total elapsed (wall):     1.648357 s
CPU cycles (avg):         153618
Instructions (avg):       733900
Instructions per cycle:   4.7774
Instructions per byte:    2.0042
Throughput:              8.89 GB/s
-----------------------Custom ctx->lengths mode: 58---------------------------

 ***** Benchmarking EVP_EncodeUpdate *****:
Benchmark ran 50000 iterations (40000 used after warmup)
Total elapsed (wall):     8.537403 s
CPU cycles (avg):         910034
Instructions (avg):       5242379
Instructions per cycle:   5.7606
Instructions per byte:    14.3166
Throughput:              1.72 GB/s
-----------------------Custom ctx->lengths mode: 59---------------------------

 ***** Benchmarking EVP_EncodeUpdate *****:
Benchmark ran 50000 iterations (40000 used after warmup)
Total elapsed (wall):     8.374178 s
CPU cycles (avg):         892700
Instructions (avg):       5184604
Instructions per cycle:   5.8078
Instructions per byte:    14.1588
Throughput:              1.75 GB/s
-----------------------Custom ctx->lengths mode: 60---------------------------

 ***** Benchmarking EVP_EncodeUpdate *****:
Benchmark ran 50000 iterations (40000 used after warmup)
Total elapsed (wall):     1.502024 s
CPU cycles (avg):         138948
Instructions (avg):       691008
Instructions per cycle:   4.9731
Instructions per byte:    1.8871
Throughput:              9.75 GB/s
-----------------------Custom ctx->lengths mode: 61---------------------------

 ***** Benchmarking EVP_EncodeUpdate *****:
Benchmark ran 50000 iterations (40000 used after warmup)
Total elapsed (wall):     8.708987 s
CPU cycles (avg):         922186
Instructions (avg):       5236785
Instructions per cycle:   5.6787
Instructions per byte:    14.3013
Throughput:              1.68 GB/s
-----------------------Custom ctx->lengths mode: 62---------------------------

 ***** Benchmarking EVP_EncodeUpdate *****:
Benchmark ran 50000 iterations (40000 used after warmup)
Total elapsed (wall):     8.602692 s
CPU cycles (avg):         912178
Instructions (avg):       5181918
Instructions per cycle:   5.6808
Instructions per byte:    14.1514
Throughput:              1.70 GB/s
-----------------------Custom ctx->lengths mode: 63---------------------------

 ***** Benchmarking EVP_EncodeUpdate *****:
Benchmark ran 50000 iterations (40000 used after warmup)
Total elapsed (wall):     1.628513 s
CPU cycles (avg):         152504
Instructions (avg):       724186
Instructions per cycle:   4.7486
Instructions per byte:    1.9777
Throughput:              8.99 GB/s
-----------------------Custom ctx->lengths mode: 64---------------------------

 ***** Benchmarking EVP_EncodeUpdate *****:
Benchmark ran 50000 iterations (40000 used after warmup)
Total elapsed (wall):     8.487436 s
CPU cycles (avg):         901053
Instructions (avg):       5231722
Instructions per cycle:   5.8062
Instructions per byte:    14.2875
Throughput:              1.73 GB/s
-----------------------Custom ctx->lengths mode: 65---------------------------

 ***** Benchmarking EVP_EncodeUpdate *****:
Benchmark ran 50000 iterations (40000 used after warmup)
Total elapsed (wall):     8.492927 s
CPU cycles (avg):         900241
Instructions (avg):       5179463
Instructions per cycle:   5.7534
Instructions per byte:    14.1447
Throughput:              1.72 GB/s
-----------------------Custom ctx->lengths mode: 66---------------------------

 ***** Benchmarking EVP_EncodeUpdate *****:
Benchmark ran 50000 iterations (40000 used after warmup)
Total elapsed (wall):     1.637730 s
CPU cycles (avg):         151688
Instructions (avg):       709279
Instructions per cycle:   4.6759
Instructions per byte:    1.9370
Throughput:              8.94 GB/s
-----------------------Custom ctx->lengths mode: 67---------------------------

 ***** Benchmarking EVP_EncodeUpdate *****:
Benchmark ran 50000 iterations (40000 used after warmup)
Total elapsed (wall):     8.524928 s
CPU cycles (avg):         908954
Instructions (avg):       5227120
Instructions per cycle:   5.7507
Instructions per byte:    14.2749
Throughput:              1.72 GB/s
-----------------------Custom ctx->lengths mode: 68---------------------------

 ***** Benchmarking EVP_EncodeUpdate *****:
Benchmark ran 50000 iterations (40000 used after warmup)
Total elapsed (wall):     8.419544 s
CPU cycles (avg):         898357
Instructions (avg):       5177212
Instructions per cycle:   5.7630
Instructions per byte:    14.1386
Throughput:              1.74 GB/s
-----------------------Custom ctx->lengths mode: 69---------------------------

 ***** Benchmarking EVP_EncodeUpdate *****:
Benchmark ran 50000 iterations (40000 used after warmup)
Total elapsed (wall):     1.597386 s
CPU cycles (avg):         148879
Instructions (avg):       717211
Instructions per cycle:   4.8174
Instructions per byte:    1.9587
Throughput:              9.17 GB/s
-----------------------Custom ctx->lengths mode: 70---------------------------

 ***** Benchmarking EVP_EncodeUpdate *****:
Benchmark ran 50000 iterations (40000 used after warmup)
Total elapsed (wall):     8.842635 s
CPU cycles (avg):         936422
Instructions (avg):       5222914
Instructions per cycle:   5.5775
Instructions per byte:    14.2634
Throughput:              1.66 GB/s
-----------------------Custom ctx->lengths mode: 71---------------------------

 ***** Benchmarking EVP_EncodeUpdate *****:
Benchmark ran 50000 iterations (40000 used after warmup)
Total elapsed (wall):     8.656324 s
CPU cycles (avg):         915896
Instructions (avg):       5175088
Instructions per cycle:   5.6503
Instructions per byte:    14.1328
Throughput:              1.69 GB/s
-----------------------Custom ctx->lengths mode: 72---------------------------

 ***** Benchmarking EVP_EncodeUpdate *****:
Benchmark ran 50000 iterations (40000 used after warmup)
Total elapsed (wall):     1.455670 s
CPU cycles (avg):         133226
Instructions (avg):       650523
Instructions per cycle:   4.8828
Instructions per byte:    1.7765
Throughput:              10.06 GB/s
-----------------------Custom ctx->lengths mode: 73---------------------------

 ***** Benchmarking EVP_EncodeUpdate *****:
Benchmark ran 50000 iterations (40000 used after warmup)
Total elapsed (wall):     8.602650 s
CPU cycles (avg):         910455
Instructions (avg):       5219018
Instructions per cycle:   5.7323
Instructions per byte:    14.2528
Throughput:              1.70 GB/s
-----------------------Custom ctx->lengths mode: 74---------------------------

 ***** Benchmarking EVP_EncodeUpdate *****:
Benchmark ran 50000 iterations (40000 used after warmup)
Total elapsed (wall):     8.608821 s
CPU cycles (avg):         910031
Instructions (avg):       5173291
Instructions per cycle:   5.6847
Instructions per byte:    14.1279
Throughput:              1.70 GB/s
-----------------------Custom ctx->lengths mode: 75---------------------------

 ***** Benchmarking EVP_EncodeUpdate *****:
Benchmark ran 50000 iterations (40000 used after warmup)
Total elapsed (wall):     1.566669 s
CPU cycles (avg):         145461
Instructions (avg):       709457
Instructions per cycle:   4.8773
Instructions per byte:    1.9375
Throughput:              9.35 GB/s
-----------------------Custom ctx->lengths mode: 76---------------------------

 ***** Benchmarking EVP_EncodeUpdate *****:
Benchmark ran 50000 iterations (40000 used after warmup)
Total elapsed (wall):     8.508848 s
CPU cycles (avg):         904495
Instructions (avg):       5215472
Instructions per cycle:   5.7662
Instructions per byte:    14.2431
Throughput:              1.72 GB/s
-----------------------Custom ctx->lengths mode: 77---------------------------

 ***** Benchmarking EVP_EncodeUpdate *****:
Benchmark ran 50000 iterations (40000 used after warmup)
Total elapsed (wall):     8.537481 s
CPU cycles (avg):         903558
Instructions (avg):       5171592
Instructions per cycle:   5.7236
Instructions per byte:    14.1232
Throughput:              1.72 GB/s
-----------------------Custom ctx->lengths mode: 78---------------------------

 ***** Benchmarking EVP_EncodeUpdate *****:
Benchmark ran 50000 iterations (40000 used after warmup)
Total elapsed (wall):     1.546045 s
CPU cycles (avg):         143363
Instructions (avg):       698639
Instructions per cycle:   4.8732
Instructions per byte:    1.9079
Throughput:              9.47 GB/s
-----------------------Custom ctx->lengths mode: 79---------------------------

 ***** Benchmarking EVP_EncodeUpdate *****:
Benchmark ran 50000 iterations (40000 used after warmup)
Total elapsed (wall):     8.467246 s
CPU cycles (avg):         905116
Instructions (avg):       5212181
Instructions per cycle:   5.7586
Instructions per byte:    14.2341
Throughput:              1.73 GB/s
-----------------------Custom ctx->lengths mode: 80---------------------------

 ***** Benchmarking EVP_EncodeUpdate *****:
Benchmark ran 50000 iterations (40000 used after warmup)
Total elapsed (wall):     8.312394 s
CPU cycles (avg):         891114
Instructions (avg):       5169990
Instructions per cycle:   5.8017
Instructions per byte:    14.1189
Throughput:              1.76 GB/s


Processed files:
File: lena_color_512.jpg (105764 bytes)
File: googlelogo.png (2357 bytes)
File: mandril_color.jpg (247222 bytes)
File: bing.png (1355 bytes)
File: peppers_color.jpg (9478 bytes)
