📝 Logging to ./benchmark_results/base64_benchmark_gcc_2025-10-16_11-29-59.log
📂 Benchmark: Enron email files

======================= Alphabet: STD =======================
-----------------------DISABLE NEWLINES/NO_NL mode---------------------------

 ***** Benchmarking EVP_EncodeUpdate *****:
Benchmark ran 50000 iterations (40000 used after warmup)
Total elapsed (wall):     1.622226 s
CPU cycles (avg):         144833
Instructions (avg):       505801
Instructions per cycle:   3.4923
Instructions per byte:    0.7232
Throughput:              17.24 GB/s
-----------------------PEM mode---------------------------

 ***** Benchmarking EVP_EncodeUpdate *****:
Benchmark ran 50000 iterations (40000 used after warmup)
Total elapsed (wall):     1.918402 s
CPU cycles (avg):         171352
Instructions (avg):       718808
Instructions per cycle:   4.1949
Instructions per byte:    1.0278
Throughput:              14.58 GB/s
-----------------------Custom ctx->lengths mode: 1---------------------------

 ***** Benchmarking EVP_EncodeUpdate *****:
Benchmark ran 50000 iterations (40000 used after warmup)
Total elapsed (wall):     19.530116 s
CPU cycles (avg):         2047898
Instructions (avg):       9795102
Instructions per cycle:   4.7830
Instructions per byte:    14.0054
Throughput:              1.43 GB/s
-----------------------Custom ctx->lengths mode: 2---------------------------

 ***** Benchmarking EVP_EncodeUpdate *****:
Benchmark ran 50000 iterations (40000 used after warmup)
Total elapsed (wall):     30.465656 s
CPU cycles (avg):         3314004
Instructions (avg):       17838113
Instructions per cycle:   5.3826
Instructions per byte:    25.5056
Throughput:              0.92 GB/s
-----------------------Custom ctx->lengths mode: 3---------------------------

 ***** Benchmarking EVP_EncodeUpdate *****:
Benchmark ran 50000 iterations (40000 used after warmup)
Total elapsed (wall):     3.117619 s
CPU cycles (avg):         314877
Instructions (avg):       1171214
Instructions per cycle:   3.7196
Instructions per byte:    1.6746
Throughput:              8.97 GB/s
-----------------------Custom ctx->lengths mode: 4---------------------------

 ***** Benchmarking EVP_EncodeUpdate *****:
Benchmark ran 50000 iterations (40000 used after warmup)
Total elapsed (wall):     21.655544 s
CPU cycles (avg):         2385247
Instructions (avg):       13641910
Instructions per cycle:   5.7193
Instructions per byte:    19.5057
Throughput:              1.29 GB/s
-----------------------Custom ctx->lengths mode: 5---------------------------

 ***** Benchmarking EVP_EncodeUpdate *****:
Benchmark ran 50000 iterations (40000 used after warmup)
Total elapsed (wall):     19.748208 s
CPU cycles (avg):         2190558
Instructions (avg):       12174018
Instructions per cycle:   5.5575
Instructions per byte:    17.4068
Throughput:              1.42 GB/s
-----------------------Custom ctx->lengths mode: 6---------------------------

 ***** Benchmarking EVP_EncodeUpdate *****:
Benchmark ran 50000 iterations (40000 used after warmup)
Total elapsed (wall):     3.399790 s
CPU cycles (avg):         359537
Instructions (avg):       1009028
Instructions per cycle:   2.8065
Instructions per byte:    1.4427
Throughput:              8.23 GB/s
-----------------------Custom ctx->lengths mode: 7---------------------------

 ***** Benchmarking EVP_EncodeUpdate *****:
Benchmark ran 50000 iterations (40000 used after warmup)
Total elapsed (wall):     19.829141 s
CPU cycles (avg):         2201486
Instructions (avg):       12293861
Instructions per cycle:   5.5843
Instructions per byte:    17.5782
Throughput:              1.41 GB/s
-----------------------Custom ctx->lengths mode: 8---------------------------

 ***** Benchmarking EVP_EncodeUpdate *****:
Benchmark ran 50000 iterations (40000 used after warmup)
Total elapsed (wall):     18.829436 s
CPU cycles (avg):         2089217
Instructions (avg):       11543772
Instructions per cycle:   5.5254
Instructions per byte:    16.5057
Throughput:              1.49 GB/s
-----------------------Custom ctx->lengths mode: 9---------------------------

 ***** Benchmarking EVP_EncodeUpdate *****:
Benchmark ran 50000 iterations (40000 used after warmup)
Total elapsed (wall):     5.357005 s
CPU cycles (avg):         575127
Instructions (avg):       2328510
Instructions per cycle:   4.0487
Instructions per byte:    3.3294
Throughput:              5.22 GB/s
-----------------------Custom ctx->lengths mode: 10---------------------------

 ***** Benchmarking EVP_EncodeUpdate *****:
Benchmark ran 50000 iterations (40000 used after warmup)
Total elapsed (wall):     19.469720 s
CPU cycles (avg):         2126200
Instructions (avg):       11754339
Instructions per cycle:   5.5283
Instructions per byte:    16.8068
Throughput:              1.44 GB/s
-----------------------Custom ctx->lengths mode: 11---------------------------

 ***** Benchmarking EVP_EncodeUpdate *****:
Benchmark ran 50000 iterations (40000 used after warmup)
Total elapsed (wall):     19.091318 s
CPU cycles (avg):         2077847
Instructions (avg):       11258645
Instructions per cycle:   5.4184
Instructions per byte:    16.0980
Throughput:              1.47 GB/s
-----------------------Custom ctx->lengths mode: 12---------------------------

 ***** Benchmarking EVP_EncodeUpdate *****:
Benchmark ran 50000 iterations (40000 used after warmup)
Total elapsed (wall):     5.577052 s
CPU cycles (avg):         582822
Instructions (avg):       2528597
Instructions per cycle:   4.3385
Instructions per byte:    3.6155
Throughput:              5.02 GB/s
-----------------------Custom ctx->lengths mode: 13---------------------------

 ***** Benchmarking EVP_EncodeUpdate *****:
Benchmark ran 50000 iterations (40000 used after warmup)
Total elapsed (wall):     19.033394 s
CPU cycles (avg):         2075964
Instructions (avg):       11463800
Instructions per cycle:   5.5222
Instructions per byte:    16.3914
Throughput:              1.47 GB/s
-----------------------Custom ctx->lengths mode: 14---------------------------

 ***** Benchmarking EVP_EncodeUpdate *****:
Benchmark ran 50000 iterations (40000 used after warmup)
Total elapsed (wall):     18.264191 s
CPU cycles (avg):         2007987
Instructions (avg):       11094934
Instructions per cycle:   5.5254
Instructions per byte:    15.8639
Throughput:              1.53 GB/s
-----------------------Custom ctx->lengths mode: 15---------------------------

 ***** Benchmarking EVP_EncodeUpdate *****:
Benchmark ran 50000 iterations (40000 used after warmup)
Total elapsed (wall):     5.666571 s
CPU cycles (avg):         606557
Instructions (avg):       2639834
Instructions per cycle:   4.3522
Instructions per byte:    3.7745
Throughput:              4.94 GB/s
-----------------------Custom ctx->lengths mode: 16---------------------------

 ***** Benchmarking EVP_EncodeUpdate *****:
Benchmark ran 50000 iterations (40000 used after warmup)
Total elapsed (wall):     18.272485 s
CPU cycles (avg):         2017686
Instructions (avg):       11281681
Instructions per cycle:   5.5914
Instructions per byte:    16.1310
Throughput:              1.53 GB/s
-----------------------Custom ctx->lengths mode: 17---------------------------

 ***** Benchmarking EVP_EncodeUpdate *****:
Benchmark ran 50000 iterations (40000 used after warmup)
Total elapsed (wall):     17.856304 s
CPU cycles (avg):         1978734
Instructions (avg):       10989268
Instructions per cycle:   5.5537
Instructions per byte:    15.7128
Throughput:              1.57 GB/s
-----------------------Custom ctx->lengths mode: 18---------------------------

 ***** Benchmarking EVP_EncodeUpdate *****:
Benchmark ran 50000 iterations (40000 used after warmup)
Total elapsed (wall):     5.149345 s
CPU cycles (avg):         545928
Instructions (avg):       2422337
Instructions per cycle:   4.4371
Instructions per byte:    3.4635
Throughput:              5.43 GB/s
-----------------------Custom ctx->lengths mode: 19---------------------------

 ***** Benchmarking EVP_EncodeUpdate *****:
Benchmark ran 50000 iterations (40000 used after warmup)
Total elapsed (wall):     18.607558 s
CPU cycles (avg):         2036171
Instructions (avg):       11158124
Instructions per cycle:   5.4800
Instructions per byte:    15.9543
Throughput:              1.50 GB/s
-----------------------Custom ctx->lengths mode: 20---------------------------

 ***** Benchmarking EVP_EncodeUpdate *****:
Benchmark ran 50000 iterations (40000 used after warmup)
Total elapsed (wall):     18.678930 s
CPU cycles (avg):         2023109
Instructions (avg):       10915102
Instructions per cycle:   5.3952
Instructions per byte:    15.6068
Throughput:              1.50 GB/s
-----------------------Custom ctx->lengths mode: 21---------------------------

 ***** Benchmarking EVP_EncodeUpdate *****:
Benchmark ran 50000 iterations (40000 used after warmup)
Total elapsed (wall):     5.288319 s
CPU cycles (avg):         557127
Instructions (avg):       2367919
Instructions per cycle:   4.2502
Instructions per byte:    3.3857
Throughput:              5.29 GB/s
-----------------------Custom ctx->lengths mode: 22---------------------------

 ***** Benchmarking EVP_EncodeUpdate *****:
Benchmark ran 50000 iterations (40000 used after warmup)
Total elapsed (wall):     18.079126 s
CPU cycles (avg):         1991324
Instructions (avg):       11067844
Instructions per cycle:   5.5580
Instructions per byte:    15.8252
Throughput:              1.55 GB/s
-----------------------Custom ctx->lengths mode: 23---------------------------

 ***** Benchmarking EVP_EncodeUpdate *****:
Benchmark ran 50000 iterations (40000 used after warmup)
Total elapsed (wall):     17.745206 s
CPU cycles (avg):         1960521
Instructions (avg):       10860360
Instructions per cycle:   5.5395
Instructions per byte:    15.5285
Throughput:              1.58 GB/s
-----------------------Custom ctx->lengths mode: 24---------------------------

 ***** Benchmarking EVP_EncodeUpdate *****:
Benchmark ran 50000 iterations (40000 used after warmup)
Total elapsed (wall):     2.425510 s
CPU cycles (avg):         241842
Instructions (avg):       892224
Instructions per cycle:   3.6893
Instructions per byte:    1.2757
Throughput:              11.53 GB/s
-----------------------Custom ctx->lengths mode: 25---------------------------

 ***** Benchmarking EVP_EncodeUpdate *****:
Benchmark ran 50000 iterations (40000 used after warmup)
Total elapsed (wall):     18.044095 s
CPU cycles (avg):         1979739
Instructions (avg):       10999072
Instructions per cycle:   5.5558
Instructions per byte:    15.7269
Throughput:              1.55 GB/s
-----------------------Custom ctx->lengths mode: 26---------------------------

 ***** Benchmarking EVP_EncodeUpdate *****:
Benchmark ran 50000 iterations (40000 used after warmup)
Total elapsed (wall):     17.709818 s
CPU cycles (avg):         1954297
Instructions (avg):       10818253
Instructions per cycle:   5.5356
Instructions per byte:    15.4683
Throughput:              1.58 GB/s
-----------------------Custom ctx->lengths mode: 27---------------------------

 ***** Benchmarking EVP_EncodeUpdate *****:
Benchmark ran 50000 iterations (40000 used after warmup)
Total elapsed (wall):     3.068547 s
CPU cycles (avg):         319035
Instructions (avg):       1433959
Instructions per cycle:   4.4947
Instructions per byte:    2.0503
Throughput:              9.12 GB/s
-----------------------Custom ctx->lengths mode: 28---------------------------

 ***** Benchmarking EVP_EncodeUpdate *****:
Benchmark ran 50000 iterations (40000 used after warmup)
Total elapsed (wall):     17.942171 s
CPU cycles (avg):         1982937
Instructions (avg):       10945029
Instructions per cycle:   5.5196
Instructions per byte:    15.6496
Throughput:              1.56 GB/s
-----------------------Custom ctx->lengths mode: 29---------------------------

 ***** Benchmarking EVP_EncodeUpdate *****:
Benchmark ran 50000 iterations (40000 used after warmup)
Total elapsed (wall):     17.727636 s
CPU cycles (avg):         1954913
Instructions (avg):       10785082
Instructions per cycle:   5.5169
Instructions per byte:    15.4209
Throughput:              1.58 GB/s
-----------------------Custom ctx->lengths mode: 30---------------------------

 ***** Benchmarking EVP_EncodeUpdate *****:
Benchmark ran 50000 iterations (40000 used after warmup)
Total elapsed (wall):     2.902426 s
CPU cycles (avg):         297463
Instructions (avg):       1323860
Instructions per cycle:   4.4505
Instructions per byte:    1.8929
Throughput:              9.64 GB/s
-----------------------Custom ctx->lengths mode: 31---------------------------

 ***** Benchmarking EVP_EncodeUpdate *****:
Benchmark ran 50000 iterations (40000 used after warmup)
Total elapsed (wall):     18.517750 s
CPU cycles (avg):         1995381
Instructions (avg):       10901710
Instructions per cycle:   5.4635
Instructions per byte:    15.5877
Throughput:              1.51 GB/s
-----------------------Custom ctx->lengths mode: 32---------------------------

 ***** Benchmarking EVP_EncodeUpdate *****:
Benchmark ran 50000 iterations (40000 used after warmup)
Total elapsed (wall):     18.087127 s
CPU cycles (avg):         1967174
Instructions (avg):       10757150
Instructions per cycle:   5.4683
Instructions per byte:    15.3810
Throughput:              1.55 GB/s
-----------------------Custom ctx->lengths mode: 33---------------------------

 ***** Benchmarking EVP_EncodeUpdate *****:
Benchmark ran 50000 iterations (40000 used after warmup)
Total elapsed (wall):     2.874945 s
CPU cycles (avg):         295541
Instructions (avg):       1349913
Instructions per cycle:   4.5676
Instructions per byte:    1.9302
Throughput:              9.73 GB/s
-----------------------Custom ctx->lengths mode: 34---------------------------

 ***** Benchmarking EVP_EncodeUpdate *****:
Benchmark ran 50000 iterations (40000 used after warmup)
Total elapsed (wall):     17.791510 s
CPU cycles (avg):         1955185
Instructions (avg):       10865782
Instructions per cycle:   5.5574
Instructions per byte:    15.5363
Throughput:              1.57 GB/s
-----------------------Custom ctx->lengths mode: 35---------------------------

 ***** Benchmarking EVP_EncodeUpdate *****:
Benchmark ran 50000 iterations (40000 used after warmup)
Total elapsed (wall):     17.559060 s
CPU cycles (avg):         1938510
Instructions (avg):       10735366
Instructions per cycle:   5.5379
Instructions per byte:    15.3498
Throughput:              1.59 GB/s
-----------------------Custom ctx->lengths mode: 36---------------------------

 ***** Benchmarking EVP_EncodeUpdate *****:
Benchmark ran 50000 iterations (40000 used after warmup)
Total elapsed (wall):     2.526363 s
CPU cycles (avg):         257220
Instructions (avg):       1162003
Instructions per cycle:   4.5175
Instructions per byte:    1.6615
Throughput:              11.07 GB/s
-----------------------Custom ctx->lengths mode: 37---------------------------

 ***** Benchmarking EVP_EncodeUpdate *****:
Benchmark ran 50000 iterations (40000 used after warmup)
Total elapsed (wall):     17.998947 s
CPU cycles (avg):         1975309
Instructions (avg):       10835847
Instructions per cycle:   5.4856
Instructions per byte:    15.4935
Throughput:              1.55 GB/s
-----------------------Custom ctx->lengths mode: 38---------------------------

 ***** Benchmarking EVP_EncodeUpdate *****:
Benchmark ran 50000 iterations (40000 used after warmup)
Total elapsed (wall):     17.400410 s
CPU cycles (avg):         1928176
Instructions (avg):       10716427
Instructions per cycle:   5.5578
Instructions per byte:    15.3227
Throughput:              1.61 GB/s
-----------------------Custom ctx->lengths mode: 39---------------------------

 ***** Benchmarking EVP_EncodeUpdate *****:
Benchmark ran 50000 iterations (40000 used after warmup)
Total elapsed (wall):     2.723332 s
CPU cycles (avg):         279696
Instructions (avg):       1289593
Instructions per cycle:   4.6107
Instructions per byte:    1.8439
Throughput:              10.27 GB/s
-----------------------Custom ctx->lengths mode: 40---------------------------

 ***** Benchmarking EVP_EncodeUpdate *****:
Benchmark ran 50000 iterations (40000 used after warmup)
Total elapsed (wall):     17.477397 s
CPU cycles (avg):         1937519
Instructions (avg):       10810155
Instructions per cycle:   5.5794
Instructions per byte:    15.4567
Throughput:              1.60 GB/s
-----------------------Custom ctx->lengths mode: 41---------------------------

 ***** Benchmarking EVP_EncodeUpdate *****:
Benchmark ran 50000 iterations (40000 used after warmup)
Total elapsed (wall):     17.368091 s
CPU cycles (avg):         1926648
Instructions (avg):       10700360
Instructions per cycle:   5.5539
Instructions per byte:    15.2998
Throughput:              1.61 GB/s
-----------------------Custom ctx->lengths mode: 42---------------------------

 ***** Benchmarking EVP_EncodeUpdate *****:
Benchmark ran 50000 iterations (40000 used after warmup)
Total elapsed (wall):     2.640115 s
CPU cycles (avg):         270606
Instructions (avg):       1222232
Instructions per cycle:   4.5166
Instructions per byte:    1.7476
Throughput:              10.60 GB/s
-----------------------Custom ctx->lengths mode: 43---------------------------

 ***** Benchmarking EVP_EncodeUpdate *****:
Benchmark ran 50000 iterations (40000 used after warmup)
Total elapsed (wall):     17.686364 s
CPU cycles (avg):         1948521
Instructions (avg):       10788406
Instructions per cycle:   5.5367
Instructions per byte:    15.4256
Throughput:              1.58 GB/s
-----------------------Custom ctx->lengths mode: 44---------------------------

 ***** Benchmarking EVP_EncodeUpdate *****:
Benchmark ran 50000 iterations (40000 used after warmup)
Total elapsed (wall):     17.569252 s
CPU cycles (avg):         1938512
Instructions (avg):       10686389
Instructions per cycle:   5.5127
Instructions per byte:    15.2798
Throughput:              1.59 GB/s
-----------------------Custom ctx->lengths mode: 45---------------------------

 ***** Benchmarking EVP_EncodeUpdate *****:
Benchmark ran 50000 iterations (40000 used after warmup)
Total elapsed (wall):     2.653734 s
CPU cycles (avg):         271901
Instructions (avg):       1246462
Instructions per cycle:   4.5842
Instructions per byte:    1.7822
Throughput:              10.54 GB/s
-----------------------Custom ctx->lengths mode: 46---------------------------

 ***** Benchmarking EVP_EncodeUpdate *****:
Benchmark ran 50000 iterations (40000 used after warmup)
Total elapsed (wall):     17.458492 s
CPU cycles (avg):         1934353
Instructions (avg):       10769089
Instructions per cycle:   5.5673
Instructions per byte:    15.3980
Throughput:              1.60 GB/s
-----------------------Custom ctx->lengths mode: 47---------------------------

 ***** Benchmarking EVP_EncodeUpdate *****:
Benchmark ran 50000 iterations (40000 used after warmup)
Total elapsed (wall):     17.390352 s
CPU cycles (avg):         1923616
Instructions (avg):       10674125
Instructions per cycle:   5.5490
Instructions per byte:    15.2622
Throughput:              1.61 GB/s
-----------------------Custom ctx->lengths mode: 48---------------------------

 ***** Benchmarking EVP_EncodeUpdate *****:
Benchmark ran 50000 iterations (40000 used after warmup)
Total elapsed (wall):     1.781314 s
CPU cycles (avg):         170802
Instructions (avg):       718785
Instructions per cycle:   4.2083
Instructions per byte:    1.0277
Throughput:              15.70 GB/s
-----------------------Custom ctx->lengths mode: 49---------------------------

 ***** Benchmarking EVP_EncodeUpdate *****:
Benchmark ran 50000 iterations (40000 used after warmup)
Total elapsed (wall):     17.507623 s
CPU cycles (avg):         1934935
Instructions (avg):       10752486
Instructions per cycle:   5.5570
Instructions per byte:    15.3743
Throughput:              1.60 GB/s
-----------------------Custom ctx->lengths mode: 50---------------------------

 ***** Benchmarking EVP_EncodeUpdate *****:
Benchmark ran 50000 iterations (40000 used after warmup)
Total elapsed (wall):     17.334279 s
CPU cycles (avg):         1922579
Instructions (avg):       10663434
Instructions per cycle:   5.5464
Instructions per byte:    15.2470
Throughput:              1.61 GB/s
-----------------------Custom ctx->lengths mode: 51---------------------------

 ***** Benchmarking EVP_EncodeUpdate *****:
Benchmark ran 50000 iterations (40000 used after warmup)
Total elapsed (wall):     2.472104 s
CPU cycles (avg):         251794
Instructions (avg):       1213349
Instructions per cycle:   4.8188
Instructions per byte:    1.7349
Throughput:              11.32 GB/s
-----------------------Custom ctx->lengths mode: 52---------------------------

 ***** Benchmarking EVP_EncodeUpdate *****:
Benchmark ran 50000 iterations (40000 used after warmup)
Total elapsed (wall):     17.889092 s
CPU cycles (avg):         1961667
Instructions (avg):       10737515
Instructions per cycle:   5.4737
Instructions per byte:    15.3529
Throughput:              1.56 GB/s
-----------------------Custom ctx->lengths mode: 53---------------------------

 ***** Benchmarking EVP_EncodeUpdate *****:
Benchmark ran 50000 iterations (40000 used after warmup)
Total elapsed (wall):     18.134091 s
CPU cycles (avg):         1967213
Instructions (avg):       10654009
Instructions per cycle:   5.4158
Instructions per byte:    15.2335
Throughput:              1.54 GB/s
-----------------------Custom ctx->lengths mode: 54---------------------------

 ***** Benchmarking EVP_EncodeUpdate *****:
Benchmark ran 50000 iterations (40000 used after warmup)
Total elapsed (wall):     2.519723 s
CPU cycles (avg):         253654
Instructions (avg):       1166503
Instructions per cycle:   4.5988
Instructions per byte:    1.6679
Throughput:              11.10 GB/s
-----------------------Custom ctx->lengths mode: 55---------------------------

 ***** Benchmarking EVP_EncodeUpdate *****:
Benchmark ran 50000 iterations (40000 used after warmup)
Total elapsed (wall):     17.510793 s
CPU cycles (avg):         1932063
Instructions (avg):       10724542
Instructions per cycle:   5.5508
Instructions per byte:    15.3343
Throughput:              1.60 GB/s
-----------------------Custom ctx->lengths mode: 56---------------------------

 ***** Benchmarking EVP_EncodeUpdate *****:
Benchmark ran 50000 iterations (40000 used after warmup)
Total elapsed (wall):     17.378632 s
CPU cycles (avg):         1925225
Instructions (avg):       10645347
Instructions per cycle:   5.5294
Instructions per byte:    15.2211
Throughput:              1.61 GB/s
-----------------------Custom ctx->lengths mode: 57---------------------------

 ***** Benchmarking EVP_EncodeUpdate *****:
Benchmark ran 50000 iterations (40000 used after warmup)
Total elapsed (wall):     2.484678 s
CPU cycles (avg):         251117
Instructions (avg):       1187187
Instructions per cycle:   4.7276
Instructions per byte:    1.6975
Throughput:              11.26 GB/s
-----------------------Custom ctx->lengths mode: 58---------------------------

 ***** Benchmarking EVP_EncodeUpdate *****:
Benchmark ran 50000 iterations (40000 used after warmup)
Total elapsed (wall):     17.483479 s
CPU cycles (avg):         1930117
Instructions (avg):       10712667
Instructions per cycle:   5.5503
Instructions per byte:    15.3174
Throughput:              1.60 GB/s
-----------------------Custom ctx->lengths mode: 59---------------------------

 ***** Benchmarking EVP_EncodeUpdate *****:
Benchmark ran 50000 iterations (40000 used after warmup)
Total elapsed (wall):     17.291759 s
CPU cycles (avg):         1917012
Instructions (avg):       10637908
Instructions per cycle:   5.5492
Instructions per byte:    15.2105
Throughput:              1.62 GB/s
-----------------------Custom ctx->lengths mode: 60---------------------------

 ***** Benchmarking EVP_EncodeUpdate *****:
Benchmark ran 50000 iterations (40000 used after warmup)
Total elapsed (wall):     2.261032 s
CPU cycles (avg):         227690
Instructions (avg):       1083282
Instructions per cycle:   4.7577
Instructions per byte:    1.5489
Throughput:              12.37 GB/s
-----------------------Custom ctx->lengths mode: 61---------------------------

 ***** Benchmarking EVP_EncodeUpdate *****:
Benchmark ran 50000 iterations (40000 used after warmup)
Total elapsed (wall):     17.356906 s
CPU cycles (avg):         1923791
Instructions (avg):       10702053
Instructions per cycle:   5.5630
Instructions per byte:    15.3022
Throughput:              1.61 GB/s
-----------------------Custom ctx->lengths mode: 62---------------------------

 ***** Benchmarking EVP_EncodeUpdate *****:
Benchmark ran 50000 iterations (40000 used after warmup)
Total elapsed (wall):     17.319472 s
CPU cycles (avg):         1920596
Instructions (avg):       10631025
Instructions per cycle:   5.5353
Instructions per byte:    15.2006
Throughput:              1.62 GB/s
-----------------------Custom ctx->lengths mode: 63---------------------------

 ***** Benchmarking EVP_EncodeUpdate *****:
Benchmark ran 50000 iterations (40000 used after warmup)
Total elapsed (wall):     2.440883 s
CPU cycles (avg):         245464
Instructions (avg):       1166060
Instructions per cycle:   4.7504
Instructions per byte:    1.6673
Throughput:              11.46 GB/s
-----------------------Custom ctx->lengths mode: 64---------------------------

 ***** Benchmarking EVP_EncodeUpdate *****:
Benchmark ran 50000 iterations (40000 used after warmup)
Total elapsed (wall):     17.381300 s
CPU cycles (avg):         1925499
Instructions (avg):       10691663
Instructions per cycle:   5.5527
Instructions per byte:    15.2873
Throughput:              1.61 GB/s
-----------------------Custom ctx->lengths mode: 65---------------------------

 ***** Benchmarking EVP_EncodeUpdate *****:
Benchmark ran 50000 iterations (40000 used after warmup)
Total elapsed (wall):     17.384802 s
CPU cycles (avg):         1922669
Instructions (avg):       10624642
Instructions per cycle:   5.5260
Instructions per byte:    15.1915
Throughput:              1.61 GB/s
-----------------------Custom ctx->lengths mode: 66---------------------------

 ***** Benchmarking EVP_EncodeUpdate *****:
Benchmark ran 50000 iterations (40000 used after warmup)
Total elapsed (wall):     2.401277 s
CPU cycles (avg):         243365
Instructions (avg):       1130116
Instructions per cycle:   4.6437
Instructions per byte:    1.6159
Throughput:              11.65 GB/s
-----------------------Custom ctx->lengths mode: 67---------------------------

 ***** Benchmarking EVP_EncodeUpdate *****:
Benchmark ran 50000 iterations (40000 used after warmup)
Total elapsed (wall):     17.363012 s
CPU cycles (avg):         1923080
Instructions (avg):       10683440
Instructions per cycle:   5.5554
Instructions per byte:    15.2756
Throughput:              1.61 GB/s
-----------------------Custom ctx->lengths mode: 68---------------------------

 ***** Benchmarking EVP_EncodeUpdate *****:
Benchmark ran 50000 iterations (40000 used after warmup)
Total elapsed (wall):     17.274491 s
CPU cycles (avg):         1915543
Instructions (avg):       10618965
Instructions per cycle:   5.5436
Instructions per byte:    15.1834
Throughput:              1.62 GB/s
-----------------------Custom ctx->lengths mode: 69---------------------------

 ***** Benchmarking EVP_EncodeUpdate *****:
Benchmark ran 50000 iterations (40000 used after warmup)
Total elapsed (wall):     2.378558 s
CPU cycles (avg):         239446
Instructions (avg):       1149734
Instructions per cycle:   4.8016
Instructions per byte:    1.6439
Throughput:              11.76 GB/s
-----------------------Custom ctx->lengths mode: 70---------------------------

 ***** Benchmarking EVP_EncodeUpdate *****:
Benchmark ran 50000 iterations (40000 used after warmup)
Total elapsed (wall):     17.319516 s
CPU cycles (avg):         1921852
Instructions (avg):       10675367
Instructions per cycle:   5.5547
Instructions per byte:    15.2640
Throughput:              1.62 GB/s
-----------------------Custom ctx->lengths mode: 71---------------------------

 ***** Benchmarking EVP_EncodeUpdate *****:
Benchmark ran 50000 iterations (40000 used after warmup)
Total elapsed (wall):     17.242883 s
CPU cycles (avg):         1912072
Instructions (avg):       10613851
Instructions per cycle:   5.5510
Instructions per byte:    15.1761
Throughput:              1.62 GB/s
-----------------------Custom ctx->lengths mode: 72---------------------------

 ***** Benchmarking EVP_EncodeUpdate *****:
Benchmark ran 50000 iterations (40000 used after warmup)
Total elapsed (wall):     1.956908 s
CPU cycles (avg):         193444
Instructions (avg):       965363
Instructions per cycle:   4.9904
Instructions per byte:    1.3803
Throughput:              14.30 GB/s
-----------------------Custom ctx->lengths mode: 73---------------------------

 ***** Benchmarking EVP_EncodeUpdate *****:
Benchmark ran 50000 iterations (40000 used after warmup)
Total elapsed (wall):     17.240868 s
CPU cycles (avg):         1914722
Instructions (avg):       10668061
Instructions per cycle:   5.5716
Instructions per byte:    15.2536
Throughput:              1.62 GB/s
-----------------------Custom ctx->lengths mode: 74---------------------------

 ***** Benchmarking EVP_EncodeUpdate *****:
Benchmark ran 50000 iterations (40000 used after warmup)
Total elapsed (wall):     17.289720 s
CPU cycles (avg):         1913122
Instructions (avg):       10609076
Instructions per cycle:   5.5454
Instructions per byte:    15.1692
Throughput:              1.62 GB/s
-----------------------Custom ctx->lengths mode: 75---------------------------

 ***** Benchmarking EVP_EncodeUpdate *****:
Benchmark ran 50000 iterations (40000 used after warmup)
Total elapsed (wall):     2.311782 s
CPU cycles (avg):         233573
Instructions (avg):       1135173
Instructions per cycle:   4.8600
Instructions per byte:    1.6231
Throughput:              12.10 GB/s
-----------------------Custom ctx->lengths mode: 76---------------------------

 ***** Benchmarking EVP_EncodeUpdate *****:
Benchmark ran 50000 iterations (40000 used after warmup)
Total elapsed (wall):     17.371374 s
CPU cycles (avg):         1919224
Instructions (avg):       10661192
Instructions per cycle:   5.5549
Instructions per byte:    15.2438
Throughput:              1.61 GB/s
-----------------------Custom ctx->lengths mode: 77---------------------------

 ***** Benchmarking EVP_EncodeUpdate *****:
Benchmark ran 50000 iterations (40000 used after warmup)
Total elapsed (wall):     17.214512 s
CPU cycles (avg):         1911801
Instructions (avg):       10604659
Instructions per cycle:   5.5469
Instructions per byte:    15.1629
Throughput:              1.63 GB/s
-----------------------Custom ctx->lengths mode: 78---------------------------

 ***** Benchmarking EVP_EncodeUpdate *****:
Benchmark ran 50000 iterations (40000 used after warmup)
Total elapsed (wall):     2.357419 s
CPU cycles (avg):         238598
Instructions (avg):       1103606
Instructions per cycle:   4.6254
Instructions per byte:    1.5780
Throughput:              11.87 GB/s
-----------------------Custom ctx->lengths mode: 79---------------------------

 ***** Benchmarking EVP_EncodeUpdate *****:
Benchmark ran 50000 iterations (40000 used after warmup)
Total elapsed (wall):     17.974316 s
CPU cycles (avg):         1964243
Instructions (avg):       10654988
Instructions per cycle:   5.4245
Instructions per byte:    15.2349
Throughput:              1.56 GB/s
-----------------------Custom ctx->lengths mode: 80---------------------------

 ***** Benchmarking EVP_EncodeUpdate *****:
Benchmark ran 50000 iterations (40000 used after warmup)
Total elapsed (wall):     18.225235 s
CPU cycles (avg):         1976671
Instructions (avg):       10600480
Instructions per cycle:   5.3628
Instructions per byte:    15.1569
Throughput:              1.53 GB/s

======================= Alphabet: SRP =======================
-----------------------DISABLE NEWLINES/NO_NL mode---------------------------

 ***** Benchmarking EVP_EncodeUpdate *****:
Benchmark ran 50000 iterations (40000 used after warmup)
Total elapsed (wall):     2.800043 s
CPU cycles (avg):         284531
Instructions (avg):       1177161
Instructions per cycle:   4.1372
Instructions per byte:    1.6831
Throughput:              9.99 GB/s
-----------------------PEM mode---------------------------

 ***** Benchmarking EVP_EncodeUpdate *****:
Benchmark ran 50000 iterations (40000 used after warmup)
Total elapsed (wall):     2.859742 s
CPU cycles (avg):         284052
Instructions (avg):       1177095
Instructions per cycle:   4.1439
Instructions per byte:    1.6831
Throughput:              9.78 GB/s
-----------------------Custom ctx->lengths mode: 1---------------------------

 ***** Benchmarking EVP_EncodeUpdate *****:
Benchmark ran 50000 iterations (40000 used after warmup)
Total elapsed (wall):     18.403404 s
CPU cycles (avg):         2009754
Instructions (avg):       9795146
Instructions per cycle:   4.8738
Instructions per byte:    14.0055
Throughput:              1.52 GB/s
-----------------------Custom ctx->lengths mode: 2---------------------------

 ***** Benchmarking EVP_EncodeUpdate *****:
Benchmark ran 50000 iterations (40000 used after warmup)
Total elapsed (wall):     29.675368 s
CPU cycles (avg):         3263157
Instructions (avg):       17838156
Instructions per cycle:   5.4665
Instructions per byte:    25.5056
Throughput:              0.94 GB/s
-----------------------Custom ctx->lengths mode: 3---------------------------

 ***** Benchmarking EVP_EncodeUpdate *****:
Benchmark ran 50000 iterations (40000 used after warmup)
Total elapsed (wall):     3.964826 s
CPU cycles (avg):         415587
Instructions (avg):       1651452
Instructions per cycle:   3.9738
Instructions per byte:    2.3613
Throughput:              7.06 GB/s
-----------------------Custom ctx->lengths mode: 4---------------------------

 ***** Benchmarking EVP_EncodeUpdate *****:
Benchmark ran 50000 iterations (40000 used after warmup)
Total elapsed (wall):     21.590311 s
CPU cycles (avg):         2383326
Instructions (avg):       13641953
Instructions per cycle:   5.7239
Instructions per byte:    19.5058
Throughput:              1.30 GB/s
-----------------------Custom ctx->lengths mode: 5---------------------------

 ***** Benchmarking EVP_EncodeUpdate *****:
Benchmark ran 50000 iterations (40000 used after warmup)
Total elapsed (wall):     19.682490 s
CPU cycles (avg):         2188410
Instructions (avg):       12174053
Instructions per cycle:   5.5630
Instructions per byte:    17.4069
Throughput:              1.42 GB/s
-----------------------Custom ctx->lengths mode: 6---------------------------

 ***** Benchmarking EVP_EncodeUpdate *****:
Benchmark ran 50000 iterations (40000 used after warmup)
Total elapsed (wall):     4.031358 s
CPU cycles (avg):         432141
Instructions (avg):       1365575
Instructions per cycle:   3.1600
Instructions per byte:    1.9525
Throughput:              6.94 GB/s
-----------------------Custom ctx->lengths mode: 7---------------------------

 ***** Benchmarking EVP_EncodeUpdate *****:
Benchmark ran 50000 iterations (40000 used after warmup)
Total elapsed (wall):     19.833418 s
CPU cycles (avg):         2201969
Instructions (avg):       12293896
Instructions per cycle:   5.5831
Instructions per byte:    17.5783
Throughput:              1.41 GB/s
-----------------------Custom ctx->lengths mode: 8---------------------------

 ***** Benchmarking EVP_EncodeUpdate *****:
Benchmark ran 50000 iterations (40000 used after warmup)
Total elapsed (wall):     19.145228 s
CPU cycles (avg):         2112131
Instructions (avg):       11543815
Instructions per cycle:   5.4655
Instructions per byte:    16.5058
Throughput:              1.46 GB/s
-----------------------Custom ctx->lengths mode: 9---------------------------

 ***** Benchmarking EVP_EncodeUpdate *****:
Benchmark ran 50000 iterations (40000 used after warmup)
Total elapsed (wall):     6.177764 s
CPU cycles (avg):         665799
Instructions (avg):       2786924
Instructions per cycle:   4.1858
Instructions per byte:    3.9848
Throughput:              4.53 GB/s
-----------------------Custom ctx->lengths mode: 10---------------------------

 ***** Benchmarking EVP_EncodeUpdate *****:
Benchmark ran 50000 iterations (40000 used after warmup)
Total elapsed (wall):     19.054762 s
CPU cycles (avg):         2102778
Instructions (avg):       11754374
Instructions per cycle:   5.5899
Instructions per byte:    16.8068
Throughput:              1.47 GB/s
-----------------------Custom ctx->lengths mode: 11---------------------------

 ***** Benchmarking EVP_EncodeUpdate *****:
Benchmark ran 50000 iterations (40000 used after warmup)
Total elapsed (wall):     18.507984 s
CPU cycles (avg):         2046247
Instructions (avg):       11258678
Instructions per cycle:   5.5021
Instructions per byte:    16.0981
Throughput:              1.51 GB/s
-----------------------Custom ctx->lengths mode: 12---------------------------

 ***** Benchmarking EVP_EncodeUpdate *****:
Benchmark ran 50000 iterations (40000 used after warmup)
Total elapsed (wall):     6.264414 s
CPU cycles (avg):         674394
Instructions (avg):       2972456
Instructions per cycle:   4.4076
Instructions per byte:    4.2501
Throughput:              4.47 GB/s
-----------------------Custom ctx->lengths mode: 13---------------------------

 ***** Benchmarking EVP_EncodeUpdate *****:
Benchmark ran 50000 iterations (40000 used after warmup)
Total elapsed (wall):     18.773822 s
CPU cycles (avg):         2060926
Instructions (avg):       11463835
Instructions per cycle:   5.5625
Instructions per byte:    16.3914
Throughput:              1.49 GB/s
-----------------------Custom ctx->lengths mode: 14---------------------------

 ***** Benchmarking EVP_EncodeUpdate *****:
Benchmark ran 50000 iterations (40000 used after warmup)
Total elapsed (wall):     18.195198 s
CPU cycles (avg):         2008144
Instructions (avg):       11094969
Instructions per cycle:   5.5250
Instructions per byte:    15.8640
Throughput:              1.54 GB/s
-----------------------Custom ctx->lengths mode: 15---------------------------

 ***** Benchmarking EVP_EncodeUpdate *****:
Benchmark ran 50000 iterations (40000 used after warmup)
Total elapsed (wall):     6.230272 s
CPU cycles (avg):         670139
Instructions (avg):       3083701
Instructions per cycle:   4.6016
Instructions per byte:    4.4092
Throughput:              4.49 GB/s
-----------------------Custom ctx->lengths mode: 16---------------------------

 ***** Benchmarking EVP_EncodeUpdate *****:
Benchmark ran 50000 iterations (40000 used after warmup)
Total elapsed (wall):     18.382389 s
CPU cycles (avg):         2025434
Instructions (avg):       11281722
Instructions per cycle:   5.5700
Instructions per byte:    16.1310
Throughput:              1.52 GB/s
-----------------------Custom ctx->lengths mode: 17---------------------------

 ***** Benchmarking EVP_EncodeUpdate *****:
Benchmark ran 50000 iterations (40000 used after warmup)
Total elapsed (wall):     17.997647 s
CPU cycles (avg):         1986818
Instructions (avg):       10989302
Instructions per cycle:   5.5311
Instructions per byte:    15.7129
Throughput:              1.55 GB/s
-----------------------Custom ctx->lengths mode: 18---------------------------

 ***** Benchmarking EVP_EncodeUpdate *****:
Benchmark ran 50000 iterations (40000 used after warmup)
Total elapsed (wall):     5.862062 s
CPU cycles (avg):         627271
Instructions (avg):       2866204
Instructions per cycle:   4.5693
Instructions per byte:    4.0982
Throughput:              4.77 GB/s
-----------------------Custom ctx->lengths mode: 19---------------------------

 ***** Benchmarking EVP_EncodeUpdate *****:
Benchmark ran 50000 iterations (40000 used after warmup)
Total elapsed (wall):     18.195582 s
CPU cycles (avg):         2004665
Instructions (avg):       11158158
Instructions per cycle:   5.5661
Instructions per byte:    15.9543
Throughput:              1.54 GB/s
-----------------------Custom ctx->lengths mode: 20---------------------------

 ***** Benchmarking EVP_EncodeUpdate *****:
Benchmark ran 50000 iterations (40000 used after warmup)
Total elapsed (wall):     17.939782 s
CPU cycles (avg):         1976454
Instructions (avg):       10915137
Instructions per cycle:   5.5226
Instructions per byte:    15.6069
Throughput:              1.56 GB/s
-----------------------Custom ctx->lengths mode: 21---------------------------

 ***** Benchmarking EVP_EncodeUpdate *****:
Benchmark ran 50000 iterations (40000 used after warmup)
Total elapsed (wall):     5.732907 s
CPU cycles (avg):         612393
Instructions (avg):       2811725
Instructions per cycle:   4.5914
Instructions per byte:    4.0203
Throughput:              4.88 GB/s
-----------------------Custom ctx->lengths mode: 22---------------------------

 ***** Benchmarking EVP_EncodeUpdate *****:
Benchmark ran 50000 iterations (40000 used after warmup)
Total elapsed (wall):     18.205047 s
CPU cycles (avg):         2000079
Instructions (avg):       11067877
Instructions per cycle:   5.5337
Instructions per byte:    15.8252
Throughput:              1.54 GB/s
-----------------------Custom ctx->lengths mode: 23---------------------------

 ***** Benchmarking EVP_EncodeUpdate *****:
Benchmark ran 50000 iterations (40000 used after warmup)
Total elapsed (wall):     17.862342 s
CPU cycles (avg):         1968708
Instructions (avg):       10860395
Instructions per cycle:   5.5165
Instructions per byte:    15.5286
Throughput:              1.57 GB/s
-----------------------Custom ctx->lengths mode: 24---------------------------

 ***** Benchmarking EVP_EncodeUpdate *****:
Benchmark ran 50000 iterations (40000 used after warmup)
Total elapsed (wall):     2.995423 s
CPU cycles (avg):         310477
Instructions (avg):       1350572
Instructions per cycle:   4.3500
Instructions per byte:    1.9311
Throughput:              9.34 GB/s
-----------------------Custom ctx->lengths mode: 25---------------------------

 ***** Benchmarking EVP_EncodeUpdate *****:
Benchmark ran 50000 iterations (40000 used after warmup)
Total elapsed (wall):     17.940002 s
CPU cycles (avg):         1979155
Instructions (avg):       10999106
Instructions per cycle:   5.5575
Instructions per byte:    15.7269
Throughput:              1.56 GB/s
-----------------------Custom ctx->lengths mode: 26---------------------------

 ***** Benchmarking EVP_EncodeUpdate *****:
Benchmark ran 50000 iterations (40000 used after warmup)
Total elapsed (wall):     17.772189 s
CPU cycles (avg):         1960753
Instructions (avg):       10818288
Instructions per cycle:   5.5174
Instructions per byte:    15.4684
Throughput:              1.57 GB/s
-----------------------Custom ctx->lengths mode: 27---------------------------

 ***** Benchmarking EVP_EncodeUpdate *****:
Benchmark ran 50000 iterations (40000 used after warmup)
Total elapsed (wall):     3.806584 s
CPU cycles (avg):         398763
Instructions (avg):       1874552
Instructions per cycle:   4.7009
Instructions per byte:    2.6803
Throughput:              7.35 GB/s
-----------------------Custom ctx->lengths mode: 28---------------------------

 ***** Benchmarking EVP_EncodeUpdate *****:
Benchmark ran 50000 iterations (40000 used after warmup)
Total elapsed (wall):     17.989364 s
CPU cycles (avg):         1974837
Instructions (avg):       10945064
Instructions per cycle:   5.5423
Instructions per byte:    15.6496
Throughput:              1.56 GB/s
-----------------------Custom ctx->lengths mode: 29---------------------------

 ***** Benchmarking EVP_EncodeUpdate *****:
Benchmark ran 50000 iterations (40000 used after warmup)
Total elapsed (wall):     17.723175 s
CPU cycles (avg):         1954876
Instructions (avg):       10785115
Instructions per cycle:   5.5170
Instructions per byte:    15.4209
Throughput:              1.58 GB/s
-----------------------Custom ctx->lengths mode: 30---------------------------

 ***** Benchmarking EVP_EncodeUpdate *****:
Benchmark ran 50000 iterations (40000 used after warmup)
Total elapsed (wall):     3.583309 s
CPU cycles (avg):         376198
Instructions (avg):       1767742
Instructions per cycle:   4.6990
Instructions per byte:    2.5276
Throughput:              7.81 GB/s
-----------------------Custom ctx->lengths mode: 31---------------------------

 ***** Benchmarking EVP_EncodeUpdate *****:
Benchmark ran 50000 iterations (40000 used after warmup)
Total elapsed (wall):     17.995361 s
CPU cycles (avg):         1974983
Instructions (avg):       10901743
Instructions per cycle:   5.5199
Instructions per byte:    15.5877
Throughput:              1.55 GB/s
-----------------------Custom ctx->lengths mode: 32---------------------------

 ***** Benchmarking EVP_EncodeUpdate *****:
Benchmark ran 50000 iterations (40000 used after warmup)
Total elapsed (wall):     17.612749 s
CPU cycles (avg):         1946122
Instructions (avg):       10757191
Instructions per cycle:   5.5275
Instructions per byte:    15.3810
Throughput:              1.59 GB/s
-----------------------Custom ctx->lengths mode: 33---------------------------

 ***** Benchmarking EVP_EncodeUpdate *****:
Benchmark ran 50000 iterations (40000 used after warmup)
Total elapsed (wall):     3.601607 s
CPU cycles (avg):         376596
Instructions (avg):       1792320
Instructions per cycle:   4.7593
Instructions per byte:    2.5627
Throughput:              7.77 GB/s
-----------------------Custom ctx->lengths mode: 34---------------------------

 ***** Benchmarking EVP_EncodeUpdate *****:
Benchmark ran 50000 iterations (40000 used after warmup)
Total elapsed (wall):     17.750452 s
CPU cycles (avg):         1957892
Instructions (avg):       10865816
Instructions per cycle:   5.5498
Instructions per byte:    15.5363
Throughput:              1.58 GB/s
-----------------------Custom ctx->lengths mode: 35---------------------------

 ***** Benchmarking EVP_EncodeUpdate *****:
Benchmark ran 50000 iterations (40000 used after warmup)
Total elapsed (wall):     17.655353 s
CPU cycles (avg):         1942778
Instructions (avg):       10735400
Instructions per cycle:   5.5258
Instructions per byte:    15.3499
Throughput:              1.58 GB/s
-----------------------Custom ctx->lengths mode: 36---------------------------

 ***** Benchmarking EVP_EncodeUpdate *****:
Benchmark ran 50000 iterations (40000 used after warmup)
Total elapsed (wall):     3.243366 s
CPU cycles (avg):         336688
Instructions (avg):       1610657
Instructions per cycle:   4.7838
Instructions per byte:    2.3030
Throughput:              8.63 GB/s
-----------------------Custom ctx->lengths mode: 37---------------------------

 ***** Benchmarking EVP_EncodeUpdate *****:
Benchmark ran 50000 iterations (40000 used after warmup)
Total elapsed (wall):     17.756497 s
CPU cycles (avg):         1953222
Instructions (avg):       10835880
Instructions per cycle:   5.5477
Instructions per byte:    15.4935
Throughput:              1.58 GB/s
-----------------------Custom ctx->lengths mode: 38---------------------------

 ***** Benchmarking EVP_EncodeUpdate *****:
Benchmark ran 50000 iterations (40000 used after warmup)
Total elapsed (wall):     17.643077 s
CPU cycles (avg):         1942675
Instructions (avg):       10716461
Instructions per cycle:   5.5163
Instructions per byte:    15.3228
Throughput:              1.59 GB/s
-----------------------Custom ctx->lengths mode: 39---------------------------

 ***** Benchmarking EVP_EncodeUpdate *****:
Benchmark ran 50000 iterations (40000 used after warmup)
Total elapsed (wall):     3.522520 s
CPU cycles (avg):         365340
Instructions (avg):       1733400
Instructions per cycle:   4.7446
Instructions per byte:    2.4785
Throughput:              7.94 GB/s
-----------------------Custom ctx->lengths mode: 40---------------------------

 ***** Benchmarking EVP_EncodeUpdate *****:
Benchmark ran 50000 iterations (40000 used after warmup)
Total elapsed (wall):     17.731329 s
CPU cycles (avg):         1950656
Instructions (avg):       10810190
Instructions per cycle:   5.5418
Instructions per byte:    15.4568
Throughput:              1.58 GB/s
-----------------------Custom ctx->lengths mode: 41---------------------------

 ***** Benchmarking EVP_EncodeUpdate *****:
Benchmark ran 50000 iterations (40000 used after warmup)
Total elapsed (wall):     17.566025 s
CPU cycles (avg):         1937897
Instructions (avg):       10700393
Instructions per cycle:   5.5217
Instructions per byte:    15.2998
Throughput:              1.59 GB/s
-----------------------Custom ctx->lengths mode: 42---------------------------

 ***** Benchmarking EVP_EncodeUpdate *****:
Benchmark ran 50000 iterations (40000 used after warmup)
Total elapsed (wall):     3.368522 s
CPU cycles (avg):         347395
Instructions (avg):       1668118
Instructions per cycle:   4.8018
Instructions per byte:    2.3851
Throughput:              8.30 GB/s
-----------------------Custom ctx->lengths mode: 43---------------------------

 ***** Benchmarking EVP_EncodeUpdate *****:
Benchmark ran 50000 iterations (40000 used after warmup)
Total elapsed (wall):     17.630493 s
CPU cycles (avg):         1945987
Instructions (avg):       10788439
Instructions per cycle:   5.5439
Instructions per byte:    15.4257
Throughput:              1.59 GB/s
-----------------------Custom ctx->lengths mode: 44---------------------------

 ***** Benchmarking EVP_EncodeUpdate *****:
Benchmark ran 50000 iterations (40000 used after warmup)
Total elapsed (wall):     17.560599 s
CPU cycles (avg):         1935156
Instructions (avg):       10686422
Instructions per cycle:   5.5223
Instructions per byte:    15.2798
Throughput:              1.59 GB/s
-----------------------Custom ctx->lengths mode: 45---------------------------

 ***** Benchmarking EVP_EncodeUpdate *****:
Benchmark ran 50000 iterations (40000 used after warmup)
Total elapsed (wall):     3.387588 s
CPU cycles (avg):         354431
Instructions (avg):       1691245
Instructions per cycle:   4.7717
Instructions per byte:    2.4182
Throughput:              8.26 GB/s
-----------------------Custom ctx->lengths mode: 46---------------------------

 ***** Benchmarking EVP_EncodeUpdate *****:
Benchmark ran 50000 iterations (40000 used after warmup)
Total elapsed (wall):     17.607387 s
CPU cycles (avg):         1941779
Instructions (avg):       10769124
Instructions per cycle:   5.5460
Instructions per byte:    15.3981
Throughput:              1.59 GB/s
-----------------------Custom ctx->lengths mode: 47---------------------------

 ***** Benchmarking EVP_EncodeUpdate *****:
Benchmark ran 50000 iterations (40000 used after warmup)
Total elapsed (wall):     17.462434 s
CPU cycles (avg):         1930992
Instructions (avg):       10674159
Instructions per cycle:   5.5278
Instructions per byte:    15.2623
Throughput:              1.60 GB/s
-----------------------Custom ctx->lengths mode: 48---------------------------

 ***** Benchmarking EVP_EncodeUpdate *****:
Benchmark ran 50000 iterations (40000 used after warmup)
Total elapsed (wall):     2.745896 s
CPU cycles (avg):         280889
Instructions (avg):       1177072
Instructions per cycle:   4.1905
Instructions per byte:    1.6830
Throughput:              10.19 GB/s
-----------------------Custom ctx->lengths mode: 49---------------------------

 ***** Benchmarking EVP_EncodeUpdate *****:
Benchmark ran 50000 iterations (40000 used after warmup)
Total elapsed (wall):     17.665159 s
CPU cycles (avg):         1946503
Instructions (avg):       10752519
Instructions per cycle:   5.5240
Instructions per byte:    15.3743
Throughput:              1.58 GB/s
-----------------------Custom ctx->lengths mode: 50---------------------------

 ***** Benchmarking EVP_EncodeUpdate *****:
Benchmark ran 50000 iterations (40000 used after warmup)
Total elapsed (wall):     17.470548 s
CPU cycles (avg):         1930166
Instructions (avg):       10663468
Instructions per cycle:   5.5246
Instructions per byte:    15.2470
Throughput:              1.60 GB/s
-----------------------Custom ctx->lengths mode: 51---------------------------

 ***** Benchmarking EVP_EncodeUpdate *****:
Benchmark ran 50000 iterations (40000 used after warmup)
Total elapsed (wall):     3.341461 s
CPU cycles (avg):         346847
Instructions (avg):       1658862
Instructions per cycle:   4.7827
Instructions per byte:    2.3719
Throughput:              8.37 GB/s
-----------------------Custom ctx->lengths mode: 52---------------------------

 ***** Benchmarking EVP_EncodeUpdate *****:
Benchmark ran 50000 iterations (40000 used after warmup)
Total elapsed (wall):     17.522851 s
CPU cycles (avg):         1936863
Instructions (avg):       10737550
Instructions per cycle:   5.5438
Instructions per byte:    15.3529
Throughput:              1.60 GB/s
-----------------------Custom ctx->lengths mode: 53---------------------------

 ***** Benchmarking EVP_EncodeUpdate *****:
Benchmark ran 50000 iterations (40000 used after warmup)
Total elapsed (wall):     17.488022 s
CPU cycles (avg):         1929841
Instructions (avg):       10654042
Instructions per cycle:   5.5207
Instructions per byte:    15.2335
Throughput:              1.60 GB/s
-----------------------Custom ctx->lengths mode: 54---------------------------

 ***** Benchmarking EVP_EncodeUpdate *****:
Benchmark ran 50000 iterations (40000 used after warmup)
Total elapsed (wall):     3.242017 s
CPU cycles (avg):         337647
Instructions (avg):       1613484
Instructions per cycle:   4.7786
Instructions per byte:    2.3070
Throughput:              8.63 GB/s
-----------------------Custom ctx->lengths mode: 55---------------------------

 ***** Benchmarking EVP_EncodeUpdate *****:
Benchmark ran 50000 iterations (40000 used after warmup)
Total elapsed (wall):     17.525474 s
CPU cycles (avg):         1935614
Instructions (avg):       10724575
Instructions per cycle:   5.5407
Instructions per byte:    15.3344
Throughput:              1.60 GB/s
-----------------------Custom ctx->lengths mode: 56---------------------------

 ***** Benchmarking EVP_EncodeUpdate *****:
Benchmark ran 50000 iterations (40000 used after warmup)
Total elapsed (wall):     17.546188 s
CPU cycles (avg):         1929725
Instructions (avg):       10645382
Instructions per cycle:   5.5165
Instructions per byte:    15.2211
Throughput:              1.59 GB/s
-----------------------Custom ctx->lengths mode: 57---------------------------

 ***** Benchmarking EVP_EncodeUpdate *****:
Benchmark ran 50000 iterations (40000 used after warmup)
Total elapsed (wall):     3.234408 s
CPU cycles (avg):         335982
Instructions (avg):       1633294
Instructions per cycle:   4.8612
Instructions per byte:    2.3353
Throughput:              8.65 GB/s
-----------------------Custom ctx->lengths mode: 58---------------------------

 ***** Benchmarking EVP_EncodeUpdate *****:
Benchmark ran 50000 iterations (40000 used after warmup)
Total elapsed (wall):     17.497708 s
CPU cycles (avg):         1933395
Instructions (avg):       10712700
Instructions per cycle:   5.5409
Instructions per byte:    15.3174
Throughput:              1.60 GB/s
-----------------------Custom ctx->lengths mode: 59---------------------------

 ***** Benchmarking EVP_EncodeUpdate *****:
Benchmark ran 50000 iterations (40000 used after warmup)
Total elapsed (wall):     17.479855 s
CPU cycles (avg):         1925058
Instructions (avg):       10637941
Instructions per cycle:   5.5260
Instructions per byte:    15.2105
Throughput:              1.60 GB/s
-----------------------Custom ctx->lengths mode: 60---------------------------

 ***** Benchmarking EVP_EncodeUpdate *****:
Benchmark ran 50000 iterations (40000 used after warmup)
Total elapsed (wall):     3.083597 s
CPU cycles (avg):         320001
Instructions (avg):       1532913
Instructions per cycle:   4.7903
Instructions per byte:    2.1918
Throughput:              9.07 GB/s
-----------------------Custom ctx->lengths mode: 61---------------------------

 ***** Benchmarking EVP_EncodeUpdate *****:
Benchmark ran 50000 iterations (40000 used after warmup)
Total elapsed (wall):     17.492250 s
CPU cycles (avg):         1931193
Instructions (avg):       10702086
Instructions per cycle:   5.5417
Instructions per byte:    15.3022
Throughput:              1.60 GB/s
-----------------------Custom ctx->lengths mode: 62---------------------------

 ***** Benchmarking EVP_EncodeUpdate *****:
Benchmark ran 50000 iterations (40000 used after warmup)
Total elapsed (wall):     17.419054 s
CPU cycles (avg):         1927449
Instructions (avg):       10631058
Instructions per cycle:   5.5156
Instructions per byte:    15.2007
Throughput:              1.61 GB/s
-----------------------Custom ctx->lengths mode: 63---------------------------

 ***** Benchmarking EVP_EncodeUpdate *****:
Benchmark ran 50000 iterations (40000 used after warmup)
Total elapsed (wall):     3.238711 s
CPU cycles (avg):         337251
Instructions (avg):       1612658
Instructions per cycle:   4.7818
Instructions per byte:    2.3058
Throughput:              8.64 GB/s
-----------------------Custom ctx->lengths mode: 64---------------------------

 ***** Benchmarking EVP_EncodeUpdate *****:
Benchmark ran 50000 iterations (40000 used after warmup)
Total elapsed (wall):     17.497310 s
CPU cycles (avg):         1931518
Instructions (avg):       10691703
Instructions per cycle:   5.5354
Instructions per byte:    15.2874
Throughput:              1.60 GB/s
-----------------------Custom ctx->lengths mode: 65---------------------------

 ***** Benchmarking EVP_EncodeUpdate *****:
Benchmark ran 50000 iterations (40000 used after warmup)
Total elapsed (wall):     17.414669 s
CPU cycles (avg):         1922690
Instructions (avg):       10624676
Instructions per cycle:   5.5259
Instructions per byte:    15.1915
Throughput:              1.61 GB/s
-----------------------Custom ctx->lengths mode: 66---------------------------

 ***** Benchmarking EVP_EncodeUpdate *****:
Benchmark ran 50000 iterations (40000 used after warmup)
Total elapsed (wall):     3.195662 s
CPU cycles (avg):         330674
Instructions (avg):       1577821
Instructions per cycle:   4.7715
Instructions per byte:    2.2560
Throughput:              8.75 GB/s
-----------------------Custom ctx->lengths mode: 67---------------------------

 ***** Benchmarking EVP_EncodeUpdate *****:
Benchmark ran 50000 iterations (40000 used after warmup)
Total elapsed (wall):     17.483999 s
CPU cycles (avg):         1930140
Instructions (avg):       10683474
Instructions per cycle:   5.5351
Instructions per byte:    15.2756
Throughput:              1.60 GB/s
-----------------------Custom ctx->lengths mode: 68---------------------------

 ***** Benchmarking EVP_EncodeUpdate *****:
Benchmark ran 50000 iterations (40000 used after warmup)
Total elapsed (wall):     17.598506 s
CPU cycles (avg):         1936518
Instructions (avg):       10618999
Instructions per cycle:   5.4836
Instructions per byte:    15.1834
Throughput:              1.59 GB/s
-----------------------Custom ctx->lengths mode: 69---------------------------

 ***** Benchmarking EVP_EncodeUpdate *****:
Benchmark ran 50000 iterations (40000 used after warmup)
Total elapsed (wall):     3.199026 s
CPU cycles (avg):         332072
Instructions (avg):       1596633
Instructions per cycle:   4.8081
Instructions per byte:    2.2829
Throughput:              8.74 GB/s
-----------------------Custom ctx->lengths mode: 70---------------------------

 ***** Benchmarking EVP_EncodeUpdate *****:
Benchmark ran 50000 iterations (40000 used after warmup)
Total elapsed (wall):     18.216797 s
CPU cycles (avg):         1981359
Instructions (avg):       10675401
Instructions per cycle:   5.3879
Instructions per byte:    15.2641
Throughput:              1.54 GB/s
-----------------------Custom ctx->lengths mode: 71---------------------------

 ***** Benchmarking EVP_EncodeUpdate *****:
Benchmark ran 50000 iterations (40000 used after warmup)
Total elapsed (wall):     17.917410 s
CPU cycles (avg):         1947262
Instructions (avg):       10613884
Instructions per cycle:   5.4507
Instructions per byte:    15.1761
Throughput:              1.56 GB/s
-----------------------Custom ctx->lengths mode: 72---------------------------

 ***** Benchmarking EVP_EncodeUpdate *****:
Benchmark ran 50000 iterations (40000 used after warmup)
Total elapsed (wall):     3.005713 s
CPU cycles (avg):         303587
Instructions (avg):       1418865
Instructions per cycle:   4.6737
Instructions per byte:    2.0287
Throughput:              9.31 GB/s
-----------------------Custom ctx->lengths mode: 73---------------------------

 ***** Benchmarking EVP_EncodeUpdate *****:
Benchmark ran 50000 iterations (40000 used after warmup)
Total elapsed (wall):     17.593253 s
CPU cycles (avg):         1932732
Instructions (avg):       10668094
Instructions per cycle:   5.5197
Instructions per byte:    15.2536
Throughput:              1.59 GB/s
-----------------------Custom ctx->lengths mode: 74---------------------------

 ***** Benchmarking EVP_EncodeUpdate *****:
Benchmark ran 50000 iterations (40000 used after warmup)
Total elapsed (wall):     17.571335 s
CPU cycles (avg):         1930964
Instructions (avg):       10609109
Instructions per cycle:   5.4942
Instructions per byte:    15.1693
Throughput:              1.59 GB/s
-----------------------Custom ctx->lengths mode: 75---------------------------

 ***** Benchmarking EVP_EncodeUpdate *****:
Benchmark ran 50000 iterations (40000 used after warmup)
Total elapsed (wall):     3.129347 s
CPU cycles (avg):         324331
Instructions (avg):       1582422
Instructions per cycle:   4.8790
Instructions per byte:    2.2626
Throughput:              8.94 GB/s
-----------------------Custom ctx->lengths mode: 76---------------------------

 ***** Benchmarking EVP_EncodeUpdate *****:
Benchmark ran 50000 iterations (40000 used after warmup)
Total elapsed (wall):     17.394744 s
CPU cycles (avg):         1920633
Instructions (avg):       10661226
Instructions per cycle:   5.5509
Instructions per byte:    15.2438
Throughput:              1.61 GB/s
-----------------------Custom ctx->lengths mode: 77---------------------------

 ***** Benchmarking EVP_EncodeUpdate *****:
Benchmark ran 50000 iterations (40000 used after warmup)
Total elapsed (wall):     17.283944 s
CPU cycles (avg):         1914424
Instructions (avg):       10604692
Instructions per cycle:   5.5394
Instructions per byte:    15.1630
Throughput:              1.62 GB/s
-----------------------Custom ctx->lengths mode: 78---------------------------

 ***** Benchmarking EVP_EncodeUpdate *****:
Benchmark ran 50000 iterations (40000 used after warmup)
Total elapsed (wall):     3.124112 s
CPU cycles (avg):         324814
Instructions (avg):       1551899
Instructions per cycle:   4.7778
Instructions per byte:    2.2190
Throughput:              8.95 GB/s
-----------------------Custom ctx->lengths mode: 79---------------------------

 ***** Benchmarking EVP_EncodeUpdate *****:
Benchmark ran 50000 iterations (40000 used after warmup)
Total elapsed (wall):     17.339090 s
CPU cycles (avg):         1919693
Instructions (avg):       10655021
Instructions per cycle:   5.5504
Instructions per byte:    15.2349
Throughput:              1.61 GB/s
-----------------------Custom ctx->lengths mode: 80---------------------------

 ***** Benchmarking EVP_EncodeUpdate *****:
Benchmark ran 50000 iterations (40000 used after warmup)
Total elapsed (wall):     18.052167 s
CPU cycles (avg):         1968037
Instructions (avg):       10600514
Instructions per cycle:   5.3863
Instructions per byte:    15.1570
Throughput:              1.55 GB/s


Processed files:
File: enron7.txt.decoded (247296 bytes)
File: enron12.txt.decoded (36552 bytes)
File: enron13.txt.decoded (59904 bytes)
File: enron10.txt.decoded (34773 bytes)
File: enron9.txt.decoded (58368 bytes)
File: enron11.txt.decoded (57696 bytes)
File: enron14.txt.decoded (35328 bytes)
File: enron2.txt.decoded (38400 bytes)
File: enron4.txt.decoded (72192 bytes)
File: enron15.txt.decoded (32760 bytes)
File: enron3.txt.decoded (26112 bytes)
 
🖼️  Benchmark: Mula JPG files

======================= Alphabet: STD =======================
-----------------------DISABLE NEWLINES/NO_NL mode---------------------------

 ***** Benchmarking EVP_EncodeUpdate *****:
Benchmark ran 500000 iterations (490000 used after warmup)
Total elapsed (wall):     11.300421 s
CPU cycles (avg):         75635
Instructions (avg):       265071
Instructions per cycle:   3.5046
Instructions per byte:    0.7239
Throughput:              15.88 GB/s
-----------------------PEM mode---------------------------

 ***** Benchmarking EVP_EncodeUpdate *****:
Benchmark ran 50000 iterations (40000 used after warmup)
Total elapsed (wall):     1.056248 s
CPU cycles (avg):         90511
Instructions (avg):       374428
Instructions per cycle:   4.1368
Instructions per byte:    1.0225
Throughput:              13.87 GB/s
-----------------------Custom ctx->lengths mode: 1---------------------------

 ***** Benchmarking EVP_EncodeUpdate *****:
Benchmark ran 50000 iterations (40000 used after warmup)
Total elapsed (wall):     9.727628 s
CPU cycles (avg):         1051513
Instructions (avg):       5128198
Instructions per cycle:   4.8770
Instructions per byte:    14.0047
Throughput:              1.51 GB/s
-----------------------Custom ctx->lengths mode: 2---------------------------

 ***** Benchmarking EVP_EncodeUpdate *****:
Benchmark ran 50000 iterations (40000 used after warmup)
Total elapsed (wall):     15.259084 s
CPU cycles (avg):         1692194
Instructions (avg):       9339430
Instructions per cycle:   5.5191
Instructions per byte:    25.5053
Throughput:              0.96 GB/s
-----------------------Custom ctx->lengths mode: 3---------------------------

 ***** Benchmarking EVP_EncodeUpdate *****:
Benchmark ran 50000 iterations (40000 used after warmup)
Total elapsed (wall):     1.664434 s
CPU cycles (avg):         161502
Instructions (avg):       609235
Instructions per cycle:   3.7723
Instructions per byte:    1.6638
Throughput:              8.80 GB/s
-----------------------Custom ctx->lengths mode: 4---------------------------

 ***** Benchmarking EVP_EncodeUpdate *****:
Benchmark ran 50000 iterations (40000 used after warmup)
Total elapsed (wall):     11.461849 s
CPU cycles (avg):         1249205
Instructions (avg):       7142600
Instructions per cycle:   5.7177
Instructions per byte:    19.5059
Throughput:              1.28 GB/s
-----------------------Custom ctx->lengths mode: 5---------------------------

 ***** Benchmarking EVP_EncodeUpdate *****:
Benchmark ran 50000 iterations (40000 used after warmup)
Total elapsed (wall):     10.502045 s
CPU cycles (avg):         1150620
Instructions (avg):       6373647
Instructions per cycle:   5.5393
Instructions per byte:    17.4060
Throughput:              1.39 GB/s
-----------------------Custom ctx->lengths mode: 6---------------------------

 ***** Benchmarking EVP_EncodeUpdate *****:
Benchmark ran 50000 iterations (40000 used after warmup)
Total elapsed (wall):     1.857490 s
CPU cycles (avg):         184676
Instructions (avg):       524817
Instructions per cycle:   2.8418
Instructions per byte:    1.4332
Throughput:              7.89 GB/s
-----------------------Custom ctx->lengths mode: 7---------------------------

 ***** Benchmarking EVP_EncodeUpdate *****:
Benchmark ran 50000 iterations (40000 used after warmup)
Total elapsed (wall):     10.540359 s
CPU cycles (avg):         1155051
Instructions (avg):       6436411
Instructions per cycle:   5.5724
Instructions per byte:    17.5774
Throughput:              1.39 GB/s
-----------------------Custom ctx->lengths mode: 8---------------------------

 ***** Benchmarking EVP_EncodeUpdate *****:
Benchmark ran 50000 iterations (40000 used after warmup)
Total elapsed (wall):     9.961148 s
CPU cycles (avg):         1093492
Instructions (avg):       6044179
Instructions per cycle:   5.5274
Instructions per byte:    16.5062
Throughput:              1.47 GB/s
-----------------------Custom ctx->lengths mode: 9---------------------------

 ***** Benchmarking EVP_EncodeUpdate *****:
Benchmark ran 50000 iterations (40000 used after warmup)
Total elapsed (wall):     2.926455 s
CPU cycles (avg):         300230
Instructions (avg):       1215865
Instructions per cycle:   4.0498
Instructions per byte:    3.3204
Throughput:              5.01 GB/s
-----------------------Custom ctx->lengths mode: 10---------------------------

 ***** Benchmarking EVP_EncodeUpdate *****:
Benchmark ran 50000 iterations (40000 used after warmup)
Total elapsed (wall):     10.016514 s
CPU cycles (avg):         1096823
Instructions (avg):       6154022
Instructions per cycle:   5.6108
Instructions per byte:    16.8062
Throughput:              1.46 GB/s
-----------------------Custom ctx->lengths mode: 11---------------------------

 ***** Benchmarking EVP_EncodeUpdate *****:
Benchmark ran 50000 iterations (40000 used after warmup)
Total elapsed (wall):     9.850523 s
CPU cycles (avg):         1080749
Instructions (avg):       5894388
Instructions per cycle:   5.4540
Instructions per byte:    16.0971
Throughput:              1.49 GB/s
-----------------------Custom ctx->lengths mode: 12---------------------------

 ***** Benchmarking EVP_EncodeUpdate *****:
Benchmark ran 50000 iterations (40000 used after warmup)
Total elapsed (wall):     2.836324 s
CPU cycles (avg):         292334
Instructions (avg):       1322354
Instructions per cycle:   4.5234
Instructions per byte:    3.6113
Throughput:              5.16 GB/s
-----------------------Custom ctx->lengths mode: 13---------------------------

 ***** Benchmarking EVP_EncodeUpdate *****:
Benchmark ran 50000 iterations (40000 used after warmup)
Total elapsed (wall):     9.793845 s
CPU cycles (avg):         1071162
Instructions (avg):       6001940
Instructions per cycle:   5.6032
Instructions per byte:    16.3909
Throughput:              1.50 GB/s
-----------------------Custom ctx->lengths mode: 14---------------------------

 ***** Benchmarking EVP_EncodeUpdate *****:
Benchmark ran 50000 iterations (40000 used after warmup)
Total elapsed (wall):     9.538164 s
CPU cycles (avg):         1046174
Instructions (avg):       5808680
Instructions per cycle:   5.5523
Instructions per byte:    15.8631
Throughput:              1.54 GB/s
-----------------------Custom ctx->lengths mode: 15---------------------------

 ***** Benchmarking EVP_EncodeUpdate *****:
Benchmark ran 50000 iterations (40000 used after warmup)
Total elapsed (wall):     3.018562 s
CPU cycles (avg):         311489
Instructions (avg):       1379167
Instructions per cycle:   4.4277
Instructions per byte:    3.7664
Throughput:              4.85 GB/s
-----------------------Custom ctx->lengths mode: 16---------------------------

 ***** Benchmarking EVP_EncodeUpdate *****:
Benchmark ran 50000 iterations (40000 used after warmup)
Total elapsed (wall):     9.667346 s
CPU cycles (avg):         1056109
Instructions (avg):       5906855
Instructions per cycle:   5.5930
Instructions per byte:    16.1312
Throughput:              1.52 GB/s
-----------------------Custom ctx->lengths mode: 17---------------------------

 ***** Benchmarking EVP_EncodeUpdate *****:
Benchmark ran 50000 iterations (40000 used after warmup)
Total elapsed (wall):     9.512537 s
CPU cycles (avg):         1037407
Instructions (avg):       5753386
Instructions per cycle:   5.5459
Instructions per byte:    15.7121
Throughput:              1.54 GB/s
-----------------------Custom ctx->lengths mode: 18---------------------------

 ***** Benchmarking EVP_EncodeUpdate *****:
Benchmark ran 50000 iterations (40000 used after warmup)
Total elapsed (wall):     2.719666 s
CPU cycles (avg):         277819
Instructions (avg):       1265270
Instructions per cycle:   4.5543
Instructions per byte:    3.4554
Throughput:              5.39 GB/s
-----------------------Custom ctx->lengths mode: 19---------------------------

 ***** Benchmarking EVP_EncodeUpdate *****:
Benchmark ran 50000 iterations (40000 used after warmup)
Total elapsed (wall):     9.645926 s
CPU cycles (avg):         1050657
Instructions (avg):       5841812
Instructions per cycle:   5.5602
Instructions per byte:    15.9536
Throughput:              1.52 GB/s
-----------------------Custom ctx->lengths mode: 20---------------------------

 ***** Benchmarking EVP_EncodeUpdate *****:
Benchmark ran 50000 iterations (40000 used after warmup)
Total elapsed (wall):     9.866760 s
CPU cycles (avg):         1059014
Instructions (avg):       5714612
Instructions per cycle:   5.3962
Instructions per byte:    15.6062
Throughput:              1.48 GB/s
-----------------------Custom ctx->lengths mode: 21---------------------------

 ***** Benchmarking EVP_EncodeUpdate *****:
Benchmark ran 50000 iterations (40000 used after warmup)
Total elapsed (wall):     2.846308 s
CPU cycles (avg):         286277
Instructions (avg):       1237337
Instructions per cycle:   4.3222
Instructions per byte:    3.3791
Throughput:              5.15 GB/s
-----------------------Custom ctx->lengths mode: 22---------------------------

 ***** Benchmarking EVP_EncodeUpdate *****:
Benchmark ran 50000 iterations (40000 used after warmup)
Total elapsed (wall):     9.655514 s
CPU cycles (avg):         1043862
Instructions (avg):       5794499
Instructions per cycle:   5.5510
Instructions per byte:    15.8244
Throughput:              1.52 GB/s
-----------------------Custom ctx->lengths mode: 23---------------------------

 ***** Benchmarking EVP_EncodeUpdate *****:
Benchmark ran 50000 iterations (40000 used after warmup)
Total elapsed (wall):     9.373550 s
CPU cycles (avg):         1024616
Instructions (avg):       5685954
Instructions per cycle:   5.5493
Instructions per byte:    15.5279
Throughput:              1.56 GB/s
-----------------------Custom ctx->lengths mode: 24---------------------------

 ***** Benchmarking EVP_EncodeUpdate *****:
Benchmark ran 50000 iterations (40000 used after warmup)
Total elapsed (wall):     1.349482 s
CPU cycles (avg):         125399
Instructions (avg):       465962
Instructions per cycle:   3.7158
Instructions per byte:    1.2725
Throughput:              10.85 GB/s
-----------------------Custom ctx->lengths mode: 25---------------------------

 ***** Benchmarking EVP_EncodeUpdate *****:
Benchmark ran 50000 iterations (40000 used after warmup)
Total elapsed (wall):     9.400747 s
CPU cycles (avg):         1029674
Instructions (avg):       5758559
Instructions per cycle:   5.5926
Instructions per byte:    15.7262
Throughput:              1.56 GB/s
-----------------------Custom ctx->lengths mode: 26---------------------------

 ***** Benchmarking EVP_EncodeUpdate *****:
Benchmark ran 50000 iterations (40000 used after warmup)
Total elapsed (wall):     9.314906 s
CPU cycles (avg):         1020344
Instructions (avg):       5663915
Instructions per cycle:   5.5510
Instructions per byte:    15.4677
Throughput:              1.57 GB/s
-----------------------Custom ctx->lengths mode: 27---------------------------

 ***** Benchmarking EVP_EncodeUpdate *****:
Benchmark ran 50000 iterations (40000 used after warmup)
Total elapsed (wall):     1.656659 s
CPU cycles (avg):         159702
Instructions (avg):       746800
Instructions per cycle:   4.6762
Instructions per byte:    2.0395
Throughput:              8.84 GB/s
-----------------------Custom ctx->lengths mode: 28---------------------------

 ***** Benchmarking EVP_EncodeUpdate *****:
Benchmark ran 50000 iterations (40000 used after warmup)
Total elapsed (wall):     9.520463 s
CPU cycles (avg):         1035060
Instructions (avg):       5730309
Instructions per cycle:   5.5362
Instructions per byte:    15.6491
Throughput:              1.54 GB/s
-----------------------Custom ctx->lengths mode: 29---------------------------

 ***** Benchmarking EVP_EncodeUpdate *****:
Benchmark ran 50000 iterations (40000 used after warmup)
Total elapsed (wall):     9.371799 s
CPU cycles (avg):         1022595
Instructions (avg):       5646422
Instructions per cycle:   5.5217
Instructions per byte:    15.4200
Throughput:              1.56 GB/s
-----------------------Custom ctx->lengths mode: 30---------------------------

 ***** Benchmarking EVP_EncodeUpdate *****:
Benchmark ran 50000 iterations (40000 used after warmup)
Total elapsed (wall):     1.607752 s
CPU cycles (avg):         153002
Instructions (avg):       691028
Instructions per cycle:   4.5164
Instructions per byte:    1.8871
Throughput:              9.11 GB/s
-----------------------Custom ctx->lengths mode: 31---------------------------

 ***** Benchmarking EVP_EncodeUpdate *****:
Benchmark ran 50000 iterations (40000 used after warmup)
Total elapsed (wall):     9.455666 s
CPU cycles (avg):         1029298
Instructions (avg):       5707503
Instructions per cycle:   5.5450
Instructions per byte:    15.5868
Throughput:              1.55 GB/s
-----------------------Custom ctx->lengths mode: 32---------------------------

 ***** Benchmarking EVP_EncodeUpdate *****:
Benchmark ran 50000 iterations (40000 used after warmup)
Total elapsed (wall):     9.392611 s
CPU cycles (avg):         1020678
Instructions (avg):       5632237
Instructions per cycle:   5.5181
Instructions per byte:    15.3812
Throughput:              1.56 GB/s
-----------------------Custom ctx->lengths mode: 33---------------------------

 ***** Benchmarking EVP_EncodeUpdate *****:
Benchmark ran 50000 iterations (40000 used after warmup)
Total elapsed (wall):     1.617432 s
CPU cycles (avg):         153726
Instructions (avg):       703370
Instructions per cycle:   4.5755
Instructions per byte:    1.9209
Throughput:              9.06 GB/s
-----------------------Custom ctx->lengths mode: 34---------------------------

 ***** Benchmarking EVP_EncodeUpdate *****:
Benchmark ran 50000 iterations (40000 used after warmup)
Total elapsed (wall):     9.448804 s
CPU cycles (avg):         1027023
Instructions (avg):       5688732
Instructions per cycle:   5.5390
Instructions per byte:    15.5355
Throughput:              1.55 GB/s
-----------------------Custom ctx->lengths mode: 35---------------------------

 ***** Benchmarking EVP_EncodeUpdate *****:
Benchmark ran 50000 iterations (40000 used after warmup)
Total elapsed (wall):     9.408711 s
CPU cycles (avg):         1020272
Instructions (avg):       5620447
Instructions per cycle:   5.5088
Instructions per byte:    15.3490
Throughput:              1.56 GB/s
-----------------------Custom ctx->lengths mode: 36---------------------------

 ***** Benchmarking EVP_EncodeUpdate *****:
Benchmark ran 50000 iterations (40000 used after warmup)
Total elapsed (wall):     1.419385 s
CPU cycles (avg):         132158
Instructions (avg):       605647
Instructions per cycle:   4.5827
Instructions per byte:    1.6540
Throughput:              10.32 GB/s
-----------------------Custom ctx->lengths mode: 37---------------------------

 ***** Benchmarking EVP_EncodeUpdate *****:
Benchmark ran 50000 iterations (40000 used after warmup)
Total elapsed (wall):     9.490997 s
CPU cycles (avg):         1026824
Instructions (avg):       5673021
Instructions per cycle:   5.5248
Instructions per byte:    15.4926
Throughput:              1.54 GB/s
-----------------------Custom ctx->lengths mode: 38---------------------------

 ***** Benchmarking EVP_EncodeUpdate *****:
Benchmark ran 50000 iterations (40000 used after warmup)
Total elapsed (wall):     9.298236 s
CPU cycles (avg):         1014376
Instructions (avg):       5610562
Instructions per cycle:   5.5310
Instructions per byte:    15.3220
Throughput:              1.58 GB/s
-----------------------Custom ctx->lengths mode: 39---------------------------

 ***** Benchmarking EVP_EncodeUpdate *****:
Benchmark ran 50000 iterations (40000 used after warmup)
Total elapsed (wall):     1.538661 s
CPU cycles (avg):         145945
Instructions (avg):       672479
Instructions per cycle:   4.6077
Instructions per byte:    1.8365
Throughput:              9.52 GB/s
-----------------------Custom ctx->lengths mode: 40---------------------------

 ***** Benchmarking EVP_EncodeUpdate *****:
Benchmark ran 50000 iterations (40000 used after warmup)
Total elapsed (wall):     9.458047 s
CPU cycles (avg):         1030465
Instructions (avg):       5659664
Instructions per cycle:   5.4923
Instructions per byte:    15.4561
Throughput:              1.55 GB/s
-----------------------Custom ctx->lengths mode: 41---------------------------

 ***** Benchmarking EVP_EncodeUpdate *****:
Benchmark ran 50000 iterations (40000 used after warmup)
Total elapsed (wall):     9.404752 s
CPU cycles (avg):         1023052
Instructions (avg):       5602094
Instructions per cycle:   5.4759
Instructions per byte:    15.2989
Throughput:              1.56 GB/s
-----------------------Custom ctx->lengths mode: 42---------------------------

 ***** Benchmarking EVP_EncodeUpdate *****:
Benchmark ran 50000 iterations (40000 used after warmup)
Total elapsed (wall):     1.490575 s
CPU cycles (avg):         140332
Instructions (avg):       637220
Instructions per cycle:   4.5408
Instructions per byte:    1.7402
Throughput:              9.83 GB/s
-----------------------Custom ctx->lengths mode: 43---------------------------

 ***** Benchmarking EVP_EncodeUpdate *****:
Benchmark ran 50000 iterations (40000 used after warmup)
Total elapsed (wall):     9.484252 s
CPU cycles (avg):         1028456
Instructions (avg):       5648160
Instructions per cycle:   5.4919
Instructions per byte:    15.4247
Throughput:              1.54 GB/s
-----------------------Custom ctx->lengths mode: 44---------------------------

 ***** Benchmarking EVP_EncodeUpdate *****:
Benchmark ran 50000 iterations (40000 used after warmup)
Total elapsed (wall):     9.284913 s
CPU cycles (avg):         1012395
Instructions (avg):       5594760
Instructions per cycle:   5.5263
Instructions per byte:    15.2789
Throughput:              1.58 GB/s
-----------------------Custom ctx->lengths mode: 45---------------------------

 ***** Benchmarking EVP_EncodeUpdate *****:
Benchmark ran 50000 iterations (40000 used after warmup)
Total elapsed (wall):     1.557382 s
CPU cycles (avg):         141553
Instructions (avg):       649842
Instructions per cycle:   4.5908
Instructions per byte:    1.7747
Throughput:              9.40 GB/s
-----------------------Custom ctx->lengths mode: 46---------------------------

 ***** Benchmarking EVP_EncodeUpdate *****:
Benchmark ran 50000 iterations (40000 used after warmup)
Total elapsed (wall):     9.387002 s
CPU cycles (avg):         1023686
Instructions (avg):       5638195
Instructions per cycle:   5.5077
Instructions per byte:    15.3975
Throughput:              1.56 GB/s
-----------------------Custom ctx->lengths mode: 47---------------------------

 ***** Benchmarking EVP_EncodeUpdate *****:
Benchmark ran 50000 iterations (40000 used after warmup)
Total elapsed (wall):     9.310454 s
CPU cycles (avg):         1013316
Instructions (avg):       5588416
Instructions per cycle:   5.5150
Instructions per byte:    15.2616
Throughput:              1.57 GB/s
-----------------------Custom ctx->lengths mode: 48---------------------------

 ***** Benchmarking EVP_EncodeUpdate *****:
Benchmark ran 50000 iterations (40000 used after warmup)
Total elapsed (wall):     1.052480 s
CPU cycles (avg):         89355
Instructions (avg):       374417
Instructions per cycle:   4.1902
Instructions per byte:    1.0225
Throughput:              13.92 GB/s
-----------------------Custom ctx->lengths mode: 49---------------------------

 ***** Benchmarking EVP_EncodeUpdate *****:
Benchmark ran 50000 iterations (40000 used after warmup)
Total elapsed (wall):     9.375009 s
CPU cycles (avg):         1017021
Instructions (avg):       5629410
Instructions per cycle:   5.5352
Instructions per byte:    15.3735
Throughput:              1.56 GB/s
-----------------------Custom ctx->lengths mode: 50---------------------------

 ***** Benchmarking EVP_EncodeUpdate *****:
Benchmark ran 50000 iterations (40000 used after warmup)
Total elapsed (wall):     9.301715 s
CPU cycles (avg):         1013213
Instructions (avg):       5582818
Instructions per cycle:   5.5100
Instructions per byte:    15.2463
Throughput:              1.57 GB/s
-----------------------Custom ctx->lengths mode: 51---------------------------

 ***** Benchmarking EVP_EncodeUpdate *****:
Benchmark ran 50000 iterations (40000 used after warmup)
Total elapsed (wall):     1.452343 s
CPU cycles (avg):         135791
Instructions (avg):       633710
Instructions per cycle:   4.6668
Instructions per byte:    1.7306
Throughput:              10.09 GB/s
-----------------------Custom ctx->lengths mode: 52---------------------------

 ***** Benchmarking EVP_EncodeUpdate *****:
Benchmark ran 50000 iterations (40000 used after warmup)
Total elapsed (wall):     9.416789 s
CPU cycles (avg):         1015371
Instructions (avg):       5621652
Instructions per cycle:   5.5365
Instructions per byte:    15.3523
Throughput:              1.56 GB/s
-----------------------Custom ctx->lengths mode: 53---------------------------

 ***** Benchmarking EVP_EncodeUpdate *****:
Benchmark ran 50000 iterations (40000 used after warmup)
Total elapsed (wall):     9.281428 s
CPU cycles (avg):         1011131
Instructions (avg):       5577803
Instructions per cycle:   5.5164
Instructions per byte:    15.2326
Throughput:              1.58 GB/s
-----------------------Custom ctx->lengths mode: 54---------------------------

 ***** Benchmarking EVP_EncodeUpdate *****:
Benchmark ran 50000 iterations (40000 used after warmup)
Total elapsed (wall):     1.402280 s
CPU cycles (avg):         130397
Instructions (avg):       606099
Instructions per cycle:   4.6481
Instructions per byte:    1.6552
Throughput:              10.45 GB/s
-----------------------Custom ctx->lengths mode: 55---------------------------

 ***** Benchmarking EVP_EncodeUpdate *****:
Benchmark ran 50000 iterations (40000 used after warmup)
Total elapsed (wall):     9.317565 s
CPU cycles (avg):         1014864
Instructions (avg):       5614701
Instructions per cycle:   5.5325
Instructions per byte:    15.3333
Throughput:              1.57 GB/s
-----------------------Custom ctx->lengths mode: 56---------------------------

 ***** Benchmarking EVP_EncodeUpdate *****:
Benchmark ran 50000 iterations (40000 used after warmup)
Total elapsed (wall):     9.239888 s
CPU cycles (avg):         1007899
Instructions (avg):       5573381
Instructions per cycle:   5.5297
Instructions per byte:    15.2205
Throughput:              1.59 GB/s
-----------------------Custom ctx->lengths mode: 57---------------------------

 ***** Benchmarking EVP_EncodeUpdate *****:
Benchmark ran 50000 iterations (40000 used after warmup)
Total elapsed (wall):     1.373401 s
CPU cycles (avg):         127260
Instructions (avg):       618853
Instructions per cycle:   4.8629
Instructions per byte:    1.6900
Throughput:              10.66 GB/s
-----------------------Custom ctx->lengths mode: 58---------------------------

 ***** Benchmarking EVP_EncodeUpdate *****:
Benchmark ran 50000 iterations (40000 used after warmup)
Total elapsed (wall):     9.571202 s
CPU cycles (avg):         1034300
Instructions (avg):       5608522
Instructions per cycle:   5.4225
Instructions per byte:    15.3165
Throughput:              1.53 GB/s
-----------------------Custom ctx->lengths mode: 59---------------------------

 ***** Benchmarking EVP_EncodeUpdate *****:
Benchmark ran 50000 iterations (40000 used after warmup)
Total elapsed (wall):     9.449188 s
CPU cycles (avg):         1021183
Instructions (avg):       5569365
Instructions per cycle:   5.4538
Instructions per byte:    15.2095
Throughput:              1.55 GB/s
-----------------------Custom ctx->lengths mode: 60---------------------------

 ***** Benchmarking EVP_EncodeUpdate *****:
Benchmark ran 50000 iterations (40000 used after warmup)
Total elapsed (wall):     1.424790 s
CPU cycles (avg):         124045
Instructions (avg):       565647
Instructions per cycle:   4.5600
Instructions per byte:    1.5447
Throughput:              10.28 GB/s
-----------------------Custom ctx->lengths mode: 61---------------------------

 ***** Benchmarking EVP_EncodeUpdate *****:
Benchmark ran 50000 iterations (40000 used after warmup)
Total elapsed (wall):     9.514717 s
CPU cycles (avg):         1025165
Instructions (avg):       5602930
Instructions per cycle:   5.4654
Instructions per byte:    15.3012
Throughput:              1.54 GB/s
-----------------------Custom ctx->lengths mode: 62---------------------------

 ***** Benchmarking EVP_EncodeUpdate *****:
Benchmark ran 50000 iterations (40000 used after warmup)
Total elapsed (wall):     9.437077 s
CPU cycles (avg):         1021087
Instructions (avg):       5565776
Instructions per cycle:   5.4508
Instructions per byte:    15.1997
Throughput:              1.55 GB/s
-----------------------Custom ctx->lengths mode: 63---------------------------

 ***** Benchmarking EVP_EncodeUpdate *****:
Benchmark ran 50000 iterations (40000 used after warmup)
Total elapsed (wall):     1.377299 s
CPU cycles (avg):         127349
Instructions (avg):       607778
Instructions per cycle:   4.7725
Instructions per byte:    1.6598
Throughput:              10.63 GB/s
-----------------------Custom ctx->lengths mode: 64---------------------------

 ***** Benchmarking EVP_EncodeUpdate *****:
Benchmark ran 50000 iterations (40000 used after warmup)
Total elapsed (wall):     9.241173 s
CPU cycles (avg):         1009265
Instructions (avg):       5597869
Instructions per cycle:   5.5465
Instructions per byte:    15.2874
Throughput:              1.58 GB/s
-----------------------Custom ctx->lengths mode: 65---------------------------

 ***** Benchmarking EVP_EncodeUpdate *****:
Benchmark ran 50000 iterations (40000 used after warmup)
Total elapsed (wall):     9.278419 s
CPU cycles (avg):         1005812
Instructions (avg):       5562506
Instructions per cycle:   5.5304
Instructions per byte:    15.1908
Throughput:              1.58 GB/s
-----------------------Custom ctx->lengths mode: 66---------------------------

 ***** Benchmarking EVP_EncodeUpdate *****:
Benchmark ran 50000 iterations (40000 used after warmup)
Total elapsed (wall):     1.346257 s
CPU cycles (avg):         122192
Instructions (avg):       589480
Instructions per cycle:   4.8242
Instructions per byte:    1.6098
Throughput:              10.88 GB/s
-----------------------Custom ctx->lengths mode: 67---------------------------

 ***** Benchmarking EVP_EncodeUpdate *****:
Benchmark ran 50000 iterations (40000 used after warmup)
Total elapsed (wall):     9.564143 s
CPU cycles (avg):         1028560
Instructions (avg):       5593265
Instructions per cycle:   5.4380
Instructions per byte:    15.2748
Throughput:              1.53 GB/s
-----------------------Custom ctx->lengths mode: 68---------------------------

 ***** Benchmarking EVP_EncodeUpdate *****:
Benchmark ran 50000 iterations (40000 used after warmup)
Total elapsed (wall):     9.356933 s
CPU cycles (avg):         1010373
Instructions (avg):       5559508
Instructions per cycle:   5.5024
Instructions per byte:    15.1826
Throughput:              1.57 GB/s
-----------------------Custom ctx->lengths mode: 69---------------------------

 ***** Benchmarking EVP_EncodeUpdate *****:
Benchmark ran 50000 iterations (40000 used after warmup)
Total elapsed (wall):     1.385938 s
CPU cycles (avg):         127832
Instructions (avg):       599827
Instructions per cycle:   4.6923
Instructions per byte:    1.6381
Throughput:              10.57 GB/s
-----------------------Custom ctx->lengths mode: 70---------------------------

 ***** Benchmarking EVP_EncodeUpdate *****:
Benchmark ran 50000 iterations (40000 used after warmup)
Total elapsed (wall):     9.225724 s
CPU cycles (avg):         1007246
Instructions (avg):       5589051
Instructions per cycle:   5.5488
Instructions per byte:    15.2633
Throughput:              1.59 GB/s
-----------------------Custom ctx->lengths mode: 71---------------------------

 ***** Benchmarking EVP_EncodeUpdate *****:
Benchmark ran 50000 iterations (40000 used after warmup)
Total elapsed (wall):     9.221456 s
CPU cycles (avg):         1006225
Instructions (avg):       5556705
Instructions per cycle:   5.5223
Instructions per byte:    15.1750
Throughput:              1.59 GB/s
-----------------------Custom ctx->lengths mode: 72---------------------------

 ***** Benchmarking EVP_EncodeUpdate *****:
Benchmark ran 50000 iterations (40000 used after warmup)
Total elapsed (wall):     1.166487 s
CPU cycles (avg):         103706
Instructions (avg):       506394
Instructions per cycle:   4.8830
Instructions per byte:    1.3829
Throughput:              12.56 GB/s
-----------------------Custom ctx->lengths mode: 73---------------------------

 ***** Benchmarking EVP_EncodeUpdate *****:
Benchmark ran 50000 iterations (40000 used after warmup)
Total elapsed (wall):     9.174422 s
CPU cycles (avg):         1003500
Instructions (avg):       5585163
Instructions per cycle:   5.5657
Instructions per byte:    15.2527
Throughput:              1.60 GB/s
-----------------------Custom ctx->lengths mode: 74---------------------------

 ***** Benchmarking EVP_EncodeUpdate *****:
Benchmark ran 50000 iterations (40000 used after warmup)
Total elapsed (wall):     9.223007 s
CPU cycles (avg):         1005339
Instructions (avg):       5554281
Instructions per cycle:   5.5248
Instructions per byte:    15.1683
Throughput:              1.59 GB/s
-----------------------Custom ctx->lengths mode: 75---------------------------

 ***** Benchmarking EVP_EncodeUpdate *****:
Benchmark ran 50000 iterations (40000 used after warmup)
Total elapsed (wall):     1.413279 s
CPU cycles (avg):         127393
Instructions (avg):       590977
Instructions per cycle:   4.6390
Instructions per byte:    1.6139
Throughput:              10.36 GB/s
-----------------------Custom ctx->lengths mode: 76---------------------------

 ***** Benchmarking EVP_EncodeUpdate *****:
Benchmark ran 50000 iterations (40000 used after warmup)
Total elapsed (wall):     9.260324 s
CPU cycles (avg):         1008684
Instructions (avg):       5581614
Instructions per cycle:   5.5336
Instructions per byte:    15.2430
Throughput:              1.58 GB/s
-----------------------Custom ctx->lengths mode: 77---------------------------

 ***** Benchmarking EVP_EncodeUpdate *****:
Benchmark ran 50000 iterations (40000 used after warmup)
Total elapsed (wall):     9.255036 s
CPU cycles (avg):         1005961
Instructions (avg):       5551993
Instructions per cycle:   5.5191
Instructions per byte:    15.1621
Throughput:              1.58 GB/s
-----------------------Custom ctx->lengths mode: 78---------------------------

 ***** Benchmarking EVP_EncodeUpdate *****:
Benchmark ran 50000 iterations (40000 used after warmup)
Total elapsed (wall):     1.341855 s
CPU cycles (avg):         123230
Instructions (avg):       577507
Instructions per cycle:   4.6864
Instructions per byte:    1.5771
Throughput:              10.92 GB/s
-----------------------Custom ctx->lengths mode: 79---------------------------

 ***** Benchmarking EVP_EncodeUpdate *****:
Benchmark ran 50000 iterations (40000 used after warmup)
Total elapsed (wall):     9.298264 s
CPU cycles (avg):         1008671
Instructions (avg):       5578326
Instructions per cycle:   5.5304
Instructions per byte:    15.2340
Throughput:              1.58 GB/s
-----------------------Custom ctx->lengths mode: 80---------------------------

 ***** Benchmarking EVP_EncodeUpdate *****:
Benchmark ran 50000 iterations (40000 used after warmup)
Total elapsed (wall):     9.429900 s
CPU cycles (avg):         1019976
Instructions (avg):       5549859
Instructions per cycle:   5.4412
Instructions per byte:    15.1563
Throughput:              1.55 GB/s

======================= Alphabet: SRP =======================
-----------------------DISABLE NEWLINES/NO_NL mode---------------------------

 ***** Benchmarking EVP_EncodeUpdate *****:
Benchmark ran 50000 iterations (40000 used after warmup)
Total elapsed (wall):     1.559918 s
CPU cycles (avg):         146374
Instructions (avg):       614503
Instructions per cycle:   4.1982
Instructions per byte:    1.6782
Throughput:              9.39 GB/s
-----------------------PEM mode---------------------------

 ***** Benchmarking EVP_EncodeUpdate *****:
Benchmark ran 50000 iterations (40000 used after warmup)
Total elapsed (wall):     1.550848 s
CPU cycles (avg):         145245
Instructions (avg):       614473
Instructions per cycle:   4.2306
Instructions per byte:    1.6781
Throughput:              9.44 GB/s
-----------------------Custom ctx->lengths mode: 1---------------------------

 ***** Benchmarking EVP_EncodeUpdate *****:
Benchmark ran 50000 iterations (40000 used after warmup)
Total elapsed (wall):     9.847461 s
CPU cycles (avg):         1064589
Instructions (avg):       5128218
Instructions per cycle:   4.8171
Instructions per byte:    14.0048
Throughput:              1.49 GB/s
-----------------------Custom ctx->lengths mode: 2---------------------------

 ***** Benchmarking EVP_EncodeUpdate *****:
Benchmark ran 50000 iterations (40000 used after warmup)
Total elapsed (wall):     15.318271 s
CPU cycles (avg):         1696343
Instructions (avg):       9339448
Instructions per cycle:   5.5056
Instructions per byte:    25.5054
Throughput:              0.96 GB/s
-----------------------Custom ctx->lengths mode: 3---------------------------

 ***** Benchmarking EVP_EncodeUpdate *****:
Benchmark ran 50000 iterations (40000 used after warmup)
Total elapsed (wall):     2.119811 s
CPU cycles (avg):         211744
Instructions (avg):       860837
Instructions per cycle:   4.0655
Instructions per byte:    2.3509
Throughput:              6.91 GB/s
-----------------------Custom ctx->lengths mode: 4---------------------------

 ***** Benchmarking EVP_EncodeUpdate *****:
Benchmark ran 50000 iterations (40000 used after warmup)
Total elapsed (wall):     11.885572 s
CPU cycles (avg):         1282166
Instructions (avg):       7142616
Instructions per cycle:   5.5707
Instructions per byte:    19.5060
Throughput:              1.23 GB/s
-----------------------Custom ctx->lengths mode: 5---------------------------

 ***** Benchmarking EVP_EncodeUpdate *****:
Benchmark ran 50000 iterations (40000 used after warmup)
Total elapsed (wall):     11.046263 s
CPU cycles (avg):         1182433
Instructions (avg):       6373663
Instructions per cycle:   5.3903
Instructions per byte:    17.4060
Throughput:              1.33 GB/s
-----------------------Custom ctx->lengths mode: 6---------------------------

 ***** Benchmarking EVP_EncodeUpdate *****:
Benchmark ran 50000 iterations (40000 used after warmup)
Total elapsed (wall):     2.295936 s
CPU cycles (avg):         227677
Instructions (avg):       711619
Instructions per cycle:   3.1256
Instructions per byte:    1.9434
Throughput:              6.38 GB/s
-----------------------Custom ctx->lengths mode: 7---------------------------

 ***** Benchmarking EVP_EncodeUpdate *****:
Benchmark ran 50000 iterations (40000 used after warmup)
Total elapsed (wall):     11.082928 s
CPU cycles (avg):         1191168
Instructions (avg):       6436427
Instructions per cycle:   5.4035
Instructions per byte:    17.5774
Throughput:              1.32 GB/s
-----------------------Custom ctx->lengths mode: 8---------------------------

 ***** Benchmarking EVP_EncodeUpdate *****:
Benchmark ran 50000 iterations (40000 used after warmup)
Total elapsed (wall):     10.633970 s
CPU cycles (avg):         1129551
Instructions (avg):       6044194
Instructions per cycle:   5.3510
Instructions per byte:    16.5063
Throughput:              1.38 GB/s
-----------------------Custom ctx->lengths mode: 9---------------------------

 ***** Benchmarking EVP_EncodeUpdate *****:
Benchmark ran 50000 iterations (40000 used after warmup)
Total elapsed (wall):     3.513954 s
CPU cycles (avg):         357811
Instructions (avg):       1456033
Instructions per cycle:   4.0693
Instructions per byte:    3.9763
Throughput:              4.17 GB/s
-----------------------Custom ctx->lengths mode: 10---------------------------

 ***** Benchmarking EVP_EncodeUpdate *****:
Benchmark ran 50000 iterations (40000 used after warmup)
Total elapsed (wall):     10.740515 s
CPU cycles (avg):         1140995
Instructions (avg):       6154037
Instructions per cycle:   5.3936
Instructions per byte:    16.8062
Throughput:              1.36 GB/s
-----------------------Custom ctx->lengths mode: 11---------------------------

 ***** Benchmarking EVP_EncodeUpdate *****:
Benchmark ran 50000 iterations (40000 used after warmup)
Total elapsed (wall):     10.356079 s
CPU cycles (avg):         1112235
Instructions (avg):       5894403
Instructions per cycle:   5.2996
Instructions per byte:    16.0972
Throughput:              1.41 GB/s
-----------------------Custom ctx->lengths mode: 12---------------------------

 ***** Benchmarking EVP_EncodeUpdate *****:
Benchmark ran 50000 iterations (40000 used after warmup)
Total elapsed (wall):     3.399671 s
CPU cycles (avg):         352359
Instructions (avg):       1554840
Instructions per cycle:   4.4126
Instructions per byte:    4.2462
Throughput:              4.31 GB/s
-----------------------Custom ctx->lengths mode: 13---------------------------

 ***** Benchmarking EVP_EncodeUpdate *****:
Benchmark ran 50000 iterations (40000 used after warmup)
Total elapsed (wall):     9.878027 s
CPU cycles (avg):         1072650
Instructions (avg):       6001955
Instructions per cycle:   5.5954
Instructions per byte:    16.3909
Throughput:              1.48 GB/s
-----------------------Custom ctx->lengths mode: 14---------------------------

 ***** Benchmarking EVP_EncodeUpdate *****:
Benchmark ran 50000 iterations (40000 used after warmup)
Total elapsed (wall):     9.743307 s
CPU cycles (avg):         1059393
Instructions (avg):       5808696
Instructions per cycle:   5.4830
Instructions per byte:    15.8631
Throughput:              1.50 GB/s
-----------------------Custom ctx->lengths mode: 15---------------------------

 ***** Benchmarking EVP_EncodeUpdate *****:
Benchmark ran 50000 iterations (40000 used after warmup)
Total elapsed (wall):     3.377714 s
CPU cycles (avg):         348176
Instructions (avg):       1611713
Instructions per cycle:   4.6290
Instructions per byte:    4.4015
Throughput:              4.34 GB/s
-----------------------Custom ctx->lengths mode: 16---------------------------

 ***** Benchmarking EVP_EncodeUpdate *****:
Benchmark ran 50000 iterations (40000 used after warmup)
Total elapsed (wall):     9.882698 s
CPU cycles (avg):         1063441
Instructions (avg):       5906870
Instructions per cycle:   5.5545
Instructions per byte:    16.1312
Throughput:              1.48 GB/s
-----------------------Custom ctx->lengths mode: 17---------------------------

 ***** Benchmarking EVP_EncodeUpdate *****:
Benchmark ran 50000 iterations (40000 used after warmup)
Total elapsed (wall):     9.608423 s
CPU cycles (avg):         1043596
Instructions (avg):       5753401
Instructions per cycle:   5.5131
Instructions per byte:    15.7121
Throughput:              1.52 GB/s
-----------------------Custom ctx->lengths mode: 18---------------------------

 ***** Benchmarking EVP_EncodeUpdate *****:
Benchmark ran 50000 iterations (40000 used after warmup)
Total elapsed (wall):     3.161146 s
CPU cycles (avg):         325163
Instructions (avg):       1497817
Instructions per cycle:   4.6064
Instructions per byte:    4.0904
Throughput:              4.63 GB/s
-----------------------Custom ctx->lengths mode: 19---------------------------

 ***** Benchmarking EVP_EncodeUpdate *****:
Benchmark ran 50000 iterations (40000 used after warmup)
Total elapsed (wall):     9.685521 s
CPU cycles (avg):         1053450
Instructions (avg):       5841827
Instructions per cycle:   5.5454
Instructions per byte:    15.9536
Throughput:              1.51 GB/s
-----------------------Custom ctx->lengths mode: 20---------------------------

 ***** Benchmarking EVP_EncodeUpdate *****:
Benchmark ran 50000 iterations (40000 used after warmup)
Total elapsed (wall):     9.599607 s
CPU cycles (avg):         1038666
Instructions (avg):       5714627
Instructions per cycle:   5.5019
Instructions per byte:    15.6062
Throughput:              1.53 GB/s
-----------------------Custom ctx->lengths mode: 21---------------------------

 ***** Benchmarking EVP_EncodeUpdate *****:
Benchmark ran 50000 iterations (40000 used after warmup)
Total elapsed (wall):     3.104196 s
CPU cycles (avg):         317219
Instructions (avg):       1469823
Instructions per cycle:   4.6335
Instructions per byte:    4.0140
Throughput:              4.72 GB/s
-----------------------Custom ctx->lengths mode: 22---------------------------

 ***** Benchmarking EVP_EncodeUpdate *****:
Benchmark ran 50000 iterations (40000 used after warmup)
Total elapsed (wall):     9.592581 s
CPU cycles (avg):         1044107
Instructions (avg):       5794514
Instructions per cycle:   5.5497
Instructions per byte:    15.8244
Throughput:              1.53 GB/s
-----------------------Custom ctx->lengths mode: 23---------------------------

 ***** Benchmarking EVP_EncodeUpdate *****:
Benchmark ran 50000 iterations (40000 used after warmup)
Total elapsed (wall):     9.421390 s
CPU cycles (avg):         1028873
Instructions (avg):       5685969
Instructions per cycle:   5.5264
Instructions per byte:    15.5280
Throughput:              1.55 GB/s
-----------------------Custom ctx->lengths mode: 24---------------------------

 ***** Benchmarking EVP_EncodeUpdate *****:
Benchmark ran 50000 iterations (40000 used after warmup)
Total elapsed (wall):     1.659579 s
CPU cycles (avg):         159153
Instructions (avg):       706007
Instructions per cycle:   4.4360
Instructions per byte:    1.9281
Throughput:              8.83 GB/s
-----------------------Custom ctx->lengths mode: 25---------------------------

 ***** Benchmarking EVP_EncodeUpdate *****:
Benchmark ran 50000 iterations (40000 used after warmup)
Total elapsed (wall):     9.622176 s
CPU cycles (avg):         1043582
Instructions (avg):       5758574
Instructions per cycle:   5.5181
Instructions per byte:    15.7262
Throughput:              1.52 GB/s
-----------------------Custom ctx->lengths mode: 26---------------------------

 ***** Benchmarking EVP_EncodeUpdate *****:
Benchmark ran 50000 iterations (40000 used after warmup)
Total elapsed (wall):     9.517727 s
CPU cycles (avg):         1028790
Instructions (avg):       5663930
Instructions per cycle:   5.5054
Instructions per byte:    15.4678
Throughput:              1.54 GB/s
-----------------------Custom ctx->lengths mode: 27---------------------------

 ***** Benchmarking EVP_EncodeUpdate *****:
Benchmark ran 50000 iterations (40000 used after warmup)
Total elapsed (wall):     2.053077 s
CPU cycles (avg):         203110
Instructions (avg):       977661
Instructions per cycle:   4.8134
Instructions per byte:    2.6699
Throughput:              7.13 GB/s
-----------------------Custom ctx->lengths mode: 28---------------------------

 ***** Benchmarking EVP_EncodeUpdate *****:
Benchmark ran 50000 iterations (40000 used after warmup)
Total elapsed (wall):     9.541624 s
CPU cycles (avg):         1034626
Instructions (avg):       5730324
Instructions per cycle:   5.5385
Instructions per byte:    15.6491
Throughput:              1.54 GB/s
-----------------------Custom ctx->lengths mode: 29---------------------------

 ***** Benchmarking EVP_EncodeUpdate *****:
Benchmark ran 50000 iterations (40000 used after warmup)
Total elapsed (wall):     9.530967 s
CPU cycles (avg):         1028848
Instructions (avg):       5646437
Instructions per cycle:   5.4881
Instructions per byte:    15.4200
Throughput:              1.54 GB/s
-----------------------Custom ctx->lengths mode: 30---------------------------

 ***** Benchmarking EVP_EncodeUpdate *****:
Benchmark ran 50000 iterations (40000 used after warmup)
Total elapsed (wall):     1.933626 s
CPU cycles (avg):         190464
Instructions (avg):       923520
Instructions per cycle:   4.8488
Instructions per byte:    2.5221
Throughput:              7.57 GB/s
-----------------------Custom ctx->lengths mode: 31---------------------------

 ***** Benchmarking EVP_EncodeUpdate *****:
Benchmark ran 50000 iterations (40000 used after warmup)
Total elapsed (wall):     9.736510 s
CPU cycles (avg):         1045610
Instructions (avg):       5707518
Instructions per cycle:   5.4586
Instructions per byte:    15.5868
Throughput:              1.50 GB/s
-----------------------Custom ctx->lengths mode: 32---------------------------

 ***** Benchmarking EVP_EncodeUpdate *****:
Benchmark ran 50000 iterations (40000 used after warmup)
Total elapsed (wall):     9.641335 s
CPU cycles (avg):         1042620
Instructions (avg):       5632252
Instructions per cycle:   5.4020
Instructions per byte:    15.3813
Throughput:              1.52 GB/s
-----------------------Custom ctx->lengths mode: 33---------------------------

 ***** Benchmarking EVP_EncodeUpdate *****:
Benchmark ran 50000 iterations (40000 used after warmup)
Total elapsed (wall):     1.951277 s
CPU cycles (avg):         192167
Instructions (avg):       935162
Instructions per cycle:   4.8664
Instructions per byte:    2.5539
Throughput:              7.51 GB/s
-----------------------Custom ctx->lengths mode: 34---------------------------

 ***** Benchmarking EVP_EncodeUpdate *****:
Benchmark ran 50000 iterations (40000 used after warmup)
Total elapsed (wall):     9.326397 s
CPU cycles (avg):         1019209
Instructions (avg):       5688747
Instructions per cycle:   5.5815
Instructions per byte:    15.5356
Throughput:              1.57 GB/s
-----------------------Custom ctx->lengths mode: 35---------------------------

 ***** Benchmarking EVP_EncodeUpdate *****:
Benchmark ran 50000 iterations (40000 used after warmup)
Total elapsed (wall):     9.441948 s
CPU cycles (avg):         1027151
Instructions (avg):       5620462
Instructions per cycle:   5.4719
Instructions per byte:    15.3491
Throughput:              1.55 GB/s
-----------------------Custom ctx->lengths mode: 36---------------------------

 ***** Benchmarking EVP_EncodeUpdate *****:
Benchmark ran 50000 iterations (40000 used after warmup)
Total elapsed (wall):     1.772007 s
CPU cycles (avg):         171496
Instructions (avg):       840673
Instructions per cycle:   4.9020
Instructions per byte:    2.2958
Throughput:              8.27 GB/s
-----------------------Custom ctx->lengths mode: 37---------------------------

 ***** Benchmarking EVP_EncodeUpdate *****:
Benchmark ran 50000 iterations (40000 used after warmup)
Total elapsed (wall):     9.457244 s
CPU cycles (avg):         1028923
Instructions (avg):       5673036
Instructions per cycle:   5.5136
Instructions per byte:    15.4926
Throughput:              1.55 GB/s
-----------------------Custom ctx->lengths mode: 38---------------------------

 ***** Benchmarking EVP_EncodeUpdate *****:
Benchmark ran 50000 iterations (40000 used after warmup)
Total elapsed (wall):     9.325205 s
CPU cycles (avg):         1016135
Instructions (avg):       5610577
Instructions per cycle:   5.5215
Instructions per byte:    15.3221
Throughput:              1.57 GB/s
-----------------------Custom ctx->lengths mode: 39---------------------------

 ***** Benchmarking EVP_EncodeUpdate *****:
Benchmark ran 50000 iterations (40000 used after warmup)
Total elapsed (wall):     1.903758 s
CPU cycles (avg):         186069
Instructions (avg):       904964
Instructions per cycle:   4.8636
Instructions per byte:    2.4714
Throughput:              7.69 GB/s
-----------------------Custom ctx->lengths mode: 40---------------------------

 ***** Benchmarking EVP_EncodeUpdate *****:
Benchmark ran 50000 iterations (40000 used after warmup)
Total elapsed (wall):     9.363532 s
CPU cycles (avg):         1022177
Instructions (avg):       5659679
Instructions per cycle:   5.5369
Instructions per byte:    15.4562
Throughput:              1.56 GB/s
-----------------------Custom ctx->lengths mode: 41---------------------------

 ***** Benchmarking EVP_EncodeUpdate *****:
Benchmark ran 50000 iterations (40000 used after warmup)
Total elapsed (wall):     9.324297 s
CPU cycles (avg):         1014669
Instructions (avg):       5602109
Instructions per cycle:   5.5211
Instructions per byte:    15.2990
Throughput:              1.57 GB/s
-----------------------Custom ctx->lengths mode: 42---------------------------

 ***** Benchmarking EVP_EncodeUpdate *****:
Benchmark ran 50000 iterations (40000 used after warmup)
Total elapsed (wall):     1.813927 s
CPU cycles (avg):         176703
Instructions (avg):       870799
Instructions per cycle:   4.9280
Instructions per byte:    2.3781
Throughput:              8.07 GB/s
-----------------------Custom ctx->lengths mode: 43---------------------------

 ***** Benchmarking EVP_EncodeUpdate *****:
Benchmark ran 50000 iterations (40000 used after warmup)
Total elapsed (wall):     9.381253 s
CPU cycles (avg):         1019108
Instructions (avg):       5648175
Instructions per cycle:   5.5423
Instructions per byte:    15.4248
Throughput:              1.56 GB/s
-----------------------Custom ctx->lengths mode: 44---------------------------

 ***** Benchmarking EVP_EncodeUpdate *****:
Benchmark ran 50000 iterations (40000 used after warmup)
Total elapsed (wall):     9.442287 s
CPU cycles (avg):         1024491
Instructions (avg):       5594775
Instructions per cycle:   5.4610
Instructions per byte:    15.2789
Throughput:              1.55 GB/s
-----------------------Custom ctx->lengths mode: 45---------------------------

 ***** Benchmarking EVP_EncodeUpdate *****:
Benchmark ran 50000 iterations (40000 used after warmup)
Total elapsed (wall):     1.912139 s
CPU cycles (avg):         183257
Instructions (avg):       882837
Instructions per cycle:   4.8175
Instructions per byte:    2.4110
Throughput:              7.66 GB/s
-----------------------Custom ctx->lengths mode: 46---------------------------

 ***** Benchmarking EVP_EncodeUpdate *****:
Benchmark ran 50000 iterations (40000 used after warmup)
Total elapsed (wall):     9.838136 s
CPU cycles (avg):         1049901
Instructions (avg):       5638210
Instructions per cycle:   5.3702
Instructions per byte:    15.3975
Throughput:              1.49 GB/s
-----------------------Custom ctx->lengths mode: 47---------------------------

 ***** Benchmarking EVP_EncodeUpdate *****:
Benchmark ran 50000 iterations (40000 used after warmup)
Total elapsed (wall):     9.390240 s
CPU cycles (avg):         1015533
Instructions (avg):       5588431
Instructions per cycle:   5.5030
Instructions per byte:    15.2616
Throughput:              1.56 GB/s
-----------------------Custom ctx->lengths mode: 48---------------------------

 ***** Benchmarking EVP_EncodeUpdate *****:
Benchmark ran 50000 iterations (40000 used after warmup)
Total elapsed (wall):     1.534168 s
CPU cycles (avg):         144818
Instructions (avg):       614462
Instructions per cycle:   4.2430
Instructions per byte:    1.6781
Throughput:              9.55 GB/s
-----------------------Custom ctx->lengths mode: 49---------------------------

 ***** Benchmarking EVP_EncodeUpdate *****:
Benchmark ran 50000 iterations (40000 used after warmup)
Total elapsed (wall):     9.295425 s
CPU cycles (avg):         1012770
Instructions (avg):       5629425
Instructions per cycle:   5.5584
Instructions per byte:    15.3736
Throughput:              1.58 GB/s
-----------------------Custom ctx->lengths mode: 50---------------------------

 ***** Benchmarking EVP_EncodeUpdate *****:
Benchmark ran 50000 iterations (40000 used after warmup)
Total elapsed (wall):     9.239205 s
CPU cycles (avg):         1008188
Instructions (avg):       5582833
Instructions per cycle:   5.5375
Instructions per byte:    15.2463
Throughput:              1.59 GB/s
-----------------------Custom ctx->lengths mode: 51---------------------------

 ***** Benchmarking EVP_EncodeUpdate *****:
Benchmark ran 50000 iterations (40000 used after warmup)
Total elapsed (wall):     1.809436 s
CPU cycles (avg):         176492
Instructions (avg):       867023
Instructions per cycle:   4.9125
Instructions per byte:    2.3678
Throughput:              8.09 GB/s
-----------------------Custom ctx->lengths mode: 52---------------------------

 ***** Benchmarking EVP_EncodeUpdate *****:
Benchmark ran 50000 iterations (40000 used after warmup)
Total elapsed (wall):     9.264537 s
CPU cycles (avg):         1010452
Instructions (avg):       5621667
Instructions per cycle:   5.5635
Instructions per byte:    15.3524
Throughput:              1.58 GB/s
-----------------------Custom ctx->lengths mode: 53---------------------------

 ***** Benchmarking EVP_EncodeUpdate *****:
Benchmark ran 50000 iterations (40000 used after warmup)
Total elapsed (wall):     9.185049 s
CPU cycles (avg):         1004115
Instructions (avg):       5577818
Instructions per cycle:   5.5550
Instructions per byte:    15.2326
Throughput:              1.59 GB/s
-----------------------Custom ctx->lengths mode: 54---------------------------

 ***** Benchmarking EVP_EncodeUpdate *****:
Benchmark ran 50000 iterations (40000 used after warmup)
Total elapsed (wall):     1.810414 s
CPU cycles (avg):         173700
Instructions (avg):       840343
Instructions per cycle:   4.8379
Instructions per byte:    2.2949
Throughput:              8.09 GB/s
-----------------------Custom ctx->lengths mode: 55---------------------------

 ***** Benchmarking EVP_EncodeUpdate *****:
Benchmark ran 50000 iterations (40000 used after warmup)
Total elapsed (wall):     9.382638 s
CPU cycles (avg):         1017421
Instructions (avg):       5614716
Instructions per cycle:   5.5186
Instructions per byte:    15.3334
Throughput:              1.56 GB/s
-----------------------Custom ctx->lengths mode: 56---------------------------

 ***** Benchmarking EVP_EncodeUpdate *****:
Benchmark ran 50000 iterations (40000 used after warmup)
Total elapsed (wall):     9.295669 s
CPU cycles (avg):         1011191
Instructions (avg):       5573396
Instructions per cycle:   5.5117
Instructions per byte:    15.2205
Throughput:              1.58 GB/s
-----------------------Custom ctx->lengths mode: 57---------------------------

 ***** Benchmarking EVP_EncodeUpdate *****:
Benchmark ran 50000 iterations (40000 used after warmup)
Total elapsed (wall):     1.801495 s
CPU cycles (avg):         173656
Instructions (avg):       852543
Instructions per cycle:   4.9094
Instructions per byte:    2.3282
Throughput:              8.13 GB/s
-----------------------Custom ctx->lengths mode: 58---------------------------

 ***** Benchmarking EVP_EncodeUpdate *****:
Benchmark ran 50000 iterations (40000 used after warmup)
Total elapsed (wall):     9.221336 s
CPU cycles (avg):         1007969
Instructions (avg):       5608537
Instructions per cycle:   5.5642
Instructions per byte:    15.3165
Throughput:              1.59 GB/s
-----------------------Custom ctx->lengths mode: 59---------------------------

 ***** Benchmarking EVP_EncodeUpdate *****:
Benchmark ran 50000 iterations (40000 used after warmup)
Total elapsed (wall):     9.304294 s
CPU cycles (avg):         1009963
Instructions (avg):       5569380
Instructions per cycle:   5.5144
Instructions per byte:    15.2096
Throughput:              1.57 GB/s
-----------------------Custom ctx->lengths mode: 60---------------------------

 ***** Benchmarking EVP_EncodeUpdate *****:
Benchmark ran 50000 iterations (40000 used after warmup)
Total elapsed (wall):     1.688062 s
CPU cycles (avg):         162571
Instructions (avg):       801123
Instructions per cycle:   4.9278
Instructions per byte:    2.1878
Throughput:              8.68 GB/s
-----------------------Custom ctx->lengths mode: 61---------------------------

 ***** Benchmarking EVP_EncodeUpdate *****:
Benchmark ran 50000 iterations (40000 used after warmup)
Total elapsed (wall):     9.274221 s
CPU cycles (avg):         1009307
Instructions (avg):       5602945
Instructions per cycle:   5.5513
Instructions per byte:    15.3012
Throughput:              1.58 GB/s
-----------------------Custom ctx->lengths mode: 62---------------------------

 ***** Benchmarking EVP_EncodeUpdate *****:
Benchmark ran 50000 iterations (40000 used after warmup)
Total elapsed (wall):     9.356992 s
CPU cycles (avg):         1017793
Instructions (avg):       5565791
Instructions per cycle:   5.4685
Instructions per byte:    15.1998
Throughput:              1.57 GB/s
-----------------------Custom ctx->lengths mode: 63---------------------------

 ***** Benchmarking EVP_EncodeUpdate *****:
Benchmark ran 50000 iterations (40000 used after warmup)
Total elapsed (wall):     1.757900 s
CPU cycles (avg):         170774
Instructions (avg):       841730
Instructions per cycle:   4.9289
Instructions per byte:    2.2987
Throughput:              8.33 GB/s
-----------------------Custom ctx->lengths mode: 64---------------------------

 ***** Benchmarking EVP_EncodeUpdate *****:
Benchmark ran 50000 iterations (40000 used after warmup)
Total elapsed (wall):     9.476527 s
CPU cycles (avg):         1023704
Instructions (avg):       5597884
Instructions per cycle:   5.4683
Instructions per byte:    15.2874
Throughput:              1.55 GB/s
-----------------------Custom ctx->lengths mode: 65---------------------------

 ***** Benchmarking EVP_EncodeUpdate *****:
Benchmark ran 50000 iterations (40000 used after warmup)
Total elapsed (wall):     9.326910 s
CPU cycles (avg):         1011144
Instructions (avg):       5562521
Instructions per cycle:   5.5012
Instructions per byte:    15.1908
Throughput:              1.57 GB/s
-----------------------Custom ctx->lengths mode: 66---------------------------

 ***** Benchmarking EVP_EncodeUpdate *****:
Benchmark ran 50000 iterations (40000 used after warmup)
Total elapsed (wall):     1.749170 s
CPU cycles (avg):         169283
Instructions (avg):       823985
Instructions per cycle:   4.8675
Instructions per byte:    2.2502
Throughput:              8.37 GB/s
-----------------------Custom ctx->lengths mode: 67---------------------------

 ***** Benchmarking EVP_EncodeUpdate *****:
Benchmark ran 50000 iterations (40000 used after warmup)
Total elapsed (wall):     9.411476 s
CPU cycles (avg):         1023361
Instructions (avg):       5593280
Instructions per cycle:   5.4656
Instructions per byte:    15.2748
Throughput:              1.56 GB/s
-----------------------Custom ctx->lengths mode: 68---------------------------

 ***** Benchmarking EVP_EncodeUpdate *****:
Benchmark ran 50000 iterations (40000 used after warmup)
Total elapsed (wall):     9.385481 s
CPU cycles (avg):         1014707
Instructions (avg):       5559523
Instructions per cycle:   5.4789
Instructions per byte:    15.1827
Throughput:              1.56 GB/s
-----------------------Custom ctx->lengths mode: 69---------------------------

 ***** Benchmarking EVP_EncodeUpdate *****:
Benchmark ran 50000 iterations (40000 used after warmup)
Total elapsed (wall):     1.801909 s
CPU cycles (avg):         170896
Instructions (avg):       833905
Instructions per cycle:   4.8796
Instructions per byte:    2.2773
Throughput:              8.13 GB/s
-----------------------Custom ctx->lengths mode: 70---------------------------

 ***** Benchmarking EVP_EncodeUpdate *****:
Benchmark ran 50000 iterations (40000 used after warmup)
Total elapsed (wall):     9.658301 s
CPU cycles (avg):         1032908
Instructions (avg):       5589066
Instructions per cycle:   5.4110
Instructions per byte:    15.2633
Throughput:              1.52 GB/s
-----------------------Custom ctx->lengths mode: 71---------------------------

 ***** Benchmarking EVP_EncodeUpdate *****:
Benchmark ran 50000 iterations (40000 used after warmup)
Total elapsed (wall):     9.972381 s
CPU cycles (avg):         1049978
Instructions (avg):       5556721
Instructions per cycle:   5.2922
Instructions per byte:    15.1750
Throughput:              1.47 GB/s
-----------------------Custom ctx->lengths mode: 72---------------------------

 ***** Benchmarking EVP_EncodeUpdate *****:
Benchmark ran 50000 iterations (40000 used after warmup)
Total elapsed (wall):     1.760511 s
CPU cycles (avg):         161555
Instructions (avg):       743772
Instructions per cycle:   4.6038
Instructions per byte:    2.0312
Throughput:              8.32 GB/s
-----------------------Custom ctx->lengths mode: 73---------------------------

 ***** Benchmarking EVP_EncodeUpdate *****:
Benchmark ran 50000 iterations (40000 used after warmup)
Total elapsed (wall):     9.715617 s
CPU cycles (avg):         1034976
Instructions (avg):       5585178
Instructions per cycle:   5.3964
Instructions per byte:    15.2527
Throughput:              1.51 GB/s
-----------------------Custom ctx->lengths mode: 74---------------------------

 ***** Benchmarking EVP_EncodeUpdate *****:
Benchmark ran 50000 iterations (40000 used after warmup)
Total elapsed (wall):     9.398272 s
CPU cycles (avg):         1015994
Instructions (avg):       5554296
Instructions per cycle:   5.4669
Instructions per byte:    15.1684
Throughput:              1.56 GB/s
-----------------------Custom ctx->lengths mode: 75---------------------------

 ***** Benchmarking EVP_EncodeUpdate *****:
Benchmark ran 50000 iterations (40000 used after warmup)
Total elapsed (wall):     1.764091 s
CPU cycles (avg):         168415
Instructions (avg):       825299
Instructions per cycle:   4.9004
Instructions per byte:    2.2538
Throughput:              8.30 GB/s
-----------------------Custom ctx->lengths mode: 76---------------------------

 ***** Benchmarking EVP_EncodeUpdate *****:
Benchmark ran 50000 iterations (40000 used after warmup)
Total elapsed (wall):     9.305389 s
CPU cycles (avg):         1010801
Instructions (avg):       5581629
Instructions per cycle:   5.5220
Instructions per byte:    15.2430
Throughput:              1.57 GB/s
-----------------------Custom ctx->lengths mode: 77---------------------------

 ***** Benchmarking EVP_EncodeUpdate *****:
Benchmark ran 50000 iterations (40000 used after warmup)
Total elapsed (wall):     9.313560 s
CPU cycles (avg):         1008658
Instructions (avg):       5552008
Instructions per cycle:   5.5043
Instructions per byte:    15.1621
Throughput:              1.57 GB/s
-----------------------Custom ctx->lengths mode: 78---------------------------

 ***** Benchmarking EVP_EncodeUpdate *****:
Benchmark ran 50000 iterations (40000 used after warmup)
Total elapsed (wall):     1.738388 s
CPU cycles (avg):         167365
Instructions (avg):       812220
Instructions per cycle:   4.8530
Instructions per byte:    2.2181
Throughput:              8.43 GB/s
-----------------------Custom ctx->lengths mode: 79---------------------------

 ***** Benchmarking EVP_EncodeUpdate *****:
Benchmark ran 50000 iterations (40000 used after warmup)
Total elapsed (wall):     9.345375 s
CPU cycles (avg):         1013134
Instructions (avg):       5578341
Instructions per cycle:   5.5060
Instructions per byte:    15.2340
Throughput:              1.57 GB/s
-----------------------Custom ctx->lengths mode: 80---------------------------

 ***** Benchmarking EVP_EncodeUpdate *****:
Benchmark ran 50000 iterations (40000 used after warmup)
Total elapsed (wall):     9.321475 s
CPU cycles (avg):         1011430
Instructions (avg):       5549874
Instructions per cycle:   5.4872
Instructions per byte:    15.1563
Throughput:              1.57 GB/s


Processed files:
File: lena_color_512.jpg (105764 bytes)
File: googlelogo.png (2357 bytes)
File: mandril_color.jpg (247222 bytes)
File: bing.png (1355 bytes)
File: peppers_color.jpg (9478 bytes)
 
rm -f libcrypto.so.3
rm -f libcrypto.so
rm -f libssl.so.3
rm -f libssl.so
rm -f apps/libapps.a libcrypto.a libssl.a providers/libcommon.a providers/libdefault.a providers/liblegacy.a providers/libtemplate.a test/libtestutil.a
rm -f *.ld
rm -f doc/html/man1/CA.pl.html doc/html/man1/openssl-asn1parse.html doc/html/man1/openssl-ca.html doc/html/man1/openssl-ciphers.html doc/html/man1/openssl-cmds.html doc/html/man1/openssl-cmp.html doc/html/man1/openssl-cms.html doc/html/man1/openssl-configutl.html doc/html/man1/openssl-crl.html doc/html/man1/openssl-crl2pkcs7.html doc/html/man1/openssl-dgst.html doc/html/man1/openssl-dhparam.html doc/html/man1/openssl-dsa.html doc/html/man1/openssl-dsaparam.html doc/html/man1/openssl-ec.html doc/html/man1/openssl-ecparam.html doc/html/man1/openssl-enc.html doc/html/man1/openssl-engine.html doc/html/man1/openssl-errstr.html doc/html/man1/openssl-fipsinstall.html doc/html/man1/openssl-format-options.html doc/html/man1/openssl-gendsa.html doc/html/man1/openssl-genpkey.html doc/html/man1/openssl-genrsa.html doc/html/man1/openssl-info.html doc/html/man1/openssl-kdf.html doc/html/man1/openssl-list.html doc/html/man1/openssl-mac.html doc/html/man1/openssl-namedisplay-options.html doc/html/man1/openssl-nseq.html doc/html/man1/openssl-ocsp.html doc/html/man1/openssl-passphrase-options.html doc/html/man1/openssl-passwd.html doc/html/man1/openssl-pkcs12.html doc/html/man1/openssl-pkcs7.html doc/html/man1/openssl-pkcs8.html doc/html/man1/openssl-pkey.html doc/html/man1/openssl-pkeyparam.html doc/html/man1/openssl-pkeyutl.html doc/html/man1/openssl-prime.html doc/html/man1/openssl-rand.html doc/html/man1/openssl-rehash.html doc/html/man1/openssl-req.html doc/html/man1/openssl-rsa.html doc/html/man1/openssl-rsautl.html doc/html/man1/openssl-s_client.html doc/html/man1/openssl-s_server.html doc/html/man1/openssl-s_time.html doc/html/man1/openssl-sess_id.html doc/html/man1/openssl-skeyutl.html doc/html/man1/openssl-smime.html doc/html/man1/openssl-speed.html doc/html/man1/openssl-spkac.html doc/html/man1/openssl-srp.html doc/html/man1/openssl-storeutl.html doc/html/man1/openssl-ts.html doc/html/man1/openssl-verification-options.html doc/html/man1/openssl-verify.html doc/html/man1/openssl-version.html doc/html/man1/openssl-x509.html doc/html/man1/openssl.html doc/html/man1/tsget.html
rm -f doc/html/man3/ADMISSIONS.html doc/html/man3/ASN1_EXTERN_FUNCS.html doc/html/man3/ASN1_INTEGER_get_int64.html doc/html/man3/ASN1_INTEGER_new.html doc/html/man3/ASN1_ITEM_lookup.html doc/html/man3/ASN1_OBJECT_new.html doc/html/man3/ASN1_STRING_TABLE_add.html doc/html/man3/ASN1_STRING_length.html doc/html/man3/ASN1_STRING_new.html doc/html/man3/ASN1_STRING_print_ex.html doc/html/man3/ASN1_TIME_set.html doc/html/man3/ASN1_TYPE_get.html doc/html/man3/ASN1_aux_cb.html doc/html/man3/ASN1_generate_nconf.html doc/html/man3/ASN1_item_d2i_bio.html doc/html/man3/ASN1_item_new.html doc/html/man3/ASN1_item_sign.html doc/html/man3/ASYNC_WAIT_CTX_new.html doc/html/man3/ASYNC_start_job.html doc/html/man3/BF_encrypt.html doc/html/man3/BIO_ADDR.html doc/html/man3/BIO_ADDRINFO.html doc/html/man3/BIO_connect.html doc/html/man3/BIO_ctrl.html doc/html/man3/BIO_f_base64.html doc/html/man3/BIO_f_buffer.html doc/html/man3/BIO_f_cipher.html doc/html/man3/BIO_f_md.html doc/html/man3/BIO_f_null.html doc/html/man3/BIO_f_prefix.html doc/html/man3/BIO_f_readbuffer.html doc/html/man3/BIO_f_ssl.html doc/html/man3/BIO_find_type.html doc/html/man3/BIO_get_data.html doc/html/man3/BIO_get_ex_new_index.html doc/html/man3/BIO_get_rpoll_descriptor.html doc/html/man3/BIO_meth_new.html doc/html/man3/BIO_new.html doc/html/man3/BIO_new_CMS.html doc/html/man3/BIO_parse_hostserv.html doc/html/man3/BIO_printf.html doc/html/man3/BIO_push.html doc/html/man3/BIO_read.html doc/html/man3/BIO_s_accept.html doc/html/man3/BIO_s_bio.html doc/html/man3/BIO_s_connect.html doc/html/man3/BIO_s_core.html doc/html/man3/BIO_s_datagram.html doc/html/man3/BIO_s_dgram_pair.html doc/html/man3/BIO_s_fd.html doc/html/man3/BIO_s_file.html doc/html/man3/BIO_s_mem.html doc/html/man3/BIO_s_null.html doc/html/man3/BIO_s_socket.html doc/html/man3/BIO_sendmmsg.html doc/html/man3/BIO_set_callback.html doc/html/man3/BIO_should_retry.html doc/html/man3/BIO_socket_wait.html doc/html/man3/BN_BLINDING_new.html doc/html/man3/BN_CTX_new.html doc/html/man3/BN_CTX_start.html doc/html/man3/BN_add.html doc/html/man3/BN_add_word.html doc/html/man3/BN_bn2bin.html doc/html/man3/BN_cmp.html doc/html/man3/BN_copy.html doc/html/man3/BN_generate_prime.html doc/html/man3/BN_mod_exp_mont.html doc/html/man3/BN_mod_inverse.html doc/html/man3/BN_mod_mul_montgomery.html doc/html/man3/BN_mod_mul_reciprocal.html doc/html/man3/BN_new.html doc/html/man3/BN_num_bytes.html doc/html/man3/BN_rand.html doc/html/man3/BN_security_bits.html doc/html/man3/BN_set_bit.html doc/html/man3/BN_swap.html doc/html/man3/BN_zero.html doc/html/man3/BUF_MEM_new.html doc/html/man3/CMAC_CTX.html doc/html/man3/CMS_EncryptedData_decrypt.html doc/html/man3/CMS_EncryptedData_encrypt.html doc/html/man3/CMS_EnvelopedData_create.html doc/html/man3/CMS_add0_cert.html doc/html/man3/CMS_add1_recipient_cert.html doc/html/man3/CMS_add1_signer.html doc/html/man3/CMS_compress.html doc/html/man3/CMS_data_create.html doc/html/man3/CMS_decrypt.html doc/html/man3/CMS_digest_create.html doc/html/man3/CMS_encrypt.html doc/html/man3/CMS_final.html doc/html/man3/CMS_get0_RecipientInfos.html doc/html/man3/CMS_get0_SignerInfos.html doc/html/man3/CMS_get0_type.html doc/html/man3/CMS_get1_ReceiptRequest.html doc/html/man3/CMS_sign.html doc/html/man3/CMS_sign_receipt.html doc/html/man3/CMS_signed_get_attr.html doc/html/man3/CMS_uncompress.html doc/html/man3/CMS_verify.html doc/html/man3/CMS_verify_receipt.html doc/html/man3/COMP_CTX_new.html doc/html/man3/CONF_modules_free.html doc/html/man3/CONF_modules_load_file.html doc/html/man3/CRYPTO_THREAD_run_once.html doc/html/man3/CRYPTO_get_ex_new_index.html doc/html/man3/CRYPTO_memcmp.html doc/html/man3/CTLOG_STORE_get0_log_by_id.html doc/html/man3/CTLOG_STORE_new.html doc/html/man3/CTLOG_new.html doc/html/man3/CT_POLICY_EVAL_CTX_new.html doc/html/man3/DEFINE_STACK_OF.html doc/html/man3/DES_random_key.html doc/html/man3/DH_generate_key.html doc/html/man3/DH_generate_parameters.html doc/html/man3/DH_get0_pqg.html doc/html/man3/DH_get_1024_160.html doc/html/man3/DH_meth_new.html doc/html/man3/DH_new.html doc/html/man3/DH_new_by_nid.html doc/html/man3/DH_set_method.html doc/html/man3/DH_size.html doc/html/man3/DSA_SIG_new.html doc/html/man3/DSA_do_sign.html doc/html/man3/DSA_dup_DH.html doc/html/man3/DSA_generate_key.html doc/html/man3/DSA_generate_parameters.html doc/html/man3/DSA_get0_pqg.html doc/html/man3/DSA_meth_new.html doc/html/man3/DSA_new.html doc/html/man3/DSA_set_method.html doc/html/man3/DSA_sign.html doc/html/man3/DSA_size.html doc/html/man3/DTLS_get_data_mtu.html doc/html/man3/DTLS_set_timer_cb.html doc/html/man3/DTLSv1_get_timeout.html doc/html/man3/DTLSv1_handle_timeout.html doc/html/man3/DTLSv1_listen.html doc/html/man3/ECDSA_SIG_new.html doc/html/man3/ECDSA_sign.html doc/html/man3/ECPKParameters_print.html doc/html/man3/EC_GFp_simple_method.html doc/html/man3/EC_GROUP_copy.html doc/html/man3/EC_GROUP_new.html doc/html/man3/EC_KEY_get_enc_flags.html doc/html/man3/EC_KEY_new.html doc/html/man3/EC_POINT_add.html doc/html/man3/EC_POINT_new.html doc/html/man3/ENGINE_add.html doc/html/man3/ERR_GET_LIB.html doc/html/man3/ERR_clear_error.html doc/html/man3/ERR_error_string.html doc/html/man3/ERR_get_error.html doc/html/man3/ERR_load_crypto_strings.html doc/html/man3/ERR_load_strings.html doc/html/man3/ERR_new.html doc/html/man3/ERR_print_errors.html doc/html/man3/ERR_put_error.html doc/html/man3/ERR_remove_state.html doc/html/man3/ERR_set_mark.html doc/html/man3/EVP_ASYM_CIPHER_free.html doc/html/man3/EVP_BytesToKey.html doc/html/man3/EVP_CIPHER_CTX_get_cipher_data.html doc/html/man3/EVP_CIPHER_CTX_get_original_iv.html doc/html/man3/EVP_CIPHER_meth_new.html doc/html/man3/EVP_DigestInit.html doc/html/man3/EVP_DigestSignInit.html doc/html/man3/EVP_DigestVerifyInit.html doc/html/man3/EVP_EncodeInit.html doc/html/man3/EVP_EncryptInit.html doc/html/man3/EVP_KDF.html doc/html/man3/EVP_KEM_free.html doc/html/man3/EVP_KEYEXCH_free.html doc/html/man3/EVP_KEYMGMT.html doc/html/man3/EVP_MAC.html doc/html/man3/EVP_MD_meth_new.html doc/html/man3/EVP_OpenInit.html doc/html/man3/EVP_PBE_CipherInit.html doc/html/man3/EVP_PKEY2PKCS8.html doc/html/man3/EVP_PKEY_ASN1_METHOD.html doc/html/man3/EVP_PKEY_CTX_ctrl.html doc/html/man3/EVP_PKEY_CTX_get0_libctx.html doc/html/man3/EVP_PKEY_CTX_get0_pkey.html doc/html/man3/EVP_PKEY_CTX_get_algor.html doc/html/man3/EVP_PKEY_CTX_new.html doc/html/man3/EVP_PKEY_CTX_set1_pbe_pass.html doc/html/man3/EVP_PKEY_CTX_set_hkdf_md.html doc/html/man3/EVP_PKEY_CTX_set_params.html doc/html/man3/EVP_PKEY_CTX_set_rsa_pss_keygen_md.html doc/html/man3/EVP_PKEY_CTX_set_scrypt_N.html doc/html/man3/EVP_PKEY_CTX_set_tls1_prf_md.html doc/html/man3/EVP_PKEY_asn1_get_count.html doc/html/man3/EVP_PKEY_check.html doc/html/man3/EVP_PKEY_copy_parameters.html doc/html/man3/EVP_PKEY_decapsulate.html doc/html/man3/EVP_PKEY_decrypt.html doc/html/man3/EVP_PKEY_derive.html doc/html/man3/EVP_PKEY_digestsign_supports_digest.html doc/html/man3/EVP_PKEY_encapsulate.html doc/html/man3/EVP_PKEY_encrypt.html doc/html/man3/EVP_PKEY_fromdata.html doc/html/man3/EVP_PKEY_get_attr.html doc/html/man3/EVP_PKEY_get_default_digest_nid.html doc/html/man3/EVP_PKEY_get_field_type.html doc/html/man3/EVP_PKEY_get_group_name.html doc/html/man3/EVP_PKEY_get_size.html doc/html/man3/EVP_PKEY_gettable_params.html doc/html/man3/EVP_PKEY_is_a.html doc/html/man3/EVP_PKEY_keygen.html doc/html/man3/EVP_PKEY_meth_get_count.html doc/html/man3/EVP_PKEY_meth_new.html doc/html/man3/EVP_PKEY_new.html doc/html/man3/EVP_PKEY_print_private.html doc/html/man3/EVP_PKEY_set1_RSA.html doc/html/man3/EVP_PKEY_set1_encoded_public_key.html doc/html/man3/EVP_PKEY_set_type.html doc/html/man3/EVP_PKEY_settable_params.html doc/html/man3/EVP_PKEY_sign.html doc/html/man3/EVP_PKEY_todata.html doc/html/man3/EVP_PKEY_verify.html doc/html/man3/EVP_PKEY_verify_recover.html doc/html/man3/EVP_RAND.html doc/html/man3/EVP_SIGNATURE.html doc/html/man3/EVP_SKEY.html doc/html/man3/EVP_SKEYMGMT.html doc/html/man3/EVP_SealInit.html doc/html/man3/EVP_SignInit.html doc/html/man3/EVP_VerifyInit.html doc/html/man3/EVP_aes_128_gcm.html doc/html/man3/EVP_aria_128_gcm.html doc/html/man3/EVP_bf_cbc.html doc/html/man3/EVP_blake2b512.html doc/html/man3/EVP_camellia_128_ecb.html doc/html/man3/EVP_cast5_cbc.html doc/html/man3/EVP_chacha20.html doc/html/man3/EVP_des_cbc.html doc/html/man3/EVP_desx_cbc.html doc/html/man3/EVP_idea_cbc.html doc/html/man3/EVP_md2.html doc/html/man3/EVP_md4.html doc/html/man3/EVP_md5.html doc/html/man3/EVP_mdc2.html doc/html/man3/EVP_rc2_cbc.html doc/html/man3/EVP_rc4.html doc/html/man3/EVP_rc5_32_12_16_cbc.html doc/html/man3/EVP_ripemd160.html doc/html/man3/EVP_seed_cbc.html doc/html/man3/EVP_set_default_properties.html doc/html/man3/EVP_sha1.html doc/html/man3/EVP_sha224.html doc/html/man3/EVP_sha3_224.html doc/html/man3/EVP_sm3.html doc/html/man3/EVP_sm4_cbc.html doc/html/man3/EVP_whirlpool.html doc/html/man3/GENERAL_NAME.html doc/html/man3/HMAC.html doc/html/man3/MD5.html doc/html/man3/MDC2_Init.html doc/html/man3/NCONF_new_ex.html doc/html/man3/OBJ_nid2obj.html doc/html/man3/OCSP_REQUEST_new.html doc/html/man3/OCSP_cert_to_id.html doc/html/man3/OCSP_request_add1_nonce.html doc/html/man3/OCSP_resp_find_status.html doc/html/man3/OCSP_response_status.html doc/html/man3/OCSP_sendreq_new.html doc/html/man3/OPENSSL_Applink.html doc/html/man3/OPENSSL_FILE.html doc/html/man3/OPENSSL_LH_COMPFUNC.html doc/html/man3/OPENSSL_LH_stats.html doc/html/man3/OPENSSL_config.html doc/html/man3/OPENSSL_fork_prepare.html doc/html/man3/OPENSSL_gmtime.html doc/html/man3/OPENSSL_hexchar2int.html doc/html/man3/OPENSSL_ia32cap.html doc/html/man3/OPENSSL_init_crypto.html doc/html/man3/OPENSSL_init_ssl.html doc/html/man3/OPENSSL_instrument_bus.html doc/html/man3/OPENSSL_load_builtin_modules.html doc/html/man3/OPENSSL_load_u16_le.html doc/html/man3/OPENSSL_malloc.html doc/html/man3/OPENSSL_riscvcap.html doc/html/man3/OPENSSL_s390xcap.html doc/html/man3/OPENSSL_secure_malloc.html doc/html/man3/OPENSSL_strcasecmp.html doc/html/man3/OSSL_ALGORITHM.html doc/html/man3/OSSL_CALLBACK.html doc/html/man3/OSSL_CMP_ATAV_set0.html doc/html/man3/OSSL_CMP_CTX_new.html doc/html/man3/OSSL_CMP_HDR_get0_transactionID.html doc/html/man3/OSSL_CMP_ITAV_new_caCerts.html doc/html/man3/OSSL_CMP_ITAV_set0.html doc/html/man3/OSSL_CMP_MSG_get0_header.html doc/html/man3/OSSL_CMP_MSG_http_perform.html doc/html/man3/OSSL_CMP_SRV_CTX_new.html doc/html/man3/OSSL_CMP_STATUSINFO_new.html doc/html/man3/OSSL_CMP_exec_certreq.html doc/html/man3/OSSL_CMP_log_open.html doc/html/man3/OSSL_CMP_validate_msg.html doc/html/man3/OSSL_CORE_MAKE_FUNC.html doc/html/man3/OSSL_CRMF_MSG_get0_tmpl.html doc/html/man3/OSSL_CRMF_MSG_set0_validity.html doc/html/man3/OSSL_CRMF_MSG_set1_regCtrl_regToken.html doc/html/man3/OSSL_CRMF_MSG_set1_regInfo_certReq.html doc/html/man3/OSSL_CRMF_pbmp_new.html doc/html/man3/OSSL_DECODER.html doc/html/man3/OSSL_DECODER_CTX.html doc/html/man3/OSSL_DECODER_CTX_new_for_pkey.html doc/html/man3/OSSL_DECODER_from_bio.html doc/html/man3/OSSL_DISPATCH.html doc/html/man3/OSSL_ENCODER.html doc/html/man3/OSSL_ENCODER_CTX.html doc/html/man3/OSSL_ENCODER_CTX_new_for_pkey.html doc/html/man3/OSSL_ENCODER_to_bio.html doc/html/man3/OSSL_ERR_STATE_save.html doc/html/man3/OSSL_ESS_check_signing_certs.html doc/html/man3/OSSL_GENERAL_NAMES_print.html doc/html/man3/OSSL_HPKE_CTX_new.html doc/html/man3/OSSL_HTTP_REQ_CTX.html doc/html/man3/OSSL_HTTP_parse_url.html doc/html/man3/OSSL_HTTP_transfer.html doc/html/man3/OSSL_IETF_ATTR_SYNTAX.html doc/html/man3/OSSL_IETF_ATTR_SYNTAX_print.html doc/html/man3/OSSL_INDICATOR_set_callback.html doc/html/man3/OSSL_ITEM.html doc/html/man3/OSSL_LIB_CTX.html doc/html/man3/OSSL_LIB_CTX_set_conf_diagnostics.html doc/html/man3/OSSL_PARAM.html doc/html/man3/OSSL_PARAM_BLD.html doc/html/man3/OSSL_PARAM_allocate_from_text.html doc/html/man3/OSSL_PARAM_dup.html doc/html/man3/OSSL_PARAM_int.html doc/html/man3/OSSL_PARAM_print_to_bio.html doc/html/man3/OSSL_PROVIDER.html doc/html/man3/OSSL_QUIC_client_method.html doc/html/man3/OSSL_SELF_TEST_new.html doc/html/man3/OSSL_SELF_TEST_set_callback.html doc/html/man3/OSSL_STORE_INFO.html doc/html/man3/OSSL_STORE_LOADER.html doc/html/man3/OSSL_STORE_SEARCH.html doc/html/man3/OSSL_STORE_attach.html doc/html/man3/OSSL_STORE_expect.html doc/html/man3/OSSL_STORE_open.html doc/html/man3/OSSL_sleep.html doc/html/man3/OSSL_trace_enabled.html doc/html/man3/OSSL_trace_get_category_num.html doc/html/man3/OSSL_trace_set_channel.html doc/html/man3/OpenSSL_add_all_algorithms.html doc/html/man3/OpenSSL_version.html doc/html/man3/PBMAC1_get1_pbkdf2_param.html doc/html/man3/PEM_X509_INFO_read_bio_ex.html doc/html/man3/PEM_bytes_read_bio.html doc/html/man3/PEM_read.html doc/html/man3/PEM_read_CMS.html doc/html/man3/PEM_read_bio_PrivateKey.html doc/html/man3/PEM_read_bio_ex.html doc/html/man3/PEM_write_bio_CMS_stream.html doc/html/man3/PEM_write_bio_PKCS7_stream.html doc/html/man3/PKCS12_PBE_keyivgen.html doc/html/man3/PKCS12_SAFEBAG_create_cert.html doc/html/man3/PKCS12_SAFEBAG_get0_attrs.html doc/html/man3/PKCS12_SAFEBAG_get1_cert.html doc/html/man3/PKCS12_SAFEBAG_set0_attrs.html doc/html/man3/PKCS12_add1_attr_by_NID.html doc/html/man3/PKCS12_add_CSPName_asc.html doc/html/man3/PKCS12_add_cert.html doc/html/man3/PKCS12_add_friendlyname_asc.html doc/html/man3/PKCS12_add_localkeyid.html doc/html/man3/PKCS12_add_safe.html doc/html/man3/PKCS12_create.html doc/html/man3/PKCS12_decrypt_skey.html doc/html/man3/PKCS12_gen_mac.html doc/html/man3/PKCS12_get_friendlyname.html doc/html/man3/PKCS12_init.html doc/html/man3/PKCS12_item_decrypt_d2i.html doc/html/man3/PKCS12_key_gen_utf8_ex.html doc/html/man3/PKCS12_newpass.html doc/html/man3/PKCS12_pack_p7encdata.html doc/html/man3/PKCS12_parse.html doc/html/man3/PKCS5_PBE_keyivgen.html doc/html/man3/PKCS5_PBKDF2_HMAC.html doc/html/man3/PKCS7_decrypt.html doc/html/man3/PKCS7_encrypt.html doc/html/man3/PKCS7_get_octet_string.html doc/html/man3/PKCS7_sign.html doc/html/man3/PKCS7_sign_add_signer.html doc/html/man3/PKCS7_type_is_other.html doc/html/man3/PKCS7_verify.html doc/html/man3/PKCS8_encrypt.html doc/html/man3/PKCS8_pkey_add1_attr.html doc/html/man3/RAND_add.html doc/html/man3/RAND_bytes.html doc/html/man3/RAND_cleanup.html doc/html/man3/RAND_egd.html doc/html/man3/RAND_get0_primary.html doc/html/man3/RAND_load_file.html doc/html/man3/RAND_set_DRBG_type.html doc/html/man3/RAND_set_rand_method.html doc/html/man3/RC4_set_key.html doc/html/man3/RIPEMD160_Init.html doc/html/man3/RSA_blinding_on.html doc/html/man3/RSA_check_key.html doc/html/man3/RSA_generate_key.html doc/html/man3/RSA_get0_key.html doc/html/man3/RSA_meth_new.html doc/html/man3/RSA_new.html doc/html/man3/RSA_padding_add_PKCS1_type_1.html doc/html/man3/RSA_print.html doc/html/man3/RSA_private_encrypt.html doc/html/man3/RSA_public_encrypt.html doc/html/man3/RSA_set_method.html doc/html/man3/RSA_sign.html doc/html/man3/RSA_sign_ASN1_OCTET_STRING.html doc/html/man3/RSA_size.html doc/html/man3/SCT_new.html doc/html/man3/SCT_print.html doc/html/man3/SCT_validate.html doc/html/man3/SHA256_Init.html doc/html/man3/SMIME_read_ASN1.html doc/html/man3/SMIME_read_CMS.html doc/html/man3/SMIME_read_PKCS7.html doc/html/man3/SMIME_write_ASN1.html doc/html/man3/SMIME_write_CMS.html doc/html/man3/SMIME_write_PKCS7.html doc/html/man3/SRP_Calc_B.html doc/html/man3/SRP_VBASE_new.html doc/html/man3/SRP_create_verifier.html doc/html/man3/SRP_user_pwd_new.html doc/html/man3/SSL_CIPHER_get_name.html doc/html/man3/SSL_COMP_add_compression_method.html doc/html/man3/SSL_CONF_CTX_new.html doc/html/man3/SSL_CONF_CTX_set1_prefix.html doc/html/man3/SSL_CONF_CTX_set_flags.html doc/html/man3/SSL_CONF_CTX_set_ssl_ctx.html doc/html/man3/SSL_CONF_cmd.html doc/html/man3/SSL_CONF_cmd_argv.html doc/html/man3/SSL_CTX_add1_chain_cert.html doc/html/man3/SSL_CTX_add_extra_chain_cert.html doc/html/man3/SSL_CTX_add_session.html doc/html/man3/SSL_CTX_config.html doc/html/man3/SSL_CTX_ctrl.html doc/html/man3/SSL_CTX_dane_enable.html doc/html/man3/SSL_CTX_flush_sessions.html doc/html/man3/SSL_CTX_free.html doc/html/man3/SSL_CTX_get0_param.html doc/html/man3/SSL_CTX_get_verify_mode.html doc/html/man3/SSL_CTX_has_client_custom_ext.html doc/html/man3/SSL_CTX_load_verify_locations.html doc/html/man3/SSL_CTX_new.html doc/html/man3/SSL_CTX_sess_number.html doc/html/man3/SSL_CTX_sess_set_cache_size.html doc/html/man3/SSL_CTX_sess_set_get_cb.html doc/html/man3/SSL_CTX_sessions.html doc/html/man3/SSL_CTX_set0_CA_list.html doc/html/man3/SSL_CTX_set1_cert_comp_preference.html doc/html/man3/SSL_CTX_set1_curves.html doc/html/man3/SSL_CTX_set1_sigalgs.html doc/html/man3/SSL_CTX_set1_verify_cert_store.html doc/html/man3/SSL_CTX_set_alpn_select_cb.html doc/html/man3/SSL_CTX_set_cert_cb.html doc/html/man3/SSL_CTX_set_cert_store.html doc/html/man3/SSL_CTX_set_cert_verify_callback.html doc/html/man3/SSL_CTX_set_cipher_list.html doc/html/man3/SSL_CTX_set_client_cert_cb.html doc/html/man3/SSL_CTX_set_client_hello_cb.html doc/html/man3/SSL_CTX_set_ct_validation_callback.html doc/html/man3/SSL_CTX_set_ctlog_list_file.html doc/html/man3/SSL_CTX_set_default_passwd_cb.html doc/html/man3/SSL_CTX_set_domain_flags.html doc/html/man3/SSL_CTX_set_generate_session_id.html doc/html/man3/SSL_CTX_set_info_callback.html doc/html/man3/SSL_CTX_set_keylog_callback.html doc/html/man3/SSL_CTX_set_max_cert_list.html doc/html/man3/SSL_CTX_set_min_proto_version.html doc/html/man3/SSL_CTX_set_mode.html doc/html/man3/SSL_CTX_set_msg_callback.html doc/html/man3/SSL_CTX_set_new_pending_conn_cb.html doc/html/man3/SSL_CTX_set_num_tickets.html doc/html/man3/SSL_CTX_set_options.html doc/html/man3/SSL_CTX_set_psk_client_callback.html doc/html/man3/SSL_CTX_set_quiet_shutdown.html doc/html/man3/SSL_CTX_set_read_ahead.html doc/html/man3/SSL_CTX_set_record_padding_callback.html doc/html/man3/SSL_CTX_set_security_level.html doc/html/man3/SSL_CTX_set_session_cache_mode.html doc/html/man3/SSL_CTX_set_session_id_context.html doc/html/man3/SSL_CTX_set_session_ticket_cb.html doc/html/man3/SSL_CTX_set_split_send_fragment.html doc/html/man3/SSL_CTX_set_srp_password.html doc/html/man3/SSL_CTX_set_ssl_version.html doc/html/man3/SSL_CTX_set_stateless_cookie_generate_cb.html doc/html/man3/SSL_CTX_set_timeout.html doc/html/man3/SSL_CTX_set_tlsext_servername_callback.html doc/html/man3/SSL_CTX_set_tlsext_status_cb.html doc/html/man3/SSL_CTX_set_tlsext_ticket_key_cb.html doc/html/man3/SSL_CTX_set_tlsext_use_srtp.html doc/html/man3/SSL_CTX_set_tmp_dh_callback.html doc/html/man3/SSL_CTX_set_tmp_ecdh.html doc/html/man3/SSL_CTX_set_verify.html doc/html/man3/SSL_CTX_use_certificate.html doc/html/man3/SSL_CTX_use_psk_identity_hint.html doc/html/man3/SSL_CTX_use_serverinfo.html doc/html/man3/SSL_SESSION_free.html doc/html/man3/SSL_SESSION_get0_cipher.html doc/html/man3/SSL_SESSION_get0_hostname.html doc/html/man3/SSL_SESSION_get0_id_context.html doc/html/man3/SSL_SESSION_get0_peer.html doc/html/man3/SSL_SESSION_get_compress_id.html doc/html/man3/SSL_SESSION_get_protocol_version.html doc/html/man3/SSL_SESSION_get_time.html doc/html/man3/SSL_SESSION_has_ticket.html doc/html/man3/SSL_SESSION_is_resumable.html doc/html/man3/SSL_SESSION_print.html doc/html/man3/SSL_SESSION_set1_id.html doc/html/man3/SSL_accept.html doc/html/man3/SSL_accept_stream.html doc/html/man3/SSL_alert_type_string.html doc/html/man3/SSL_alloc_buffers.html doc/html/man3/SSL_check_chain.html doc/html/man3/SSL_clear.html doc/html/man3/SSL_connect.html doc/html/man3/SSL_do_handshake.html doc/html/man3/SSL_export_keying_material.html doc/html/man3/SSL_extension_supported.html doc/html/man3/SSL_free.html doc/html/man3/SSL_get0_connection.html doc/html/man3/SSL_get0_group_name.html doc/html/man3/SSL_get0_peer_rpk.html doc/html/man3/SSL_get0_peer_scts.html doc/html/man3/SSL_get1_builtin_sigalgs.html doc/html/man3/SSL_get_SSL_CTX.html doc/html/man3/SSL_get_all_async_fds.html doc/html/man3/SSL_get_certificate.html doc/html/man3/SSL_get_ciphers.html doc/html/man3/SSL_get_client_random.html doc/html/man3/SSL_get_conn_close_info.html doc/html/man3/SSL_get_current_cipher.html doc/html/man3/SSL_get_default_timeout.html doc/html/man3/SSL_get_error.html doc/html/man3/SSL_get_event_timeout.html doc/html/man3/SSL_get_extms_support.html doc/html/man3/SSL_get_fd.html doc/html/man3/SSL_get_handshake_rtt.html doc/html/man3/SSL_get_peer_cert_chain.html doc/html/man3/SSL_get_peer_certificate.html doc/html/man3/SSL_get_peer_signature_nid.html doc/html/man3/SSL_get_peer_tmp_key.html doc/html/man3/SSL_get_psk_identity.html doc/html/man3/SSL_get_rbio.html doc/html/man3/SSL_get_rpoll_descriptor.html doc/html/man3/SSL_get_session.html doc/html/man3/SSL_get_shared_sigalgs.html doc/html/man3/SSL_get_stream_id.html doc/html/man3/SSL_get_stream_read_state.html doc/html/man3/SSL_get_value_uint.html doc/html/man3/SSL_get_verify_result.html doc/html/man3/SSL_get_version.html doc/html/man3/SSL_group_to_name.html doc/html/man3/SSL_handle_events.html doc/html/man3/SSL_in_init.html doc/html/man3/SSL_inject_net_dgram.html doc/html/man3/SSL_key_update.html doc/html/man3/SSL_library_init.html doc/html/man3/SSL_load_client_CA_file.html doc/html/man3/SSL_new.html doc/html/man3/SSL_new_domain.html doc/html/man3/SSL_new_listener.html doc/html/man3/SSL_new_stream.html doc/html/man3/SSL_pending.html doc/html/man3/SSL_poll.html doc/html/man3/SSL_read.html doc/html/man3/SSL_read_early_data.html doc/html/man3/SSL_rstate_string.html doc/html/man3/SSL_session_reused.html doc/html/man3/SSL_set1_host.html doc/html/man3/SSL_set1_initial_peer_addr.html doc/html/man3/SSL_set1_server_cert_type.html doc/html/man3/SSL_set_async_callback.html doc/html/man3/SSL_set_bio.html doc/html/man3/SSL_set_blocking_mode.html doc/html/man3/SSL_set_connect_state.html doc/html/man3/SSL_set_default_stream_mode.html doc/html/man3/SSL_set_fd.html doc/html/man3/SSL_set_incoming_stream_policy.html doc/html/man3/SSL_set_quic_tls_cbs.html doc/html/man3/SSL_set_retry_verify.html doc/html/man3/SSL_set_session.html doc/html/man3/SSL_set_session_secret_cb.html doc/html/man3/SSL_set_shutdown.html doc/html/man3/SSL_set_verify_result.html doc/html/man3/SSL_shutdown.html doc/html/man3/SSL_state_string.html doc/html/man3/SSL_stream_conclude.html doc/html/man3/SSL_stream_reset.html doc/html/man3/SSL_want.html doc/html/man3/SSL_write.html doc/html/man3/TS_RESP_CTX_new.html doc/html/man3/TS_VERIFY_CTX.html doc/html/man3/UI_STRING.html doc/html/man3/UI_UTIL_read_pw.html doc/html/man3/UI_create_method.html doc/html/man3/UI_new.html doc/html/man3/X509V3_get_d2i.html doc/html/man3/X509V3_set_ctx.html doc/html/man3/X509_ACERT_add1_attr.html doc/html/man3/X509_ACERT_add_attr_nconf.html doc/html/man3/X509_ACERT_get0_holder_baseCertId.html doc/html/man3/X509_ACERT_get_attr.html doc/html/man3/X509_ACERT_print_ex.html doc/html/man3/X509_ALGOR_dup.html doc/html/man3/X509_ATTRIBUTE.html doc/html/man3/X509_CRL_get0_by_serial.html doc/html/man3/X509_EXTENSION_set_object.html doc/html/man3/X509_LOOKUP.html doc/html/man3/X509_LOOKUP_hash_dir.html doc/html/man3/X509_LOOKUP_meth_new.html doc/html/man3/X509_NAME_ENTRY_get_object.html doc/html/man3/X509_NAME_add_entry_by_txt.html doc/html/man3/X509_NAME_get0_der.html doc/html/man3/X509_NAME_get_index_by_NID.html doc/html/man3/X509_NAME_print_ex.html doc/html/man3/X509_PUBKEY_new.html doc/html/man3/X509_REQ_get_attr.html doc/html/man3/X509_REQ_get_extensions.html doc/html/man3/X509_SIG_get0.html doc/html/man3/X509_STORE_CTX_get_by_subject.html doc/html/man3/X509_STORE_CTX_get_error.html doc/html/man3/X509_STORE_CTX_new.html doc/html/man3/X509_STORE_CTX_set_verify_cb.html doc/html/man3/X509_STORE_add_cert.html doc/html/man3/X509_STORE_get0_param.html doc/html/man3/X509_STORE_new.html doc/html/man3/X509_STORE_set_verify_cb_func.html doc/html/man3/X509_VERIFY_PARAM_set_flags.html doc/html/man3/X509_add_cert.html doc/html/man3/X509_check_ca.html doc/html/man3/X509_check_host.html doc/html/man3/X509_check_issued.html doc/html/man3/X509_check_private_key.html doc/html/man3/X509_check_purpose.html doc/html/man3/X509_cmp.html doc/html/man3/X509_cmp_time.html doc/html/man3/X509_digest.html doc/html/man3/X509_dup.html doc/html/man3/X509_get0_distinguishing_id.html doc/html/man3/X509_get0_notBefore.html doc/html/man3/X509_get0_signature.html doc/html/man3/X509_get0_uids.html doc/html/man3/X509_get_default_cert_file.html doc/html/man3/X509_get_extension_flags.html doc/html/man3/X509_get_pubkey.html doc/html/man3/X509_get_serialNumber.html doc/html/man3/X509_get_subject_name.html doc/html/man3/X509_get_version.html doc/html/man3/X509_load_http.html doc/html/man3/X509_new.html doc/html/man3/X509_sign.html doc/html/man3/X509_verify.html doc/html/man3/X509_verify_cert.html doc/html/man3/X509v3_get_ext_by_NID.html doc/html/man3/b2i_PVK_bio_ex.html doc/html/man3/d2i_PKCS8PrivateKey_bio.html doc/html/man3/d2i_PrivateKey.html doc/html/man3/d2i_RSAPrivateKey.html doc/html/man3/d2i_SSL_SESSION.html doc/html/man3/d2i_X509.html doc/html/man3/i2d_CMS_bio_stream.html doc/html/man3/i2d_PKCS7_bio_stream.html doc/html/man3/i2d_re_X509_tbs.html doc/html/man3/o2i_SCT_LIST.html doc/html/man3/s2i_ASN1_IA5STRING.html
rm -f doc/html/man5/config.html doc/html/man5/fips_config.html doc/html/man5/x509v3_config.html
rm -f doc/html/man7/EVP_ASYM_CIPHER-RSA.html doc/html/man7/EVP_ASYM_CIPHER-SM2.html doc/html/man7/EVP_CIPHER-AES.html doc/html/man7/EVP_CIPHER-ARIA.html doc/html/man7/EVP_CIPHER-BLOWFISH.html doc/html/man7/EVP_CIPHER-CAMELLIA.html doc/html/man7/EVP_CIPHER-CAST.html doc/html/man7/EVP_CIPHER-CHACHA.html doc/html/man7/EVP_CIPHER-DES.html doc/html/man7/EVP_CIPHER-IDEA.html doc/html/man7/EVP_CIPHER-NULL.html doc/html/man7/EVP_CIPHER-RC2.html doc/html/man7/EVP_CIPHER-RC4.html doc/html/man7/EVP_CIPHER-RC5.html doc/html/man7/EVP_CIPHER-SEED.html doc/html/man7/EVP_CIPHER-SM4.html doc/html/man7/EVP_KDF-ARGON2.html doc/html/man7/EVP_KDF-HKDF.html doc/html/man7/EVP_KDF-HMAC-DRBG.html doc/html/man7/EVP_KDF-KB.html doc/html/man7/EVP_KDF-KRB5KDF.html doc/html/man7/EVP_KDF-PBKDF1.html doc/html/man7/EVP_KDF-PBKDF2.html doc/html/man7/EVP_KDF-PKCS12KDF.html doc/html/man7/EVP_KDF-PVKKDF.html doc/html/man7/EVP_KDF-SCRYPT.html doc/html/man7/EVP_KDF-SS.html doc/html/man7/EVP_KDF-SSHKDF.html doc/html/man7/EVP_KDF-TLS13_KDF.html doc/html/man7/EVP_KDF-TLS1_PRF.html doc/html/man7/EVP_KDF-X942-ASN1.html doc/html/man7/EVP_KDF-X942-CONCAT.html doc/html/man7/EVP_KDF-X963.html doc/html/man7/EVP_KEM-EC.html doc/html/man7/EVP_KEM-ML-KEM.html doc/html/man7/EVP_KEM-RSA.html doc/html/man7/EVP_KEM-X25519.html doc/html/man7/EVP_KEYEXCH-DH.html doc/html/man7/EVP_KEYEXCH-ECDH.html doc/html/man7/EVP_KEYEXCH-X25519.html doc/html/man7/EVP_MAC-BLAKE2.html doc/html/man7/EVP_MAC-CMAC.html doc/html/man7/EVP_MAC-GMAC.html doc/html/man7/EVP_MAC-HMAC.html doc/html/man7/EVP_MAC-KMAC.html doc/html/man7/EVP_MAC-Poly1305.html doc/html/man7/EVP_MAC-Siphash.html doc/html/man7/EVP_MD-BLAKE2.html doc/html/man7/EVP_MD-KECCAK.html doc/html/man7/EVP_MD-MD2.html doc/html/man7/EVP_MD-MD4.html doc/html/man7/EVP_MD-MD5-SHA1.html doc/html/man7/EVP_MD-MD5.html doc/html/man7/EVP_MD-MDC2.html doc/html/man7/EVP_MD-NULL.html doc/html/man7/EVP_MD-RIPEMD160.html doc/html/man7/EVP_MD-SHA1.html doc/html/man7/EVP_MD-SHA2.html doc/html/man7/EVP_MD-SHA3.html doc/html/man7/EVP_MD-SHAKE.html doc/html/man7/EVP_MD-SM3.html doc/html/man7/EVP_MD-WHIRLPOOL.html doc/html/man7/EVP_MD-common.html doc/html/man7/EVP_PKEY-DH.html doc/html/man7/EVP_PKEY-DSA.html doc/html/man7/EVP_PKEY-EC.html doc/html/man7/EVP_PKEY-FFC.html doc/html/man7/EVP_PKEY-HMAC.html doc/html/man7/EVP_PKEY-ML-DSA.html doc/html/man7/EVP_PKEY-ML-KEM.html doc/html/man7/EVP_PKEY-RSA.html doc/html/man7/EVP_PKEY-SLH-DSA.html doc/html/man7/EVP_PKEY-SM2.html doc/html/man7/EVP_PKEY-X25519.html doc/html/man7/EVP_RAND-CRNG-TEST.html doc/html/man7/EVP_RAND-CTR-DRBG.html doc/html/man7/EVP_RAND-HASH-DRBG.html doc/html/man7/EVP_RAND-HMAC-DRBG.html doc/html/man7/EVP_RAND-JITTER.html doc/html/man7/EVP_RAND-SEED-SRC.html doc/html/man7/EVP_RAND-TEST-RAND.html doc/html/man7/EVP_RAND.html doc/html/man7/EVP_SIGNATURE-DSA.html doc/html/man7/EVP_SIGNATURE-ECDSA.html doc/html/man7/EVP_SIGNATURE-ED25519.html doc/html/man7/EVP_SIGNATURE-HMAC.html doc/html/man7/EVP_SIGNATURE-ML-DSA.html doc/html/man7/EVP_SIGNATURE-RSA.html doc/html/man7/EVP_SIGNATURE-SLH-DSA.html doc/html/man7/OSSL_PROVIDER-FIPS.html doc/html/man7/OSSL_PROVIDER-base.html doc/html/man7/OSSL_PROVIDER-default.html doc/html/man7/OSSL_PROVIDER-legacy.html doc/html/man7/OSSL_PROVIDER-null.html doc/html/man7/OSSL_STORE-winstore.html doc/html/man7/RAND.html doc/html/man7/RSA-PSS.html doc/html/man7/X25519.html doc/html/man7/bio.html doc/html/man7/ct.html doc/html/man7/des_modes.html doc/html/man7/evp.html doc/html/man7/fips_module.html doc/html/man7/life_cycle-cipher.html doc/html/man7/life_cycle-digest.html doc/html/man7/life_cycle-kdf.html doc/html/man7/life_cycle-mac.html doc/html/man7/life_cycle-pkey.html doc/html/man7/life_cycle-rand.html doc/html/man7/openssl-core.h.html doc/html/man7/openssl-core_dispatch.h.html doc/html/man7/openssl-core_names.h.html doc/html/man7/openssl-env.html doc/html/man7/openssl-glossary.html doc/html/man7/openssl-qlog.html doc/html/man7/openssl-quic-concurrency.html doc/html/man7/openssl-quic.html doc/html/man7/openssl-threads.html doc/html/man7/openssl_user_macros.html doc/html/man7/ossl-guide-introduction.html doc/html/man7/ossl-guide-libcrypto-introduction.html doc/html/man7/ossl-guide-libraries-introduction.html doc/html/man7/ossl-guide-libssl-introduction.html doc/html/man7/ossl-guide-migration.html doc/html/man7/ossl-guide-quic-client-block.html doc/html/man7/ossl-guide-quic-client-non-block.html doc/html/man7/ossl-guide-quic-introduction.html doc/html/man7/ossl-guide-quic-multi-stream.html doc/html/man7/ossl-guide-quic-server-block.html doc/html/man7/ossl-guide-quic-server-non-block.html doc/html/man7/ossl-guide-tls-client-block.html doc/html/man7/ossl-guide-tls-client-non-block.html doc/html/man7/ossl-guide-tls-introduction.html doc/html/man7/ossl-guide-tls-server-block.html doc/html/man7/ossl_store-file.html doc/html/man7/ossl_store.html doc/html/man7/passphrase-encoding.html doc/html/man7/property.html doc/html/man7/provider-asym_cipher.html doc/html/man7/provider-base.html doc/html/man7/provider-cipher.html doc/html/man7/provider-decoder.html doc/html/man7/provider-digest.html doc/html/man7/provider-encoder.html doc/html/man7/provider-kdf.html doc/html/man7/provider-kem.html doc/html/man7/provider-keyexch.html doc/html/man7/provider-keymgmt.html doc/html/man7/provider-mac.html doc/html/man7/provider-object.html doc/html/man7/provider-rand.html doc/html/man7/provider-signature.html doc/html/man7/provider-skeymgmt.html doc/html/man7/provider-storemgmt.html doc/html/man7/provider.html doc/html/man7/proxy-certificates.html doc/html/man7/x509.html
rm -f doc/man/man1/CA.pl.1 doc/man/man1/openssl-asn1parse.1 doc/man/man1/openssl-ca.1 doc/man/man1/openssl-ciphers.1 doc/man/man1/openssl-cmds.1 doc/man/man1/openssl-cmp.1 doc/man/man1/openssl-cms.1 doc/man/man1/openssl-configutl.1 doc/man/man1/openssl-crl.1 doc/man/man1/openssl-crl2pkcs7.1 doc/man/man1/openssl-dgst.1 doc/man/man1/openssl-dhparam.1 doc/man/man1/openssl-dsa.1 doc/man/man1/openssl-dsaparam.1 doc/man/man1/openssl-ec.1 doc/man/man1/openssl-ecparam.1 doc/man/man1/openssl-enc.1 doc/man/man1/openssl-engine.1 doc/man/man1/openssl-errstr.1 doc/man/man1/openssl-fipsinstall.1 doc/man/man1/openssl-format-options.1 doc/man/man1/openssl-gendsa.1 doc/man/man1/openssl-genpkey.1 doc/man/man1/openssl-genrsa.1 doc/man/man1/openssl-info.1 doc/man/man1/openssl-kdf.1 doc/man/man1/openssl-list.1 doc/man/man1/openssl-mac.1 doc/man/man1/openssl-namedisplay-options.1 doc/man/man1/openssl-nseq.1 doc/man/man1/openssl-ocsp.1 doc/man/man1/openssl-passphrase-options.1 doc/man/man1/openssl-passwd.1 doc/man/man1/openssl-pkcs12.1 doc/man/man1/openssl-pkcs7.1 doc/man/man1/openssl-pkcs8.1 doc/man/man1/openssl-pkey.1 doc/man/man1/openssl-pkeyparam.1 doc/man/man1/openssl-pkeyutl.1 doc/man/man1/openssl-prime.1 doc/man/man1/openssl-rand.1 doc/man/man1/openssl-rehash.1 doc/man/man1/openssl-req.1 doc/man/man1/openssl-rsa.1 doc/man/man1/openssl-rsautl.1 doc/man/man1/openssl-s_client.1 doc/man/man1/openssl-s_server.1 doc/man/man1/openssl-s_time.1 doc/man/man1/openssl-sess_id.1 doc/man/man1/openssl-skeyutl.1 doc/man/man1/openssl-smime.1 doc/man/man1/openssl-speed.1 doc/man/man1/openssl-spkac.1 doc/man/man1/openssl-srp.1 doc/man/man1/openssl-storeutl.1 doc/man/man1/openssl-ts.1 doc/man/man1/openssl-verification-options.1 doc/man/man1/openssl-verify.1 doc/man/man1/openssl-version.1 doc/man/man1/openssl-x509.1 doc/man/man1/openssl.1 doc/man/man1/tsget.1
rm -f doc/man/man3/ADMISSIONS.3 doc/man/man3/ASN1_EXTERN_FUNCS.3 doc/man/man3/ASN1_INTEGER_get_int64.3 doc/man/man3/ASN1_INTEGER_new.3 doc/man/man3/ASN1_ITEM_lookup.3 doc/man/man3/ASN1_OBJECT_new.3 doc/man/man3/ASN1_STRING_TABLE_add.3 doc/man/man3/ASN1_STRING_length.3 doc/man/man3/ASN1_STRING_new.3 doc/man/man3/ASN1_STRING_print_ex.3 doc/man/man3/ASN1_TIME_set.3 doc/man/man3/ASN1_TYPE_get.3 doc/man/man3/ASN1_aux_cb.3 doc/man/man3/ASN1_generate_nconf.3 doc/man/man3/ASN1_item_d2i_bio.3 doc/man/man3/ASN1_item_new.3 doc/man/man3/ASN1_item_sign.3 doc/man/man3/ASYNC_WAIT_CTX_new.3 doc/man/man3/ASYNC_start_job.3 doc/man/man3/BF_encrypt.3 doc/man/man3/BIO_ADDR.3 doc/man/man3/BIO_ADDRINFO.3 doc/man/man3/BIO_connect.3 doc/man/man3/BIO_ctrl.3 doc/man/man3/BIO_f_base64.3 doc/man/man3/BIO_f_buffer.3 doc/man/man3/BIO_f_cipher.3 doc/man/man3/BIO_f_md.3 doc/man/man3/BIO_f_null.3 doc/man/man3/BIO_f_prefix.3 doc/man/man3/BIO_f_readbuffer.3 doc/man/man3/BIO_f_ssl.3 doc/man/man3/BIO_find_type.3 doc/man/man3/BIO_get_data.3 doc/man/man3/BIO_get_ex_new_index.3 doc/man/man3/BIO_get_rpoll_descriptor.3 doc/man/man3/BIO_meth_new.3 doc/man/man3/BIO_new.3 doc/man/man3/BIO_new_CMS.3 doc/man/man3/BIO_parse_hostserv.3 doc/man/man3/BIO_printf.3 doc/man/man3/BIO_push.3 doc/man/man3/BIO_read.3 doc/man/man3/BIO_s_accept.3 doc/man/man3/BIO_s_bio.3 doc/man/man3/BIO_s_connect.3 doc/man/man3/BIO_s_core.3 doc/man/man3/BIO_s_datagram.3 doc/man/man3/BIO_s_dgram_pair.3 doc/man/man3/BIO_s_fd.3 doc/man/man3/BIO_s_file.3 doc/man/man3/BIO_s_mem.3 doc/man/man3/BIO_s_null.3 doc/man/man3/BIO_s_socket.3 doc/man/man3/BIO_sendmmsg.3 doc/man/man3/BIO_set_callback.3 doc/man/man3/BIO_should_retry.3 doc/man/man3/BIO_socket_wait.3 doc/man/man3/BN_BLINDING_new.3 doc/man/man3/BN_CTX_new.3 doc/man/man3/BN_CTX_start.3 doc/man/man3/BN_add.3 doc/man/man3/BN_add_word.3 doc/man/man3/BN_bn2bin.3 doc/man/man3/BN_cmp.3 doc/man/man3/BN_copy.3 doc/man/man3/BN_generate_prime.3 doc/man/man3/BN_mod_exp_mont.3 doc/man/man3/BN_mod_inverse.3 doc/man/man3/BN_mod_mul_montgomery.3 doc/man/man3/BN_mod_mul_reciprocal.3 doc/man/man3/BN_new.3 doc/man/man3/BN_num_bytes.3 doc/man/man3/BN_rand.3 doc/man/man3/BN_security_bits.3 doc/man/man3/BN_set_bit.3 doc/man/man3/BN_swap.3 doc/man/man3/BN_zero.3 doc/man/man3/BUF_MEM_new.3 doc/man/man3/CMAC_CTX.3 doc/man/man3/CMS_EncryptedData_decrypt.3 doc/man/man3/CMS_EncryptedData_encrypt.3 doc/man/man3/CMS_EnvelopedData_create.3 doc/man/man3/CMS_add0_cert.3 doc/man/man3/CMS_add1_recipient_cert.3 doc/man/man3/CMS_add1_signer.3 doc/man/man3/CMS_compress.3 doc/man/man3/CMS_data_create.3 doc/man/man3/CMS_decrypt.3 doc/man/man3/CMS_digest_create.3 doc/man/man3/CMS_encrypt.3 doc/man/man3/CMS_final.3 doc/man/man3/CMS_get0_RecipientInfos.3 doc/man/man3/CMS_get0_SignerInfos.3 doc/man/man3/CMS_get0_type.3 doc/man/man3/CMS_get1_ReceiptRequest.3 doc/man/man3/CMS_sign.3 doc/man/man3/CMS_sign_receipt.3 doc/man/man3/CMS_signed_get_attr.3 doc/man/man3/CMS_uncompress.3 doc/man/man3/CMS_verify.3 doc/man/man3/CMS_verify_receipt.3 doc/man/man3/COMP_CTX_new.3 doc/man/man3/CONF_modules_free.3 doc/man/man3/CONF_modules_load_file.3 doc/man/man3/CRYPTO_THREAD_run_once.3 doc/man/man3/CRYPTO_get_ex_new_index.3 doc/man/man3/CRYPTO_memcmp.3 doc/man/man3/CTLOG_STORE_get0_log_by_id.3 doc/man/man3/CTLOG_STORE_new.3 doc/man/man3/CTLOG_new.3 doc/man/man3/CT_POLICY_EVAL_CTX_new.3 doc/man/man3/DEFINE_STACK_OF.3 doc/man/man3/DES_random_key.3 doc/man/man3/DH_generate_key.3 doc/man/man3/DH_generate_parameters.3 doc/man/man3/DH_get0_pqg.3 doc/man/man3/DH_get_1024_160.3 doc/man/man3/DH_meth_new.3 doc/man/man3/DH_new.3 doc/man/man3/DH_new_by_nid.3 doc/man/man3/DH_set_method.3 doc/man/man3/DH_size.3 doc/man/man3/DSA_SIG_new.3 doc/man/man3/DSA_do_sign.3 doc/man/man3/DSA_dup_DH.3 doc/man/man3/DSA_generate_key.3 doc/man/man3/DSA_generate_parameters.3 doc/man/man3/DSA_get0_pqg.3 doc/man/man3/DSA_meth_new.3 doc/man/man3/DSA_new.3 doc/man/man3/DSA_set_method.3 doc/man/man3/DSA_sign.3 doc/man/man3/DSA_size.3 doc/man/man3/DTLS_get_data_mtu.3 doc/man/man3/DTLS_set_timer_cb.3 doc/man/man3/DTLSv1_get_timeout.3 doc/man/man3/DTLSv1_handle_timeout.3 doc/man/man3/DTLSv1_listen.3 doc/man/man3/ECDSA_SIG_new.3 doc/man/man3/ECDSA_sign.3 doc/man/man3/ECPKParameters_print.3 doc/man/man3/EC_GFp_simple_method.3 doc/man/man3/EC_GROUP_copy.3 doc/man/man3/EC_GROUP_new.3 doc/man/man3/EC_KEY_get_enc_flags.3 doc/man/man3/EC_KEY_new.3 doc/man/man3/EC_POINT_add.3 doc/man/man3/EC_POINT_new.3 doc/man/man3/ENGINE_add.3 doc/man/man3/ERR_GET_LIB.3 doc/man/man3/ERR_clear_error.3 doc/man/man3/ERR_error_string.3 doc/man/man3/ERR_get_error.3 doc/man/man3/ERR_load_crypto_strings.3 doc/man/man3/ERR_load_strings.3 doc/man/man3/ERR_new.3 doc/man/man3/ERR_print_errors.3 doc/man/man3/ERR_put_error.3 doc/man/man3/ERR_remove_state.3 doc/man/man3/ERR_set_mark.3 doc/man/man3/EVP_ASYM_CIPHER_free.3 doc/man/man3/EVP_BytesToKey.3 doc/man/man3/EVP_CIPHER_CTX_get_cipher_data.3 doc/man/man3/EVP_CIPHER_CTX_get_original_iv.3 doc/man/man3/EVP_CIPHER_meth_new.3 doc/man/man3/EVP_DigestInit.3 doc/man/man3/EVP_DigestSignInit.3 doc/man/man3/EVP_DigestVerifyInit.3 doc/man/man3/EVP_EncodeInit.3 doc/man/man3/EVP_EncryptInit.3 doc/man/man3/EVP_KDF.3 doc/man/man3/EVP_KEM_free.3 doc/man/man3/EVP_KEYEXCH_free.3 doc/man/man3/EVP_KEYMGMT.3 doc/man/man3/EVP_MAC.3 doc/man/man3/EVP_MD_meth_new.3 doc/man/man3/EVP_OpenInit.3 doc/man/man3/EVP_PBE_CipherInit.3 doc/man/man3/EVP_PKEY2PKCS8.3 doc/man/man3/EVP_PKEY_ASN1_METHOD.3 doc/man/man3/EVP_PKEY_CTX_ctrl.3 doc/man/man3/EVP_PKEY_CTX_get0_libctx.3 doc/man/man3/EVP_PKEY_CTX_get0_pkey.3 doc/man/man3/EVP_PKEY_CTX_get_algor.3 doc/man/man3/EVP_PKEY_CTX_new.3 doc/man/man3/EVP_PKEY_CTX_set1_pbe_pass.3 doc/man/man3/EVP_PKEY_CTX_set_hkdf_md.3 doc/man/man3/EVP_PKEY_CTX_set_params.3 doc/man/man3/EVP_PKEY_CTX_set_rsa_pss_keygen_md.3 doc/man/man3/EVP_PKEY_CTX_set_scrypt_N.3 doc/man/man3/EVP_PKEY_CTX_set_tls1_prf_md.3 doc/man/man3/EVP_PKEY_asn1_get_count.3 doc/man/man3/EVP_PKEY_check.3 doc/man/man3/EVP_PKEY_copy_parameters.3 doc/man/man3/EVP_PKEY_decapsulate.3 doc/man/man3/EVP_PKEY_decrypt.3 doc/man/man3/EVP_PKEY_derive.3 doc/man/man3/EVP_PKEY_digestsign_supports_digest.3 doc/man/man3/EVP_PKEY_encapsulate.3 doc/man/man3/EVP_PKEY_encrypt.3 doc/man/man3/EVP_PKEY_fromdata.3 doc/man/man3/EVP_PKEY_get_attr.3 doc/man/man3/EVP_PKEY_get_default_digest_nid.3 doc/man/man3/EVP_PKEY_get_field_type.3 doc/man/man3/EVP_PKEY_get_group_name.3 doc/man/man3/EVP_PKEY_get_size.3 doc/man/man3/EVP_PKEY_gettable_params.3 doc/man/man3/EVP_PKEY_is_a.3 doc/man/man3/EVP_PKEY_keygen.3 doc/man/man3/EVP_PKEY_meth_get_count.3 doc/man/man3/EVP_PKEY_meth_new.3 doc/man/man3/EVP_PKEY_new.3 doc/man/man3/EVP_PKEY_print_private.3 doc/man/man3/EVP_PKEY_set1_RSA.3 doc/man/man3/EVP_PKEY_set1_encoded_public_key.3 doc/man/man3/EVP_PKEY_set_type.3 doc/man/man3/EVP_PKEY_settable_params.3 doc/man/man3/EVP_PKEY_sign.3 doc/man/man3/EVP_PKEY_todata.3 doc/man/man3/EVP_PKEY_verify.3 doc/man/man3/EVP_PKEY_verify_recover.3 doc/man/man3/EVP_RAND.3 doc/man/man3/EVP_SIGNATURE.3 doc/man/man3/EVP_SKEY.3 doc/man/man3/EVP_SKEYMGMT.3 doc/man/man3/EVP_SealInit.3 doc/man/man3/EVP_SignInit.3 doc/man/man3/EVP_VerifyInit.3 doc/man/man3/EVP_aes_128_gcm.3 doc/man/man3/EVP_aria_128_gcm.3 doc/man/man3/EVP_bf_cbc.3 doc/man/man3/EVP_blake2b512.3 doc/man/man3/EVP_camellia_128_ecb.3 doc/man/man3/EVP_cast5_cbc.3 doc/man/man3/EVP_chacha20.3 doc/man/man3/EVP_des_cbc.3 doc/man/man3/EVP_desx_cbc.3 doc/man/man3/EVP_idea_cbc.3 doc/man/man3/EVP_md2.3 doc/man/man3/EVP_md4.3 doc/man/man3/EVP_md5.3 doc/man/man3/EVP_mdc2.3 doc/man/man3/EVP_rc2_cbc.3 doc/man/man3/EVP_rc4.3 doc/man/man3/EVP_rc5_32_12_16_cbc.3 doc/man/man3/EVP_ripemd160.3 doc/man/man3/EVP_seed_cbc.3 doc/man/man3/EVP_set_default_properties.3 doc/man/man3/EVP_sha1.3 doc/man/man3/EVP_sha224.3 doc/man/man3/EVP_sha3_224.3 doc/man/man3/EVP_sm3.3 doc/man/man3/EVP_sm4_cbc.3 doc/man/man3/EVP_whirlpool.3 doc/man/man3/GENERAL_NAME.3 doc/man/man3/HMAC.3 doc/man/man3/MD5.3 doc/man/man3/MDC2_Init.3 doc/man/man3/NCONF_new_ex.3 doc/man/man3/OBJ_nid2obj.3 doc/man/man3/OCSP_REQUEST_new.3 doc/man/man3/OCSP_cert_to_id.3 doc/man/man3/OCSP_request_add1_nonce.3 doc/man/man3/OCSP_resp_find_status.3 doc/man/man3/OCSP_response_status.3 doc/man/man3/OCSP_sendreq_new.3 doc/man/man3/OPENSSL_Applink.3 doc/man/man3/OPENSSL_FILE.3 doc/man/man3/OPENSSL_LH_COMPFUNC.3 doc/man/man3/OPENSSL_LH_stats.3 doc/man/man3/OPENSSL_config.3 doc/man/man3/OPENSSL_fork_prepare.3 doc/man/man3/OPENSSL_gmtime.3 doc/man/man3/OPENSSL_hexchar2int.3 doc/man/man3/OPENSSL_ia32cap.3 doc/man/man3/OPENSSL_init_crypto.3 doc/man/man3/OPENSSL_init_ssl.3 doc/man/man3/OPENSSL_instrument_bus.3 doc/man/man3/OPENSSL_load_builtin_modules.3 doc/man/man3/OPENSSL_load_u16_le.3 doc/man/man3/OPENSSL_malloc.3 doc/man/man3/OPENSSL_riscvcap.3 doc/man/man3/OPENSSL_s390xcap.3 doc/man/man3/OPENSSL_secure_malloc.3 doc/man/man3/OPENSSL_strcasecmp.3 doc/man/man3/OSSL_ALGORITHM.3 doc/man/man3/OSSL_CALLBACK.3 doc/man/man3/OSSL_CMP_ATAV_set0.3 doc/man/man3/OSSL_CMP_CTX_new.3 doc/man/man3/OSSL_CMP_HDR_get0_transactionID.3 doc/man/man3/OSSL_CMP_ITAV_new_caCerts.3 doc/man/man3/OSSL_CMP_ITAV_set0.3 doc/man/man3/OSSL_CMP_MSG_get0_header.3 doc/man/man3/OSSL_CMP_MSG_http_perform.3 doc/man/man3/OSSL_CMP_SRV_CTX_new.3 doc/man/man3/OSSL_CMP_STATUSINFO_new.3 doc/man/man3/OSSL_CMP_exec_certreq.3 doc/man/man3/OSSL_CMP_log_open.3 doc/man/man3/OSSL_CMP_validate_msg.3 doc/man/man3/OSSL_CORE_MAKE_FUNC.3 doc/man/man3/OSSL_CRMF_MSG_get0_tmpl.3 doc/man/man3/OSSL_CRMF_MSG_set0_validity.3 doc/man/man3/OSSL_CRMF_MSG_set1_regCtrl_regToken.3 doc/man/man3/OSSL_CRMF_MSG_set1_regInfo_certReq.3 doc/man/man3/OSSL_CRMF_pbmp_new.3 doc/man/man3/OSSL_DECODER.3 doc/man/man3/OSSL_DECODER_CTX.3 doc/man/man3/OSSL_DECODER_CTX_new_for_pkey.3 doc/man/man3/OSSL_DECODER_from_bio.3 doc/man/man3/OSSL_DISPATCH.3 doc/man/man3/OSSL_ENCODER.3 doc/man/man3/OSSL_ENCODER_CTX.3 doc/man/man3/OSSL_ENCODER_CTX_new_for_pkey.3 doc/man/man3/OSSL_ENCODER_to_bio.3 doc/man/man3/OSSL_ERR_STATE_save.3 doc/man/man3/OSSL_ESS_check_signing_certs.3 doc/man/man3/OSSL_GENERAL_NAMES_print.3 doc/man/man3/OSSL_HPKE_CTX_new.3 doc/man/man3/OSSL_HTTP_REQ_CTX.3 doc/man/man3/OSSL_HTTP_parse_url.3 doc/man/man3/OSSL_HTTP_transfer.3 doc/man/man3/OSSL_IETF_ATTR_SYNTAX.3 doc/man/man3/OSSL_IETF_ATTR_SYNTAX_print.3 doc/man/man3/OSSL_INDICATOR_set_callback.3 doc/man/man3/OSSL_ITEM.3 doc/man/man3/OSSL_LIB_CTX.3 doc/man/man3/OSSL_LIB_CTX_set_conf_diagnostics.3 doc/man/man3/OSSL_PARAM.3 doc/man/man3/OSSL_PARAM_BLD.3 doc/man/man3/OSSL_PARAM_allocate_from_text.3 doc/man/man3/OSSL_PARAM_dup.3 doc/man/man3/OSSL_PARAM_int.3 doc/man/man3/OSSL_PARAM_print_to_bio.3 doc/man/man3/OSSL_PROVIDER.3 doc/man/man3/OSSL_QUIC_client_method.3 doc/man/man3/OSSL_SELF_TEST_new.3 doc/man/man3/OSSL_SELF_TEST_set_callback.3 doc/man/man3/OSSL_STORE_INFO.3 doc/man/man3/OSSL_STORE_LOADER.3 doc/man/man3/OSSL_STORE_SEARCH.3 doc/man/man3/OSSL_STORE_attach.3 doc/man/man3/OSSL_STORE_expect.3 doc/man/man3/OSSL_STORE_open.3 doc/man/man3/OSSL_sleep.3 doc/man/man3/OSSL_trace_enabled.3 doc/man/man3/OSSL_trace_get_category_num.3 doc/man/man3/OSSL_trace_set_channel.3 doc/man/man3/OpenSSL_add_all_algorithms.3 doc/man/man3/OpenSSL_version.3 doc/man/man3/PBMAC1_get1_pbkdf2_param.3 doc/man/man3/PEM_X509_INFO_read_bio_ex.3 doc/man/man3/PEM_bytes_read_bio.3 doc/man/man3/PEM_read.3 doc/man/man3/PEM_read_CMS.3 doc/man/man3/PEM_read_bio_PrivateKey.3 doc/man/man3/PEM_read_bio_ex.3 doc/man/man3/PEM_write_bio_CMS_stream.3 doc/man/man3/PEM_write_bio_PKCS7_stream.3 doc/man/man3/PKCS12_PBE_keyivgen.3 doc/man/man3/PKCS12_SAFEBAG_create_cert.3 doc/man/man3/PKCS12_SAFEBAG_get0_attrs.3 doc/man/man3/PKCS12_SAFEBAG_get1_cert.3 doc/man/man3/PKCS12_SAFEBAG_set0_attrs.3 doc/man/man3/PKCS12_add1_attr_by_NID.3 doc/man/man3/PKCS12_add_CSPName_asc.3 doc/man/man3/PKCS12_add_cert.3 doc/man/man3/PKCS12_add_friendlyname_asc.3 doc/man/man3/PKCS12_add_localkeyid.3 doc/man/man3/PKCS12_add_safe.3 doc/man/man3/PKCS12_create.3 doc/man/man3/PKCS12_decrypt_skey.3 doc/man/man3/PKCS12_gen_mac.3 doc/man/man3/PKCS12_get_friendlyname.3 doc/man/man3/PKCS12_init.3 doc/man/man3/PKCS12_item_decrypt_d2i.3 doc/man/man3/PKCS12_key_gen_utf8_ex.3 doc/man/man3/PKCS12_newpass.3 doc/man/man3/PKCS12_pack_p7encdata.3 doc/man/man3/PKCS12_parse.3 doc/man/man3/PKCS5_PBE_keyivgen.3 doc/man/man3/PKCS5_PBKDF2_HMAC.3 doc/man/man3/PKCS7_decrypt.3 doc/man/man3/PKCS7_encrypt.3 doc/man/man3/PKCS7_get_octet_string.3 doc/man/man3/PKCS7_sign.3 doc/man/man3/PKCS7_sign_add_signer.3 doc/man/man3/PKCS7_type_is_other.3 doc/man/man3/PKCS7_verify.3 doc/man/man3/PKCS8_encrypt.3 doc/man/man3/PKCS8_pkey_add1_attr.3 doc/man/man3/RAND_add.3 doc/man/man3/RAND_bytes.3 doc/man/man3/RAND_cleanup.3 doc/man/man3/RAND_egd.3 doc/man/man3/RAND_get0_primary.3 doc/man/man3/RAND_load_file.3 doc/man/man3/RAND_set_DRBG_type.3 doc/man/man3/RAND_set_rand_method.3 doc/man/man3/RC4_set_key.3 doc/man/man3/RIPEMD160_Init.3 doc/man/man3/RSA_blinding_on.3 doc/man/man3/RSA_check_key.3 doc/man/man3/RSA_generate_key.3 doc/man/man3/RSA_get0_key.3 doc/man/man3/RSA_meth_new.3 doc/man/man3/RSA_new.3 doc/man/man3/RSA_padding_add_PKCS1_type_1.3 doc/man/man3/RSA_print.3 doc/man/man3/RSA_private_encrypt.3 doc/man/man3/RSA_public_encrypt.3 doc/man/man3/RSA_set_method.3 doc/man/man3/RSA_sign.3 doc/man/man3/RSA_sign_ASN1_OCTET_STRING.3 doc/man/man3/RSA_size.3 doc/man/man3/SCT_new.3 doc/man/man3/SCT_print.3 doc/man/man3/SCT_validate.3 doc/man/man3/SHA256_Init.3 doc/man/man3/SMIME_read_ASN1.3 doc/man/man3/SMIME_read_CMS.3 doc/man/man3/SMIME_read_PKCS7.3 doc/man/man3/SMIME_write_ASN1.3 doc/man/man3/SMIME_write_CMS.3 doc/man/man3/SMIME_write_PKCS7.3 doc/man/man3/SRP_Calc_B.3 doc/man/man3/SRP_VBASE_new.3 doc/man/man3/SRP_create_verifier.3 doc/man/man3/SRP_user_pwd_new.3 doc/man/man3/SSL_CIPHER_get_name.3 doc/man/man3/SSL_COMP_add_compression_method.3 doc/man/man3/SSL_CONF_CTX_new.3 doc/man/man3/SSL_CONF_CTX_set1_prefix.3 doc/man/man3/SSL_CONF_CTX_set_flags.3 doc/man/man3/SSL_CONF_CTX_set_ssl_ctx.3 doc/man/man3/SSL_CONF_cmd.3 doc/man/man3/SSL_CONF_cmd_argv.3 doc/man/man3/SSL_CTX_add1_chain_cert.3 doc/man/man3/SSL_CTX_add_extra_chain_cert.3 doc/man/man3/SSL_CTX_add_session.3 doc/man/man3/SSL_CTX_config.3 doc/man/man3/SSL_CTX_ctrl.3 doc/man/man3/SSL_CTX_dane_enable.3 doc/man/man3/SSL_CTX_flush_sessions.3 doc/man/man3/SSL_CTX_free.3 doc/man/man3/SSL_CTX_get0_param.3 doc/man/man3/SSL_CTX_get_verify_mode.3 doc/man/man3/SSL_CTX_has_client_custom_ext.3 doc/man/man3/SSL_CTX_load_verify_locations.3 doc/man/man3/SSL_CTX_new.3 doc/man/man3/SSL_CTX_sess_number.3 doc/man/man3/SSL_CTX_sess_set_cache_size.3 doc/man/man3/SSL_CTX_sess_set_get_cb.3 doc/man/man3/SSL_CTX_sessions.3 doc/man/man3/SSL_CTX_set0_CA_list.3 doc/man/man3/SSL_CTX_set1_cert_comp_preference.3 doc/man/man3/SSL_CTX_set1_curves.3 doc/man/man3/SSL_CTX_set1_sigalgs.3 doc/man/man3/SSL_CTX_set1_verify_cert_store.3 doc/man/man3/SSL_CTX_set_alpn_select_cb.3 doc/man/man3/SSL_CTX_set_cert_cb.3 doc/man/man3/SSL_CTX_set_cert_store.3 doc/man/man3/SSL_CTX_set_cert_verify_callback.3 doc/man/man3/SSL_CTX_set_cipher_list.3 doc/man/man3/SSL_CTX_set_client_cert_cb.3 doc/man/man3/SSL_CTX_set_client_hello_cb.3 doc/man/man3/SSL_CTX_set_ct_validation_callback.3 doc/man/man3/SSL_CTX_set_ctlog_list_file.3 doc/man/man3/SSL_CTX_set_default_passwd_cb.3 doc/man/man3/SSL_CTX_set_domain_flags.3 doc/man/man3/SSL_CTX_set_generate_session_id.3 doc/man/man3/SSL_CTX_set_info_callback.3 doc/man/man3/SSL_CTX_set_keylog_callback.3 doc/man/man3/SSL_CTX_set_max_cert_list.3 doc/man/man3/SSL_CTX_set_min_proto_version.3 doc/man/man3/SSL_CTX_set_mode.3 doc/man/man3/SSL_CTX_set_msg_callback.3 doc/man/man3/SSL_CTX_set_new_pending_conn_cb.3 doc/man/man3/SSL_CTX_set_num_tickets.3 doc/man/man3/SSL_CTX_set_options.3 doc/man/man3/SSL_CTX_set_psk_client_callback.3 doc/man/man3/SSL_CTX_set_quiet_shutdown.3 doc/man/man3/SSL_CTX_set_read_ahead.3 doc/man/man3/SSL_CTX_set_record_padding_callback.3 doc/man/man3/SSL_CTX_set_security_level.3 doc/man/man3/SSL_CTX_set_session_cache_mode.3 doc/man/man3/SSL_CTX_set_session_id_context.3 doc/man/man3/SSL_CTX_set_session_ticket_cb.3 doc/man/man3/SSL_CTX_set_split_send_fragment.3 doc/man/man3/SSL_CTX_set_srp_password.3 doc/man/man3/SSL_CTX_set_ssl_version.3 doc/man/man3/SSL_CTX_set_stateless_cookie_generate_cb.3 doc/man/man3/SSL_CTX_set_timeout.3 doc/man/man3/SSL_CTX_set_tlsext_servername_callback.3 doc/man/man3/SSL_CTX_set_tlsext_status_cb.3 doc/man/man3/SSL_CTX_set_tlsext_ticket_key_cb.3 doc/man/man3/SSL_CTX_set_tlsext_use_srtp.3 doc/man/man3/SSL_CTX_set_tmp_dh_callback.3 doc/man/man3/SSL_CTX_set_tmp_ecdh.3 doc/man/man3/SSL_CTX_set_verify.3 doc/man/man3/SSL_CTX_use_certificate.3 doc/man/man3/SSL_CTX_use_psk_identity_hint.3 doc/man/man3/SSL_CTX_use_serverinfo.3 doc/man/man3/SSL_SESSION_free.3 doc/man/man3/SSL_SESSION_get0_cipher.3 doc/man/man3/SSL_SESSION_get0_hostname.3 doc/man/man3/SSL_SESSION_get0_id_context.3 doc/man/man3/SSL_SESSION_get0_peer.3 doc/man/man3/SSL_SESSION_get_compress_id.3 doc/man/man3/SSL_SESSION_get_protocol_version.3 doc/man/man3/SSL_SESSION_get_time.3 doc/man/man3/SSL_SESSION_has_ticket.3 doc/man/man3/SSL_SESSION_is_resumable.3 doc/man/man3/SSL_SESSION_print.3 doc/man/man3/SSL_SESSION_set1_id.3 doc/man/man3/SSL_accept.3 doc/man/man3/SSL_accept_stream.3 doc/man/man3/SSL_alert_type_string.3 doc/man/man3/SSL_alloc_buffers.3 doc/man/man3/SSL_check_chain.3 doc/man/man3/SSL_clear.3 doc/man/man3/SSL_connect.3 doc/man/man3/SSL_do_handshake.3 doc/man/man3/SSL_export_keying_material.3 doc/man/man3/SSL_extension_supported.3 doc/man/man3/SSL_free.3 doc/man/man3/SSL_get0_connection.3 doc/man/man3/SSL_get0_group_name.3 doc/man/man3/SSL_get0_peer_rpk.3 doc/man/man3/SSL_get0_peer_scts.3 doc/man/man3/SSL_get1_builtin_sigalgs.3 doc/man/man3/SSL_get_SSL_CTX.3 doc/man/man3/SSL_get_all_async_fds.3 doc/man/man3/SSL_get_certificate.3 doc/man/man3/SSL_get_ciphers.3 doc/man/man3/SSL_get_client_random.3 doc/man/man3/SSL_get_conn_close_info.3 doc/man/man3/SSL_get_current_cipher.3 doc/man/man3/SSL_get_default_timeout.3 doc/man/man3/SSL_get_error.3 doc/man/man3/SSL_get_event_timeout.3 doc/man/man3/SSL_get_extms_support.3 doc/man/man3/SSL_get_fd.3 doc/man/man3/SSL_get_handshake_rtt.3 doc/man/man3/SSL_get_peer_cert_chain.3 doc/man/man3/SSL_get_peer_certificate.3 doc/man/man3/SSL_get_peer_signature_nid.3 doc/man/man3/SSL_get_peer_tmp_key.3 doc/man/man3/SSL_get_psk_identity.3 doc/man/man3/SSL_get_rbio.3 doc/man/man3/SSL_get_rpoll_descriptor.3 doc/man/man3/SSL_get_session.3 doc/man/man3/SSL_get_shared_sigalgs.3 doc/man/man3/SSL_get_stream_id.3 doc/man/man3/SSL_get_stream_read_state.3 doc/man/man3/SSL_get_value_uint.3 doc/man/man3/SSL_get_verify_result.3 doc/man/man3/SSL_get_version.3 doc/man/man3/SSL_group_to_name.3 doc/man/man3/SSL_handle_events.3 doc/man/man3/SSL_in_init.3 doc/man/man3/SSL_inject_net_dgram.3 doc/man/man3/SSL_key_update.3 doc/man/man3/SSL_library_init.3 doc/man/man3/SSL_load_client_CA_file.3 doc/man/man3/SSL_new.3 doc/man/man3/SSL_new_domain.3 doc/man/man3/SSL_new_listener.3 doc/man/man3/SSL_new_stream.3 doc/man/man3/SSL_pending.3 doc/man/man3/SSL_poll.3 doc/man/man3/SSL_read.3 doc/man/man3/SSL_read_early_data.3 doc/man/man3/SSL_rstate_string.3 doc/man/man3/SSL_session_reused.3 doc/man/man3/SSL_set1_host.3 doc/man/man3/SSL_set1_initial_peer_addr.3 doc/man/man3/SSL_set1_server_cert_type.3 doc/man/man3/SSL_set_async_callback.3 doc/man/man3/SSL_set_bio.3 doc/man/man3/SSL_set_blocking_mode.3 doc/man/man3/SSL_set_connect_state.3 doc/man/man3/SSL_set_default_stream_mode.3 doc/man/man3/SSL_set_fd.3 doc/man/man3/SSL_set_incoming_stream_policy.3 doc/man/man3/SSL_set_quic_tls_cbs.3 doc/man/man3/SSL_set_retry_verify.3 doc/man/man3/SSL_set_session.3 doc/man/man3/SSL_set_session_secret_cb.3 doc/man/man3/SSL_set_shutdown.3 doc/man/man3/SSL_set_verify_result.3 doc/man/man3/SSL_shutdown.3 doc/man/man3/SSL_state_string.3 doc/man/man3/SSL_stream_conclude.3 doc/man/man3/SSL_stream_reset.3 doc/man/man3/SSL_want.3 doc/man/man3/SSL_write.3 doc/man/man3/TS_RESP_CTX_new.3 doc/man/man3/TS_VERIFY_CTX.3 doc/man/man3/UI_STRING.3 doc/man/man3/UI_UTIL_read_pw.3 doc/man/man3/UI_create_method.3 doc/man/man3/UI_new.3 doc/man/man3/X509V3_get_d2i.3 doc/man/man3/X509V3_set_ctx.3 doc/man/man3/X509_ACERT_add1_attr.3 doc/man/man3/X509_ACERT_add_attr_nconf.3 doc/man/man3/X509_ACERT_get0_holder_baseCertId.3 doc/man/man3/X509_ACERT_get_attr.3 doc/man/man3/X509_ACERT_print_ex.3 doc/man/man3/X509_ALGOR_dup.3 doc/man/man3/X509_ATTRIBUTE.3 doc/man/man3/X509_CRL_get0_by_serial.3 doc/man/man3/X509_EXTENSION_set_object.3 doc/man/man3/X509_LOOKUP.3 doc/man/man3/X509_LOOKUP_hash_dir.3 doc/man/man3/X509_LOOKUP_meth_new.3 doc/man/man3/X509_NAME_ENTRY_get_object.3 doc/man/man3/X509_NAME_add_entry_by_txt.3 doc/man/man3/X509_NAME_get0_der.3 doc/man/man3/X509_NAME_get_index_by_NID.3 doc/man/man3/X509_NAME_print_ex.3 doc/man/man3/X509_PUBKEY_new.3 doc/man/man3/X509_REQ_get_attr.3 doc/man/man3/X509_REQ_get_extensions.3 doc/man/man3/X509_SIG_get0.3 doc/man/man3/X509_STORE_CTX_get_by_subject.3 doc/man/man3/X509_STORE_CTX_get_error.3 doc/man/man3/X509_STORE_CTX_new.3 doc/man/man3/X509_STORE_CTX_set_verify_cb.3 doc/man/man3/X509_STORE_add_cert.3 doc/man/man3/X509_STORE_get0_param.3 doc/man/man3/X509_STORE_new.3 doc/man/man3/X509_STORE_set_verify_cb_func.3 doc/man/man3/X509_VERIFY_PARAM_set_flags.3 doc/man/man3/X509_add_cert.3 doc/man/man3/X509_check_ca.3 doc/man/man3/X509_check_host.3 doc/man/man3/X509_check_issued.3 doc/man/man3/X509_check_private_key.3 doc/man/man3/X509_check_purpose.3 doc/man/man3/X509_cmp.3 doc/man/man3/X509_cmp_time.3 doc/man/man3/X509_digest.3 doc/man/man3/X509_dup.3 doc/man/man3/X509_get0_distinguishing_id.3 doc/man/man3/X509_get0_notBefore.3 doc/man/man3/X509_get0_signature.3 doc/man/man3/X509_get0_uids.3 doc/man/man3/X509_get_default_cert_file.3 doc/man/man3/X509_get_extension_flags.3 doc/man/man3/X509_get_pubkey.3 doc/man/man3/X509_get_serialNumber.3 doc/man/man3/X509_get_subject_name.3 doc/man/man3/X509_get_version.3 doc/man/man3/X509_load_http.3 doc/man/man3/X509_new.3 doc/man/man3/X509_sign.3 doc/man/man3/X509_verify.3 doc/man/man3/X509_verify_cert.3 doc/man/man3/X509v3_get_ext_by_NID.3 doc/man/man3/b2i_PVK_bio_ex.3 doc/man/man3/d2i_PKCS8PrivateKey_bio.3 doc/man/man3/d2i_PrivateKey.3 doc/man/man3/d2i_RSAPrivateKey.3 doc/man/man3/d2i_SSL_SESSION.3 doc/man/man3/d2i_X509.3 doc/man/man3/i2d_CMS_bio_stream.3 doc/man/man3/i2d_PKCS7_bio_stream.3 doc/man/man3/i2d_re_X509_tbs.3 doc/man/man3/o2i_SCT_LIST.3 doc/man/man3/s2i_ASN1_IA5STRING.3
rm -f doc/man/man5/config.5 doc/man/man5/fips_config.5 doc/man/man5/x509v3_config.5
rm -f doc/man/man7/EVP_ASYM_CIPHER-RSA.7 doc/man/man7/EVP_ASYM_CIPHER-SM2.7 doc/man/man7/EVP_CIPHER-AES.7 doc/man/man7/EVP_CIPHER-ARIA.7 doc/man/man7/EVP_CIPHER-BLOWFISH.7 doc/man/man7/EVP_CIPHER-CAMELLIA.7 doc/man/man7/EVP_CIPHER-CAST.7 doc/man/man7/EVP_CIPHER-CHACHA.7 doc/man/man7/EVP_CIPHER-DES.7 doc/man/man7/EVP_CIPHER-IDEA.7 doc/man/man7/EVP_CIPHER-NULL.7 doc/man/man7/EVP_CIPHER-RC2.7 doc/man/man7/EVP_CIPHER-RC4.7 doc/man/man7/EVP_CIPHER-RC5.7 doc/man/man7/EVP_CIPHER-SEED.7 doc/man/man7/EVP_CIPHER-SM4.7 doc/man/man7/EVP_KDF-ARGON2.7 doc/man/man7/EVP_KDF-HKDF.7 doc/man/man7/EVP_KDF-HMAC-DRBG.7 doc/man/man7/EVP_KDF-KB.7 doc/man/man7/EVP_KDF-KRB5KDF.7 doc/man/man7/EVP_KDF-PBKDF1.7 doc/man/man7/EVP_KDF-PBKDF2.7 doc/man/man7/EVP_KDF-PKCS12KDF.7 doc/man/man7/EVP_KDF-PVKKDF.7 doc/man/man7/EVP_KDF-SCRYPT.7 doc/man/man7/EVP_KDF-SS.7 doc/man/man7/EVP_KDF-SSHKDF.7 doc/man/man7/EVP_KDF-TLS13_KDF.7 doc/man/man7/EVP_KDF-TLS1_PRF.7 doc/man/man7/EVP_KDF-X942-ASN1.7 doc/man/man7/EVP_KDF-X942-CONCAT.7 doc/man/man7/EVP_KDF-X963.7 doc/man/man7/EVP_KEM-EC.7 doc/man/man7/EVP_KEM-ML-KEM.7 doc/man/man7/EVP_KEM-RSA.7 doc/man/man7/EVP_KEM-X25519.7 doc/man/man7/EVP_KEYEXCH-DH.7 doc/man/man7/EVP_KEYEXCH-ECDH.7 doc/man/man7/EVP_KEYEXCH-X25519.7 doc/man/man7/EVP_MAC-BLAKE2.7 doc/man/man7/EVP_MAC-CMAC.7 doc/man/man7/EVP_MAC-GMAC.7 doc/man/man7/EVP_MAC-HMAC.7 doc/man/man7/EVP_MAC-KMAC.7 doc/man/man7/EVP_MAC-Poly1305.7 doc/man/man7/EVP_MAC-Siphash.7 doc/man/man7/EVP_MD-BLAKE2.7 doc/man/man7/EVP_MD-KECCAK.7 doc/man/man7/EVP_MD-MD2.7 doc/man/man7/EVP_MD-MD4.7 doc/man/man7/EVP_MD-MD5-SHA1.7 doc/man/man7/EVP_MD-MD5.7 doc/man/man7/EVP_MD-MDC2.7 doc/man/man7/EVP_MD-NULL.7 doc/man/man7/EVP_MD-RIPEMD160.7 doc/man/man7/EVP_MD-SHA1.7 doc/man/man7/EVP_MD-SHA2.7 doc/man/man7/EVP_MD-SHA3.7 doc/man/man7/EVP_MD-SHAKE.7 doc/man/man7/EVP_MD-SM3.7 doc/man/man7/EVP_MD-WHIRLPOOL.7 doc/man/man7/EVP_MD-common.7 doc/man/man7/EVP_PKEY-DH.7 doc/man/man7/EVP_PKEY-DSA.7 doc/man/man7/EVP_PKEY-EC.7 doc/man/man7/EVP_PKEY-FFC.7 doc/man/man7/EVP_PKEY-HMAC.7 doc/man/man7/EVP_PKEY-ML-DSA.7 doc/man/man7/EVP_PKEY-ML-KEM.7 doc/man/man7/EVP_PKEY-RSA.7 doc/man/man7/EVP_PKEY-SLH-DSA.7 doc/man/man7/EVP_PKEY-SM2.7 doc/man/man7/EVP_PKEY-X25519.7 doc/man/man7/EVP_RAND-CRNG-TEST.7 doc/man/man7/EVP_RAND-CTR-DRBG.7 doc/man/man7/EVP_RAND-HASH-DRBG.7 doc/man/man7/EVP_RAND-HMAC-DRBG.7 doc/man/man7/EVP_RAND-JITTER.7 doc/man/man7/EVP_RAND-SEED-SRC.7 doc/man/man7/EVP_RAND-TEST-RAND.7 doc/man/man7/EVP_RAND.7 doc/man/man7/EVP_SIGNATURE-DSA.7 doc/man/man7/EVP_SIGNATURE-ECDSA.7 doc/man/man7/EVP_SIGNATURE-ED25519.7 doc/man/man7/EVP_SIGNATURE-HMAC.7 doc/man/man7/EVP_SIGNATURE-ML-DSA.7 doc/man/man7/EVP_SIGNATURE-RSA.7 doc/man/man7/EVP_SIGNATURE-SLH-DSA.7 doc/man/man7/OSSL_PROVIDER-FIPS.7 doc/man/man7/OSSL_PROVIDER-base.7 doc/man/man7/OSSL_PROVIDER-default.7 doc/man/man7/OSSL_PROVIDER-legacy.7 doc/man/man7/OSSL_PROVIDER-null.7 doc/man/man7/OSSL_STORE-winstore.7 doc/man/man7/RAND.7 doc/man/man7/RSA-PSS.7 doc/man/man7/X25519.7 doc/man/man7/bio.7 doc/man/man7/ct.7 doc/man/man7/des_modes.7 doc/man/man7/evp.7 doc/man/man7/fips_module.7 doc/man/man7/life_cycle-cipher.7 doc/man/man7/life_cycle-digest.7 doc/man/man7/life_cycle-kdf.7 doc/man/man7/life_cycle-mac.7 doc/man/man7/life_cycle-pkey.7 doc/man/man7/life_cycle-rand.7 doc/man/man7/openssl-core.h.7 doc/man/man7/openssl-core_dispatch.h.7 doc/man/man7/openssl-core_names.h.7 doc/man/man7/openssl-env.7 doc/man/man7/openssl-glossary.7 doc/man/man7/openssl-qlog.7 doc/man/man7/openssl-quic-concurrency.7 doc/man/man7/openssl-quic.7 doc/man/man7/openssl-threads.7 doc/man/man7/openssl_user_macros.7 doc/man/man7/ossl-guide-introduction.7 doc/man/man7/ossl-guide-libcrypto-introduction.7 doc/man/man7/ossl-guide-libraries-introduction.7 doc/man/man7/ossl-guide-libssl-introduction.7 doc/man/man7/ossl-guide-migration.7 doc/man/man7/ossl-guide-quic-client-block.7 doc/man/man7/ossl-guide-quic-client-non-block.7 doc/man/man7/ossl-guide-quic-introduction.7 doc/man/man7/ossl-guide-quic-multi-stream.7 doc/man/man7/ossl-guide-quic-server-block.7 doc/man/man7/ossl-guide-quic-server-non-block.7 doc/man/man7/ossl-guide-tls-client-block.7 doc/man/man7/ossl-guide-tls-client-non-block.7 doc/man/man7/ossl-guide-tls-introduction.7 doc/man/man7/ossl-guide-tls-server-block.7 doc/man/man7/ossl_store-file.7 doc/man/man7/ossl_store.7 doc/man/man7/passphrase-encoding.7 doc/man/man7/property.7 doc/man/man7/provider-asym_cipher.7 doc/man/man7/provider-base.7 doc/man/man7/provider-cipher.7 doc/man/man7/provider-decoder.7 doc/man/man7/provider-digest.7 doc/man/man7/provider-encoder.7 doc/man/man7/provider-kdf.7 doc/man/man7/provider-kem.7 doc/man/man7/provider-keyexch.7 doc/man/man7/provider-keymgmt.7 doc/man/man7/provider-mac.7 doc/man/man7/provider-object.7 doc/man/man7/provider-rand.7 doc/man/man7/provider-signature.7 doc/man/man7/provider-skeymgmt.7 doc/man/man7/provider-storemgmt.7 doc/man/man7/provider.7 doc/man/man7/proxy-certificates.7 doc/man/man7/x509.7
rm -f apps/openssl fuzz/acert-test fuzz/asn1-test fuzz/asn1parse-test fuzz/bignum-test fuzz/bndiv-test fuzz/client-test fuzz/cmp-test fuzz/cms-test fuzz/conf-test fuzz/crl-test fuzz/ct-test fuzz/decoder-test fuzz/dtlsclient-test fuzz/dtlsserver-test fuzz/hashtable-test fuzz/ml-dsa-test fuzz/ml-kem-test fuzz/pem-test fuzz/provider-test fuzz/punycode-test fuzz/quic-client-test fuzz/quic-lcidm-test fuzz/quic-rcidm-test fuzz/quic-server-test fuzz/quic-srtm-test fuzz/server-test fuzz/slh-dsa-test fuzz/smime-test fuzz/v3name-test fuzz/x509-test test/aborttest test/aesgcmtest test/afalgtest test/algorithmid_test test/asn1_decode_test test/asn1_dsa_internal_test test/asn1_encode_test test/asn1_internal_test test/asn1_stable_parse_test test/asn1_string_table_test test/asn1_time_test test/asynciotest test/asynctest test/bad_dtls_test test/bftest test/bio_addr_test test/bio_base64_test test/bio_callback_test test/bio_core_test test/bio_dgram_test test/bio_enc_test test/bio_memleak_test test/bio_meth_test test/bio_prefix_text test/bio_pw_callback_test test/bio_readbuffer_test test/bio_tfo_test test/bioprinttest test/bn_internal_test test/bntest test/build_wincrypt_test test/buildtest_c_aes test/buildtest_c_async test/buildtest_c_blowfish test/buildtest_c_bn test/buildtest_c_buffer test/buildtest_c_byteorder test/buildtest_c_camellia test/buildtest_c_cast test/buildtest_c_cmac test/buildtest_c_cmp_util test/buildtest_c_conf_api test/buildtest_c_configuration test/buildtest_c_conftypes test/buildtest_c_core test/buildtest_c_core_dispatch test/buildtest_c_core_object test/buildtest_c_cryptoerr_legacy test/buildtest_c_decoder test/buildtest_c_des test/buildtest_c_dh test/buildtest_c_dsa test/buildtest_c_dtls1 test/buildtest_c_e_os2 test/buildtest_c_e_ostime test/buildtest_c_ebcdic test/buildtest_c_ec test/buildtest_c_ecdh test/buildtest_c_ecdsa test/buildtest_c_encoder test/buildtest_c_engine test/buildtest_c_evp test/buildtest_c_fips_names test/buildtest_c_hmac test/buildtest_c_hpke test/buildtest_c_http test/buildtest_c_idea test/buildtest_c_indicator test/buildtest_c_kdf test/buildtest_c_macros test/buildtest_c_md4 test/buildtest_c_md5 test/buildtest_c_mdc2 test/buildtest_c_ml_kem test/buildtest_c_modes test/buildtest_c_obj_mac test/buildtest_c_objects test/buildtest_c_ossl_typ test/buildtest_c_param_build test/buildtest_c_params test/buildtest_c_pem test/buildtest_c_pem2 test/buildtest_c_prov_ssl test/buildtest_c_provider test/buildtest_c_quic test/buildtest_c_rand test/buildtest_c_rc2 test/buildtest_c_rc4 test/buildtest_c_ripemd test/buildtest_c_rsa test/buildtest_c_seed test/buildtest_c_self_test test/buildtest_c_sha test/buildtest_c_srtp test/buildtest_c_ssl2 test/buildtest_c_sslerr_legacy test/buildtest_c_stack test/buildtest_c_store test/buildtest_c_symhacks test/buildtest_c_thread test/buildtest_c_tls1 test/buildtest_c_ts test/buildtest_c_txt_db test/buildtest_c_types test/buildtest_c_whrlpool test/byteorder_test test/ca_internals_test test/casttest test/chacha_internal_test test/cipher_overhead_test test/cipherbytes_test test/cipherlist_test test/ciphername_test test/clienthellotest test/cmactest test/cmp_asn_test test/cmp_client_test test/cmp_ctx_test test/cmp_hdr_test test/cmp_msg_test test/cmp_protect_test test/cmp_server_test test/cmp_status_test test/cmp_vfy_test test/cmsapitest test/conf_include_test test/confdump test/constant_time_test test/context_internal_test test/crltest test/ct_test test/ctype_internal_test test/curve448_internal_test test/d2i_test test/danetest test/decoder_propq_test test/defltfips_test test/destest test/dhtest test/drbgtest test/dsa_no_digest_size_test test/dsatest test/dtls_mtu_test test/dtlstest test/dtlsv1listentest test/ec_internal_test test/ecdsatest test/ecstresstest test/ectest test/endecode_test test/endecoder_legacy_test test/enginetest test/errtest test/evp_byname_test test/evp_extra_test test/evp_extra_test2 test/evp_fetch_prov_test test/evp_kdf_test test/evp_libctx_test test/evp_pkey_ctx_new_from_name test/evp_pkey_dhkem_test test/evp_pkey_dparams_test test/evp_pkey_provided_test test/evp_skey_test test/evp_test test/evp_xof_test test/exdatatest test/exptest test/ext_internal_test test/fatalerrtest test/ffc_internal_test test/fips_version_test test/gmdifftest test/hexstr_test test/hmactest test/hpke_test test/http_test test/ideatest test/igetest test/json_test test/keymgmt_internal_test test/lhash_test test/list_test test/localetest test/mdc2_internal_test test/mdc2test test/membio_test test/memleaktest test/ml_dsa_test test/ml_kem_evp_extra_test test/ml_kem_internal_test test/modes_internal_test test/moduleloadtest test/namemap_internal_test test/nodefltctxtest test/ocspapitest test/ossl_store_test test/packettest test/pairwise_fail_test test/param_build_test test/params_api_test test/params_conversion_test test/params_test test/pbelutest test/pbetest test/pem_read_depr_test test/pemtest test/pkcs12_api_test test/pkcs12_format_test test/pkcs7_test test/pkey_meth_kdf_test test/pkey_meth_test test/poly1305_internal_test test/priority_queue_test test/property_test test/prov_config_test test/provfetchtest test/provider_default_search_path_test test/provider_fallback_test test/provider_internal_test test/provider_pkey_test test/provider_status_test test/provider_test test/punycode_test test/quic_ackm_test test/quic_cc_test test/quic_cfq_test test/quic_client_test test/quic_fc_test test/quic_fifd_test test/quic_lcidm_test test/quic_multistream_test test/quic_newcid_test test/quic_qlog_test test/quic_radix_test test/quic_rcidm_test test/quic_record_test test/quic_srt_gen_test test/quic_srtm_test test/quic_stream_test test/quic_tserver_test test/quic_txp_test test/quic_txpim_test test/quic_wire_test test/quicapitest test/quicfaultstest test/rand_status_test test/rand_test test/rc2test test/rc4test test/rc5test test/rdcpu_sanitytest test/recordlentest test/rpktest test/rsa_complex test/rsa_mp_test test/rsa_sp800_56b_test test/rsa_test test/rsa_x931_test test/safe_math_test test/sanitytest test/secmemtest test/servername_test test/sha_test test/shlibloadtest test/siphash_internal_test test/slh_dsa_test test/sm2_internal_test test/sm3_internal_test test/sm4_internal_test test/sparse_array_test test/srptest test/ssl_cert_table_internal_test test/ssl_ctx_test test/ssl_handshake_rtt_test test/ssl_old_test test/ssl_test test/ssl_test_ctx_test test/sslapitest test/sslbuffertest test/sslcorrupttest test/stack_test test/strtoultest test/sysdefaulttest test/test_base64_simdutf test/test_test test/threadpool_test test/threadstest test/threadstest_fips test/time_offset_test test/time_test test/timing_load_creds test/tls13ccstest test/tls13encryptiontest test/tls13groupselection_test test/tls13secretstest test/trace_api_test test/uitest test/upcallstest test/user_property_test test/v3ext test/v3nametest test/verify_extra_test test/versions test/wpackettest test/x509_acert_test test/x509_check_cert_pkey_test test/x509_dup_cert_test test/x509_internal_test test/x509_load_cert_file_test test/x509_req_test test/x509_test test/x509_time_test test/x509aux  engines/afalg.so engines/capi.so engines/dasync.so engines/loader_attic.so engines/ossltest.so engines/padlock.so providers/legacy.so test/p_minimal.so test/p_test.so  apps/CA.pl apps/tsget.pl tools/c_rehash util/shlib_wrap.sh util/wrap.pl
rm -f OpenSSLConfigVersion.cmake exporters/OpenSSLConfigVersion.cmake exporters/openssl.pc include/crypto/bn_conf.h include/crypto/dso_conf.h include/internal/param_names.h include/openssl/asn1.h include/openssl/asn1t.h include/openssl/bio.h include/openssl/cmp.h include/openssl/cms.h include/openssl/comp.h include/openssl/conf.h include/openssl/core_names.h include/openssl/crmf.h include/openssl/crypto.h include/openssl/ct.h include/openssl/err.h include/openssl/ess.h include/openssl/fipskey.h include/openssl/lhash.h include/openssl/ocsp.h include/openssl/opensslv.h include/openssl/pkcs12.h include/openssl/pkcs7.h include/openssl/safestack.h include/openssl/srp.h include/openssl/ssl.h include/openssl/ui.h include/openssl/x509.h include/openssl/x509_acert.h include/openssl/x509_vfy.h include/openssl/x509v3.h openssl.pc providers/implementations/ciphers/cipher_chacha20_poly1305.c providers/implementations/ciphers/ciphercommon.c providers/implementations/keymgmt/ml_dsa_kmgmt.c providers/implementations/keymgmt/ml_kem_kmgmt.c test/provider_internal_test.cnf OpenSSLConfig.cmake apps/CA.pl apps/progs.c apps/progs.h apps/tsget.pl builddata.pm crypto/aes/aes-x86_64.s crypto/aes/aesni-mb-x86_64.s crypto/aes/aesni-sha1-x86_64.s crypto/aes/aesni-sha256-x86_64.s crypto/aes/aesni-x86_64.s crypto/aes/aesni-xts-avx512.s crypto/aes/bsaes-x86_64.s crypto/aes/vpaes-x86_64.s crypto/bn/rsaz-2k-avx512.s crypto/bn/rsaz-2k-avxifma.s crypto/bn/rsaz-3k-avx512.s crypto/bn/rsaz-3k-avxifma.s crypto/bn/rsaz-4k-avx512.s crypto/bn/rsaz-4k-avxifma.s crypto/bn/rsaz-avx2.s crypto/bn/rsaz-x86_64.s crypto/bn/x86_64-gf2m.s crypto/bn/x86_64-mont.s crypto/bn/x86_64-mont5.s crypto/buildinf.h crypto/camellia/cmll-x86_64.s crypto/chacha/chacha-x86_64.s crypto/ec/ecp_nistz256-x86_64.s crypto/ec/x25519-x86_64.s crypto/md5/md5-x86_64.s crypto/modes/aes-gcm-avx512.s crypto/modes/aesni-gcm-x86_64.s crypto/modes/ghash-x86_64.s crypto/poly1305/poly1305-x86_64.s crypto/rc4/rc4-md5-x86_64.s crypto/rc4/rc4-x86_64.s crypto/sha/keccak1600-x86_64.s crypto/sha/sha1-mb-x86_64.s crypto/sha/sha1-x86_64.s crypto/sha/sha256-mb-x86_64.s crypto/sha/sha256-x86_64.s crypto/sha/sha512-x86_64.s crypto/sm3/sm3-x86_64.S crypto/sm4/sm4-x86_64.S crypto/whrlpool/wp-x86_64.s crypto/x86_64cpuid.s doc/man1/openssl-asn1parse.pod doc/man1/openssl-ca.pod doc/man1/openssl-ciphers.pod doc/man1/openssl-cmds.pod doc/man1/openssl-cmp.pod doc/man1/openssl-cms.pod doc/man1/openssl-configutl.pod doc/man1/openssl-crl.pod doc/man1/openssl-crl2pkcs7.pod doc/man1/openssl-dgst.pod doc/man1/openssl-dhparam.pod doc/man1/openssl-dsa.pod doc/man1/openssl-dsaparam.pod doc/man1/openssl-ec.pod doc/man1/openssl-ecparam.pod doc/man1/openssl-enc.pod doc/man1/openssl-engine.pod doc/man1/openssl-errstr.pod doc/man1/openssl-fipsinstall.pod doc/man1/openssl-gendsa.pod doc/man1/openssl-genpkey.pod doc/man1/openssl-genrsa.pod doc/man1/openssl-info.pod doc/man1/openssl-kdf.pod doc/man1/openssl-list.pod doc/man1/openssl-mac.pod doc/man1/openssl-nseq.pod doc/man1/openssl-ocsp.pod doc/man1/openssl-passwd.pod doc/man1/openssl-pkcs12.pod doc/man1/openssl-pkcs7.pod doc/man1/openssl-pkcs8.pod doc/man1/openssl-pkey.pod doc/man1/openssl-pkeyparam.pod doc/man1/openssl-pkeyutl.pod doc/man1/openssl-prime.pod doc/man1/openssl-rand.pod doc/man1/openssl-rehash.pod doc/man1/openssl-req.pod doc/man1/openssl-rsa.pod doc/man1/openssl-rsautl.pod doc/man1/openssl-s_client.pod doc/man1/openssl-s_server.pod doc/man1/openssl-s_time.pod doc/man1/openssl-sess_id.pod doc/man1/openssl-skeyutl.pod doc/man1/openssl-smime.pod doc/man1/openssl-speed.pod doc/man1/openssl-spkac.pod doc/man1/openssl-srp.pod doc/man1/openssl-storeutl.pod doc/man1/openssl-ts.pod doc/man1/openssl-verify.pod doc/man1/openssl-version.pod doc/man1/openssl-x509.pod doc/man7/openssl_user_macros.pod engines/afalg.ld engines/capi.ld engines/dasync.ld engines/e_padlock-x86_64.s engines/loader_attic.ld engines/ossltest.ld engines/padlock.ld exporters/OpenSSLConfig.cmake exporters/libcrypto.pc exporters/libssl.pc installdata.pm libcrypto.ld libcrypto.pc libssl.ld libssl.pc providers/common/der/der_digests_gen.c providers/common/der/der_dsa_gen.c providers/common/der/der_ec_gen.c providers/common/der/der_ecx_gen.c providers/common/der/der_ml_dsa_gen.c providers/common/der/der_rsa_gen.c providers/common/der/der_slh_dsa_gen.c providers/common/der/der_sm2_gen.c providers/common/der/der_wrap_gen.c providers/common/include/prov/der_digests.h providers/common/include/prov/der_dsa.h providers/common/include/prov/der_ec.h providers/common/include/prov/der_ecx.h providers/common/include/prov/der_ml_dsa.h providers/common/include/prov/der_rsa.h providers/common/include/prov/der_slh_dsa.h providers/common/include/prov/der_sm2.h providers/common/include/prov/der_wrap.h providers/implementations/ciphers/cipher_chacha20_poly1305.c providers/implementations/ciphers/ciphercommon.c providers/implementations/keymgmt/ml_dsa_kmgmt.c providers/implementations/keymgmt/ml_kem_kmgmt.c providers/legacy.ld test/buildtest_aes.c test/buildtest_async.c test/buildtest_blowfish.c test/buildtest_bn.c test/buildtest_buffer.c test/buildtest_byteorder.c test/buildtest_camellia.c test/buildtest_cast.c test/buildtest_cmac.c test/buildtest_cmp_util.c test/buildtest_conf_api.c test/buildtest_configuration.c test/buildtest_conftypes.c test/buildtest_core.c test/buildtest_core_dispatch.c test/buildtest_core_object.c test/buildtest_cryptoerr_legacy.c test/buildtest_decoder.c test/buildtest_des.c test/buildtest_dh.c test/buildtest_dsa.c test/buildtest_dtls1.c test/buildtest_e_os2.c test/buildtest_e_ostime.c test/buildtest_ebcdic.c test/buildtest_ec.c test/buildtest_ecdh.c test/buildtest_ecdsa.c test/buildtest_encoder.c test/buildtest_engine.c test/buildtest_evp.c test/buildtest_fips_names.c test/buildtest_hmac.c test/buildtest_hpke.c test/buildtest_http.c test/buildtest_idea.c test/buildtest_indicator.c test/buildtest_kdf.c test/buildtest_macros.c test/buildtest_md4.c test/buildtest_md5.c test/buildtest_mdc2.c test/buildtest_ml_kem.c test/buildtest_modes.c test/buildtest_obj_mac.c test/buildtest_objects.c test/buildtest_ossl_typ.c test/buildtest_param_build.c test/buildtest_params.c test/buildtest_pem.c test/buildtest_pem2.c test/buildtest_prov_ssl.c test/buildtest_provider.c test/buildtest_quic.c test/buildtest_rand.c test/buildtest_rc2.c test/buildtest_rc4.c test/buildtest_ripemd.c test/buildtest_rsa.c test/buildtest_seed.c test/buildtest_self_test.c test/buildtest_sha.c test/buildtest_srtp.c test/buildtest_ssl2.c test/buildtest_sslerr_legacy.c test/buildtest_stack.c test/buildtest_store.c test/buildtest_symhacks.c test/buildtest_thread.c test/buildtest_tls1.c test/buildtest_ts.c test/buildtest_txt_db.c test/buildtest_types.c test/buildtest_whrlpool.c test/p_minimal.ld test/p_test.ld tools/c_rehash util/shlib_wrap.sh util/wrap.pl
find . -name '*.d' \! -name '.*' \! -type d -exec rm -f {} \;
find . -name '*.o' \! -name '.*' \! -type d -exec rm -f {} \;
rm -f core
rm -f tags TAGS doc-nits md-nits
rm -f -r test/test-runs
rm -f providers/fips*.new
find . -type l \! -name '.*' -exec rm -f {} \;
Configuring OpenSSL version 3.6.0-dev for target linux-x86_64
Using os-specific seed configuration
Created configdata.pm
Running configdata.pm
Created Makefile.in
Created Makefile

**********************************************************************
***                                                                ***
***   OpenSSL has been successfully configured                     ***
***                                                                ***
***   If you encounter a problem while building, please open an    ***
***   issue on GitHub <https://github.com/openssl/openssl/issues>  ***
***   and include the output from the following command:           ***
***                                                                ***
***       perl configdata.pm --dump                                ***
***                                                                ***
***   (If you are new to OpenSSL, you might want to consult the    ***
***   'Troubleshooting' section in the INSTALL.md file first)      ***
***                                                                ***
**********************************************************************
🛠️  Building OpenSSL quietly...
🧪 Compiling base64_encoding_benchmark.c with clang...
./crypto/evp/encode.c:213:37: warning: passing 'char *' to parameter of type 'unsigned char *' converts between pointers to integer types where one is of the unique plain 'char' type and the other is not [-Wpointer-sign]
  213 |                                     (char *)out,
      |                                     ^~~~~~~~~~~
./crypto/evp/enc_b64_avx2.h:7:39: note: passing argument to parameter 'out' here
    7 |                        unsigned char *out, const unsigned char *src, int srclen, int newlines, int *wrap_cnt);
      |                                       ^
./crypto/evp/encode.c:214:37: warning: passing 'const char *' to parameter of type 'const unsigned char *' converts between pointers to integer types where one is of the unique plain 'char' type and the other is not [-Wpointer-sign]
  214 |                                     (const char *)in,
      |                                     ^~~~~~~~~~~~~~~~
./crypto/evp/enc_b64_avx2.h:7:65: note: passing argument to parameter 'src' here
    7 |                        unsigned char *out, const unsigned char *src, int srclen, int newlines, int *wrap_cnt);
      |                                                                 ^
./crypto/evp/encode.c:25:12: warning: function 'evp_encodeblock_int_scalar' has internal linkage but is not defined [-Wundefined-internal]
   25 | static int evp_encodeblock_int_scalar(EVP_ENCODE_CTX *ctx, unsigned char *t,
      |            ^
./crypto/evp/encode.c:196:13: note: used here
  196 |         j = evp_encodeblock_int_scalar(ctx, out, ctx->enc_data, ctx->length,&wrap_cnt);
      |             ^
3 warnings generated.
./crypto/evp/enc_b64_scalar.c:136:12: warning: assigning to 'const unsigned char *' from 'const char[256]' converts between pointers to integer types where one is of the unique plain 'char' type and the other is not [-Wpointer-sign]
  136 |         e0 = base64_srp_bin2ascii_0;
      |            ^ ~~~~~~~~~~~~~~~~~~~~~~
./crypto/evp/enc_b64_scalar.c:137:12: warning: assigning to 'const unsigned char *' from 'const char[256]' converts between pointers to integer types where one is of the unique plain 'char' type and the other is not [-Wpointer-sign]
  137 |         e1 = base64_srp_bin2ascii_1;
      |            ^ ~~~~~~~~~~~~~~~~~~~~~~
./crypto/evp/enc_b64_scalar.c:138:12: warning: assigning to 'const unsigned char *' from 'const char[256]' converts between pointers to integer types where one is of the unique plain 'char' type and the other is not [-Wpointer-sign]
  138 |         e2 = base64_srp_bin2ascii_2;
      |            ^ ~~~~~~~~~~~~~~~~~~~~~~
./crypto/evp/enc_b64_scalar.c:140:12: warning: assigning to 'const unsigned char *' from 'const char[256]' converts between pointers to integer types where one is of the unique plain 'char' type and the other is not [-Wpointer-sign]
  140 |         e0 = base64_std_bin2ascii_0;
      |            ^ ~~~~~~~~~~~~~~~~~~~~~~
./crypto/evp/enc_b64_scalar.c:141:12: warning: assigning to 'const unsigned char *' from 'const char[256]' converts between pointers to integer types where one is of the unique plain 'char' type and the other is not [-Wpointer-sign]
  141 |         e1 = base64_std_bin2ascii_1;
      |            ^ ~~~~~~~~~~~~~~~~~~~~~~
./crypto/evp/enc_b64_scalar.c:142:12: warning: assigning to 'const unsigned char *' from 'const char[256]' converts between pointers to integer types where one is of the unique plain 'char' type and the other is not [-Wpointer-sign]
  142 |         e2 = base64_std_bin2ascii_2;
      |            ^ ~~~~~~~~~~~~~~~~~~~~~~
6 warnings generated.
./crypto/evp/enc_b64_avx2.c:643:56: warning: passing 'const char *' to parameter of type 'const unsigned char *' converts between pointers to integer types where one is of the unique plain 'char' type and the other is not [-Wpointer-sign]
  643 |                 + evp_encodeblock_int_scalar(ctx, out, src + i, srclen - i, final_wrap_cnt);
      |                                                        ^~~~~~~
./crypto/evp/enc_b64_scalar.h:7:24: note: passing argument to parameter 'f' here
    7 |   const unsigned char *f, int dlen, int *wrap_cnt);
      |                        ^
1 warning generated.
📝 Logging to ./benchmark_results/base64_benchmark_clang_2025-10-16_12-40-38.log
📂 Benchmark: Enron email files

======================= Alphabet: STD =======================
-----------------------DISABLE NEWLINES/NO_NL mode---------------------------

 ***** Benchmarking EVP_EncodeUpdate *****:
Benchmark ran 50000 iterations (40000 used after warmup)
Total elapsed (wall):     1.814808 s
CPU cycles (avg):         160286
Instructions (avg):       657677
Instructions per cycle:   4.1031
Instructions per byte:    0.9404
Throughput:              15.41 GB/s
-----------------------PEM mode---------------------------

 ***** Benchmarking EVP_EncodeUpdate *****:
Benchmark ran 50000 iterations (40000 used after warmup)
Total elapsed (wall):     1.781073 s
CPU cycles (avg):         165966
Instructions (avg):       674117
Instructions per cycle:   4.0618
Instructions per byte:    0.9639
Throughput:              15.71 GB/s
-----------------------Custom ctx->lengths mode: 1---------------------------

 ***** Benchmarking EVP_EncodeUpdate *****:
Benchmark ran 50000 iterations (40000 used after warmup)
Total elapsed (wall):     13.579408 s
CPU cycles (avg):         1439054
Instructions (avg):       6298211
Instructions per cycle:   4.3766
Instructions per byte:    9.0054
Throughput:              2.06 GB/s
-----------------------Custom ctx->lengths mode: 2---------------------------

 ***** Benchmarking EVP_EncodeUpdate *****:
Benchmark ran 50000 iterations (40000 used after warmup)
Total elapsed (wall):     28.967548 s
CPU cycles (avg):         3190338
Instructions (avg):       16789051
Instructions per cycle:   5.2625
Instructions per byte:    24.0056
Throughput:              0.97 GB/s
-----------------------Custom ctx->lengths mode: 3---------------------------

 ***** Benchmarking EVP_EncodeUpdate *****:
Benchmark ran 50000 iterations (40000 used after warmup)
Total elapsed (wall):     2.754119 s
CPU cycles (avg):         282235
Instructions (avg):       1098445
Instructions per cycle:   3.8919
Instructions per byte:    1.5706
Throughput:              10.16 GB/s
-----------------------Custom ctx->lengths mode: 4---------------------------

 ***** Benchmarking EVP_EncodeUpdate *****:
Benchmark ran 50000 iterations (40000 used after warmup)
Total elapsed (wall):     20.743034 s
CPU cycles (avg):         2296862
Instructions (avg):       12942582
Instructions per cycle:   5.6349
Instructions per byte:    18.5058
Throughput:              1.35 GB/s
-----------------------Custom ctx->lengths mode: 5---------------------------

 ***** Benchmarking EVP_EncodeUpdate *****:
Benchmark ran 50000 iterations (40000 used after warmup)
Total elapsed (wall):     17.990891 s
CPU cycles (avg):         1985303
Instructions (avg):       11055025
Instructions per cycle:   5.5684
Instructions per byte:    15.8069
Throughput:              1.55 GB/s
-----------------------Custom ctx->lengths mode: 6---------------------------

 ***** Benchmarking EVP_EncodeUpdate *****:
Benchmark ran 50000 iterations (40000 used after warmup)
Total elapsed (wall):     3.340252 s
CPU cycles (avg):         352879
Instructions (avg):       935815
Instructions per cycle:   2.6519
Instructions per byte:    1.3381
Throughput:              8.38 GB/s
-----------------------Custom ctx->lengths mode: 7---------------------------

 ***** Benchmarking EVP_EncodeUpdate *****:
Benchmark ran 50000 iterations (40000 used after warmup)
Total elapsed (wall):     18.415004 s
CPU cycles (avg):         2030624
Instructions (avg):       11594490
Instructions per cycle:   5.7098
Instructions per byte:    16.5782
Throughput:              1.52 GB/s
-----------------------Custom ctx->lengths mode: 8---------------------------

 ***** Benchmarking EVP_EncodeUpdate *****:
Benchmark ran 50000 iterations (40000 used after warmup)
Total elapsed (wall):     17.112604 s
CPU cycles (avg):         1881105
Instructions (avg):       10582166
Instructions per cycle:   5.6255
Instructions per byte:    15.1308
Throughput:              1.63 GB/s
-----------------------Custom ctx->lengths mode: 9---------------------------

 ***** Benchmarking EVP_EncodeUpdate *****:
Benchmark ran 50000 iterations (40000 used after warmup)
Total elapsed (wall):     7.114317 s
CPU cycles (avg):         769230
Instructions (avg):       3341742
Instructions per cycle:   4.3443
Instructions per byte:    4.7781
Throughput:              3.93 GB/s
-----------------------Custom ctx->lengths mode: 10---------------------------

 ***** Benchmarking EVP_EncodeUpdate *****:
Benchmark ran 50000 iterations (40000 used after warmup)
Total elapsed (wall):     17.476247 s
CPU cycles (avg):         1920092
Instructions (avg):       11054971
Instructions per cycle:   5.7575
Instructions per byte:    15.8068
Throughput:              1.60 GB/s
-----------------------Custom ctx->lengths mode: 11---------------------------

 ***** Benchmarking EVP_EncodeUpdate *****:
Benchmark ran 50000 iterations (40000 used after warmup)
Total elapsed (wall):     16.344749 s
CPU cycles (avg):         1800992
Instructions (avg):       10368545
Instructions per cycle:   5.7571
Instructions per byte:    14.8253
Throughput:              1.71 GB/s
-----------------------Custom ctx->lengths mode: 12---------------------------

 ***** Benchmarking EVP_EncodeUpdate *****:
Benchmark ran 50000 iterations (40000 used after warmup)
Total elapsed (wall):     7.056166 s
CPU cycles (avg):         766207
Instructions (avg):       3532010
Instructions per cycle:   4.6097
Instructions per byte:    5.0502
Throughput:              3.96 GB/s
-----------------------Custom ctx->lengths mode: 13---------------------------

 ***** Benchmarking EVP_EncodeUpdate *****:
Benchmark ran 50000 iterations (40000 used after warmup)
Total elapsed (wall):     16.700280 s
CPU cycles (avg):         1847453
Instructions (avg):       10764440
Instructions per cycle:   5.8266
Instructions per byte:    15.3914
Throughput:              1.68 GB/s
-----------------------Custom ctx->lengths mode: 14---------------------------

 ***** Benchmarking EVP_EncodeUpdate *****:
Benchmark ran 50000 iterations (40000 used after warmup)
Total elapsed (wall):     16.027321 s
CPU cycles (avg):         1768869
Instructions (avg):       10245700
Instructions per cycle:   5.7922
Instructions per byte:    14.6497
Throughput:              1.75 GB/s
-----------------------Custom ctx->lengths mode: 15---------------------------

 ***** Benchmarking EVP_EncodeUpdate *****:
Benchmark ran 50000 iterations (40000 used after warmup)
Total elapsed (wall):     8.363086 s
CPU cycles (avg):         910541
Instructions (avg):       3829472
Instructions per cycle:   4.2057
Instructions per byte:    5.4755
Throughput:              3.35 GB/s
-----------------------Custom ctx->lengths mode: 16---------------------------

 ***** Benchmarking EVP_EncodeUpdate *****:
Benchmark ran 50000 iterations (40000 used after warmup)
Total elapsed (wall):     16.366077 s
CPU cycles (avg):         1810988
Instructions (avg):       10582342
Instructions per cycle:   5.8434
Instructions per byte:    15.1310
Throughput:              1.71 GB/s
-----------------------Custom ctx->lengths mode: 17---------------------------

 ***** Benchmarking EVP_EncodeUpdate *****:
Benchmark ran 50000 iterations (40000 used after warmup)
Total elapsed (wall):     15.806176 s
CPU cycles (avg):         1747158
Instructions (avg):       10166487
Instructions per cycle:   5.8189
Instructions per byte:    14.5364
Throughput:              1.77 GB/s
-----------------------Custom ctx->lengths mode: 18---------------------------

 ***** Benchmarking EVP_EncodeUpdate *****:
Benchmark ran 50000 iterations (40000 used after warmup)
Total elapsed (wall):     6.857507 s
CPU cycles (avg):         741226
Instructions (avg):       3435363
Instructions per cycle:   4.6347
Instructions per byte:    4.9120
Throughput:              4.08 GB/s
-----------------------Custom ctx->lengths mode: 19---------------------------

 ***** Benchmarking EVP_EncodeUpdate *****:
Benchmark ran 50000 iterations (40000 used after warmup)
Total elapsed (wall):     16.211573 s
CPU cycles (avg):         1790373
Instructions (avg):       10458771
Instructions per cycle:   5.8417
Instructions per byte:    14.9543
Throughput:              1.73 GB/s
-----------------------Custom ctx->lengths mode: 20---------------------------

 ***** Benchmarking EVP_EncodeUpdate *****:
Benchmark ran 50000 iterations (40000 used after warmup)
Total elapsed (wall):     15.955676 s
CPU cycles (avg):         1747378
Instructions (avg):       10110852
Instructions per cycle:   5.7863
Instructions per byte:    14.4569
Throughput:              1.75 GB/s
-----------------------Custom ctx->lengths mode: 21---------------------------

 ***** Benchmarking EVP_EncodeUpdate *****:
Benchmark ran 50000 iterations (40000 used after warmup)
Total elapsed (wall):     7.448142 s
CPU cycles (avg):         803572
Instructions (avg):       3425049
Instructions per cycle:   4.2623
Instructions per byte:    4.8973
Throughput:              3.76 GB/s
-----------------------Custom ctx->lengths mode: 22---------------------------

 ***** Benchmarking EVP_EncodeUpdate *****:
Benchmark ran 50000 iterations (40000 used after warmup)
Total elapsed (wall):     16.336946 s
CPU cycles (avg):         1796304
Instructions (avg):       10368483
Instructions per cycle:   5.7721
Instructions per byte:    14.8252
Throughput:              1.71 GB/s
-----------------------Custom ctx->lengths mode: 23---------------------------

 ***** Benchmarking EVP_EncodeUpdate *****:
Benchmark ran 50000 iterations (40000 used after warmup)
Total elapsed (wall):     15.596135 s
CPU cycles (avg):         1721529
Instructions (avg):       10069785
Instructions per cycle:   5.8493
Instructions per byte:    14.3981
Throughput:              1.79 GB/s
-----------------------Custom ctx->lengths mode: 24---------------------------

 ***** Benchmarking EVP_EncodeUpdate *****:
Benchmark ran 50000 iterations (40000 used after warmup)
Total elapsed (wall):     1.946472 s
CPU cycles (avg):         191145
Instructions (avg):       1007754
Instructions per cycle:   5.2722
Instructions per byte:    1.4409
Throughput:              14.37 GB/s
-----------------------Custom ctx->lengths mode: 25---------------------------

 ***** Benchmarking EVP_EncodeUpdate *****:
Benchmark ran 50000 iterations (40000 used after warmup)
Total elapsed (wall):     15.971607 s
CPU cycles (avg):         1760624
Instructions (avg):       10299713
Instructions per cycle:   5.8500
Instructions per byte:    14.7269
Throughput:              1.75 GB/s
-----------------------Custom ctx->lengths mode: 26---------------------------

 ***** Benchmarking EVP_EncodeUpdate *****:
Benchmark ran 50000 iterations (40000 used after warmup)
Total elapsed (wall):     15.768695 s
CPU cycles (avg):         1732231
Instructions (avg):       10038204
Instructions per cycle:   5.7950
Instructions per byte:    14.3530
Throughput:              1.77 GB/s
-----------------------Custom ctx->lengths mode: 27---------------------------

 ***** Benchmarking EVP_EncodeUpdate *****:
Benchmark ran 50000 iterations (40000 used after warmup)
Total elapsed (wall):     3.186945 s
CPU cycles (avg):         330641
Instructions (avg):       1286787
Instructions per cycle:   3.8918
Instructions per byte:    1.8399
Throughput:              8.78 GB/s
-----------------------Custom ctx->lengths mode: 28---------------------------

 ***** Benchmarking EVP_EncodeUpdate *****:
Benchmark ran 50000 iterations (40000 used after warmup)
Total elapsed (wall):     15.915421 s
CPU cycles (avg):         1747259
Instructions (avg):       10245682
Instructions per cycle:   5.8639
Instructions per byte:    14.6496
Throughput:              1.76 GB/s
-----------------------Custom ctx->lengths mode: 29---------------------------

 ***** Benchmarking EVP_EncodeUpdate *****:
Benchmark ran 50000 iterations (40000 used after warmup)
Total elapsed (wall):     15.843299 s
CPU cycles (avg):         1732335
Instructions (avg):       10013377
Instructions per cycle:   5.7803
Instructions per byte:    14.3175
Throughput:              1.77 GB/s
-----------------------Custom ctx->lengths mode: 30---------------------------

 ***** Benchmarking EVP_EncodeUpdate *****:
Benchmark ran 50000 iterations (40000 used after warmup)
Total elapsed (wall):     2.867865 s
CPU cycles (avg):         294516
Instructions (avg):       1205181
Instructions per cycle:   4.0921
Instructions per byte:    1.7232
Throughput:              9.75 GB/s
-----------------------Custom ctx->lengths mode: 31---------------------------

 ***** Benchmarking EVP_EncodeUpdate *****:
Benchmark ran 50000 iterations (40000 used after warmup)
Total elapsed (wall):     15.723836 s
CPU cycles (avg):         1734875
Instructions (avg):       10202357
Instructions per cycle:   5.8807
Instructions per byte:    14.5877
Throughput:              1.78 GB/s
-----------------------Custom ctx->lengths mode: 32---------------------------

 ***** Benchmarking EVP_EncodeUpdate *****:
Benchmark ran 50000 iterations (40000 used after warmup)
Total elapsed (wall):     15.564977 s
CPU cycles (avg):         1710132
Instructions (avg):       9992242
Instructions per cycle:   5.8430
Instructions per byte:    14.2873
Throughput:              1.80 GB/s
-----------------------Custom ctx->lengths mode: 33---------------------------

 ***** Benchmarking EVP_EncodeUpdate *****:
Benchmark ran 50000 iterations (40000 used after warmup)
Total elapsed (wall):     2.954772 s
CPU cycles (avg):         306180
Instructions (avg):       1221297
Instructions per cycle:   3.9888
Instructions per byte:    1.7463
Throughput:              9.47 GB/s
-----------------------Custom ctx->lengths mode: 34---------------------------

 ***** Benchmarking EVP_EncodeUpdate *****:
Benchmark ran 50000 iterations (40000 used after warmup)
Total elapsed (wall):     15.948477 s
CPU cycles (avg):         1750651
Instructions (avg):       10166416
Instructions per cycle:   5.8072
Instructions per byte:    14.5363
Throughput:              1.75 GB/s
-----------------------Custom ctx->lengths mode: 35---------------------------

 ***** Benchmarking EVP_EncodeUpdate *****:
Benchmark ran 50000 iterations (40000 used after warmup)
Total elapsed (wall):     15.544723 s
CPU cycles (avg):         1706862
Instructions (avg):       9976066
Instructions per cycle:   5.8447
Instructions per byte:    14.2641
Throughput:              1.80 GB/s
-----------------------Custom ctx->lengths mode: 36---------------------------

 ***** Benchmarking EVP_EncodeUpdate *****:
Benchmark ran 50000 iterations (40000 used after warmup)
Total elapsed (wall):     2.450250 s
CPU cycles (avg):         246445
Instructions (avg):       1085917
Instructions per cycle:   4.4063
Instructions per byte:    1.5527
Throughput:              11.42 GB/s
-----------------------Custom ctx->lengths mode: 37---------------------------

 ***** Benchmarking EVP_EncodeUpdate *****:
Benchmark ran 50000 iterations (40000 used after warmup)
Total elapsed (wall):     15.773504 s
CPU cycles (avg):         1729980
Instructions (avg):       10136495
Instructions per cycle:   5.8593
Instructions per byte:    14.4935
Throughput:              1.77 GB/s
-----------------------Custom ctx->lengths mode: 38---------------------------

 ***** Benchmarking EVP_EncodeUpdate *****:
Benchmark ran 50000 iterations (40000 used after warmup)
Total elapsed (wall):     15.498618 s
CPU cycles (avg):         1702817
Instructions (avg):       9961864
Instructions per cycle:   5.8502
Instructions per byte:    14.2438
Throughput:              1.81 GB/s
-----------------------Custom ctx->lengths mode: 39---------------------------

 ***** Benchmarking EVP_EncodeUpdate *****:
Benchmark ran 50000 iterations (40000 used after warmup)
Total elapsed (wall):     2.884407 s
CPU cycles (avg):         296122
Instructions (avg):       1173935
Instructions per cycle:   3.9644
Instructions per byte:    1.6785
Throughput:              9.70 GB/s
-----------------------Custom ctx->lengths mode: 40---------------------------

 ***** Benchmarking EVP_EncodeUpdate *****:
Benchmark ran 50000 iterations (40000 used after warmup)
Total elapsed (wall):     15.739396 s
CPU cycles (avg):         1724635
Instructions (avg):       10110800
Instructions per cycle:   5.8626
Instructions per byte:    14.4568
Throughput:              1.78 GB/s
-----------------------Custom ctx->lengths mode: 41---------------------------

 ***** Benchmarking EVP_EncodeUpdate *****:
Benchmark ran 50000 iterations (40000 used after warmup)
Total elapsed (wall):     15.430517 s
CPU cycles (avg):         1695695
Instructions (avg):       9949832
Instructions per cycle:   5.8677
Instructions per byte:    14.2266
Throughput:              1.81 GB/s
-----------------------Custom ctx->lengths mode: 42---------------------------

 ***** Benchmarking EVP_EncodeUpdate *****:
Benchmark ran 50000 iterations (40000 used after warmup)
Total elapsed (wall):     2.648121 s
CPU cycles (avg):         270187
Instructions (avg):       1124640
Instructions per cycle:   4.1624
Instructions per byte:    1.6081
Throughput:              10.56 GB/s
-----------------------Custom ctx->lengths mode: 43---------------------------

 ***** Benchmarking EVP_EncodeUpdate *****:
Benchmark ran 50000 iterations (40000 used after warmup)
Total elapsed (wall):     15.682074 s
CPU cycles (avg):         1721306
Instructions (avg):       10089037
Instructions per cycle:   5.8613
Instructions per byte:    14.4257
Throughput:              1.78 GB/s
-----------------------Custom ctx->lengths mode: 44---------------------------

 ***** Benchmarking EVP_EncodeUpdate *****:
Benchmark ran 50000 iterations (40000 used after warmup)
Total elapsed (wall):     15.479585 s
CPU cycles (avg):         1699624
Instructions (avg):       9939350
Instructions per cycle:   5.8480
Instructions per byte:    14.2116
Throughput:              1.81 GB/s
-----------------------Custom ctx->lengths mode: 45---------------------------

 ***** Benchmarking EVP_EncodeUpdate *****:
Benchmark ran 50000 iterations (40000 used after warmup)
Total elapsed (wall):     2.744882 s
CPU cycles (avg):         280501
Instructions (avg):       1140259
Instructions per cycle:   4.0651
Instructions per byte:    1.6304
Throughput:              10.19 GB/s
-----------------------Custom ctx->lengths mode: 46---------------------------

 ***** Benchmarking EVP_EncodeUpdate *****:
Benchmark ran 50000 iterations (40000 used after warmup)
Total elapsed (wall):     15.978634 s
CPU cycles (avg):         1743810
Instructions (avg):       10069742
Instructions per cycle:   5.7746
Instructions per byte:    14.3981
Throughput:              1.75 GB/s
-----------------------Custom ctx->lengths mode: 47---------------------------

 ***** Benchmarking EVP_EncodeUpdate *****:
Benchmark ran 50000 iterations (40000 used after warmup)
Total elapsed (wall):     15.446526 s
CPU cycles (avg):         1696249
Instructions (avg):       9930131
Instructions per cycle:   5.8542
Instructions per byte:    14.1985
Throughput:              1.81 GB/s
-----------------------Custom ctx->lengths mode: 48---------------------------

 ***** Benchmarking EVP_EncodeUpdate *****:
Benchmark ran 50000 iterations (40000 used after warmup)
Total elapsed (wall):     1.749570 s
CPU cycles (avg):         170339
Instructions (avg):       674118
Instructions per cycle:   3.9575
Instructions per byte:    0.9639
Throughput:              15.99 GB/s
-----------------------Custom ctx->lengths mode: 49---------------------------

 ***** Benchmarking EVP_EncodeUpdate *****:
Benchmark ran 50000 iterations (40000 used after warmup)
Total elapsed (wall):     15.632639 s
CPU cycles (avg):         1716248
Instructions (avg):       10053121
Instructions per cycle:   5.8576
Instructions per byte:    14.3743
Throughput:              1.79 GB/s
-----------------------Custom ctx->lengths mode: 50---------------------------

 ***** Benchmarking EVP_EncodeUpdate *****:
Benchmark ran 50000 iterations (40000 used after warmup)
Total elapsed (wall):     15.786608 s
CPU cycles (avg):         1715333
Instructions (avg):       9922123
Instructions per cycle:   5.7844
Instructions per byte:    14.1870
Throughput:              1.77 GB/s
-----------------------Custom ctx->lengths mode: 51---------------------------

 ***** Benchmarking EVP_EncodeUpdate *****:
Benchmark ran 50000 iterations (40000 used after warmup)
Total elapsed (wall):     2.749439 s
CPU cycles (avg):         279613
Instructions (avg):       1114419
Instructions per cycle:   3.9856
Instructions per byte:    1.5934
Throughput:              10.17 GB/s
-----------------------Custom ctx->lengths mode: 52---------------------------

 ***** Benchmarking EVP_EncodeUpdate *****:
Benchmark ran 50000 iterations (40000 used after warmup)
Total elapsed (wall):     16.154002 s
CPU cycles (avg):         1748576
Instructions (avg):       10038166
Instructions per cycle:   5.7408
Instructions per byte:    14.3529
Throughput:              1.73 GB/s
-----------------------Custom ctx->lengths mode: 53---------------------------

 ***** Benchmarking EVP_EncodeUpdate *****:
Benchmark ran 50000 iterations (40000 used after warmup)
Total elapsed (wall):     16.131861 s
CPU cycles (avg):         1742245
Instructions (avg):       9915062
Instructions per cycle:   5.6910
Instructions per byte:    14.1769
Throughput:              1.73 GB/s
-----------------------Custom ctx->lengths mode: 54---------------------------

 ***** Benchmarking EVP_EncodeUpdate *****:
Benchmark ran 50000 iterations (40000 used after warmup)
Total elapsed (wall):     2.652405 s
CPU cycles (avg):         265472
Instructions (avg):       1080612
Instructions per cycle:   4.0705
Instructions per byte:    1.5451
Throughput:              10.55 GB/s
-----------------------Custom ctx->lengths mode: 55---------------------------

 ***** Benchmarking EVP_EncodeUpdate *****:
Benchmark ran 50000 iterations (40000 used after warmup)
Total elapsed (wall):     16.144481 s
CPU cycles (avg):         1747440
Instructions (avg):       10025186
Instructions per cycle:   5.7371
Instructions per byte:    14.3344
Throughput:              1.73 GB/s
-----------------------Custom ctx->lengths mode: 56---------------------------

 ***** Benchmarking EVP_EncodeUpdate *****:
Benchmark ran 50000 iterations (40000 used after warmup)
Total elapsed (wall):     15.631643 s
CPU cycles (avg):         1706049
Instructions (avg):       9908541
Instructions per cycle:   5.8079
Instructions per byte:    14.1676
Throughput:              1.79 GB/s
-----------------------Custom ctx->lengths mode: 57---------------------------

 ***** Benchmarking EVP_EncodeUpdate *****:
Benchmark ran 50000 iterations (40000 used after warmup)
Total elapsed (wall):     2.622321 s
CPU cycles (avg):         264603
Instructions (avg):       1093987
Instructions per cycle:   4.1344
Instructions per byte:    1.5642
Throughput:              10.67 GB/s
-----------------------Custom ctx->lengths mode: 58---------------------------

 ***** Benchmarking EVP_EncodeUpdate *****:
Benchmark ran 50000 iterations (40000 used after warmup)
Total elapsed (wall):     15.478794 s
CPU cycles (avg):         1699673
Instructions (avg):       10013312
Instructions per cycle:   5.8913
Instructions per byte:    14.3174
Throughput:              1.81 GB/s
-----------------------Custom ctx->lengths mode: 59---------------------------

 ***** Benchmarking EVP_EncodeUpdate *****:
Benchmark ran 50000 iterations (40000 used after warmup)
Total elapsed (wall):     15.436958 s
CPU cycles (avg):         1685912
Instructions (avg):       9902998
Instructions per cycle:   5.8740
Instructions per byte:    14.1597
Throughput:              1.81 GB/s
-----------------------Custom ctx->lengths mode: 60---------------------------

 ***** Benchmarking EVP_EncodeUpdate *****:
Benchmark ran 50000 iterations (40000 used after warmup)
Total elapsed (wall):     2.264438 s
CPU cycles (avg):         224913
Instructions (avg):       1019764
Instructions per cycle:   4.5340
Instructions per byte:    1.4581
Throughput:              12.35 GB/s
-----------------------Custom ctx->lengths mode: 61---------------------------

 ***** Benchmarking EVP_EncodeUpdate *****:
Benchmark ran 50000 iterations (40000 used after warmup)
Total elapsed (wall):     15.421289 s
CPU cycles (avg):         1695934
Instructions (avg):       10002692
Instructions per cycle:   5.8980
Instructions per byte:    14.3022
Throughput:              1.81 GB/s
-----------------------Custom ctx->lengths mode: 62---------------------------

 ***** Benchmarking EVP_EncodeUpdate *****:
Benchmark ran 50000 iterations (40000 used after warmup)
Total elapsed (wall):     15.309309 s
CPU cycles (avg):         1679792
Instructions (avg):       9897834
Instructions per cycle:   5.8923
Instructions per byte:    14.1523
Throughput:              1.83 GB/s
-----------------------Custom ctx->lengths mode: 63---------------------------

 ***** Benchmarking EVP_EncodeUpdate *****:
Benchmark ran 50000 iterations (40000 used after warmup)
Total elapsed (wall):     2.533562 s
CPU cycles (avg):         258365
Instructions (avg):       1077459
Instructions per cycle:   4.1703
Instructions per byte:    1.5406
Throughput:              11.04 GB/s
-----------------------Custom ctx->lengths mode: 64---------------------------

 ***** Benchmarking EVP_EncodeUpdate *****:
Benchmark ran 50000 iterations (40000 used after warmup)
Total elapsed (wall):     15.358220 s
CPU cycles (avg):         1690561
Instructions (avg):       9992321
Instructions per cycle:   5.9107
Instructions per byte:    14.2874
Throughput:              1.82 GB/s
-----------------------Custom ctx->lengths mode: 65---------------------------

 ***** Benchmarking EVP_EncodeUpdate *****:
Benchmark ran 50000 iterations (40000 used after warmup)
Total elapsed (wall):     15.268803 s
CPU cycles (avg):         1677214
Instructions (avg):       9893014
Instructions per cycle:   5.8985
Instructions per byte:    14.1454
Throughput:              1.83 GB/s
-----------------------Custom ctx->lengths mode: 66---------------------------

 ***** Benchmarking EVP_EncodeUpdate *****:
Benchmark ran 50000 iterations (40000 used after warmup)
Total elapsed (wall):     2.554634 s
CPU cycles (avg):         255429
Instructions (avg):       1051690
Instructions per cycle:   4.1173
Instructions per byte:    1.5037
Throughput:              10.95 GB/s
-----------------------Custom ctx->lengths mode: 67---------------------------

 ***** Benchmarking EVP_EncodeUpdate *****:
Benchmark ran 50000 iterations (40000 used after warmup)
Total elapsed (wall):     15.485596 s
CPU cycles (avg):         1698450
Instructions (avg):       9984092
Instructions per cycle:   5.8784
Instructions per byte:    14.2756
Throughput:              1.81 GB/s
-----------------------Custom ctx->lengths mode: 68---------------------------

 ***** Benchmarking EVP_EncodeUpdate *****:
Benchmark ran 50000 iterations (40000 used after warmup)
Total elapsed (wall):     15.334615 s
CPU cycles (avg):         1681651
Instructions (avg):       9888765
Instructions per cycle:   5.8804
Instructions per byte:    14.1393
Throughput:              1.82 GB/s
-----------------------Custom ctx->lengths mode: 69---------------------------

 ***** Benchmarking EVP_EncodeUpdate *****:
Benchmark ran 50000 iterations (40000 used after warmup)
Total elapsed (wall):     2.473854 s
CPU cycles (avg):         250255
Instructions (avg):       1064851
Instructions per cycle:   4.2551
Instructions per byte:    1.5226
Throughput:              11.31 GB/s
-----------------------Custom ctx->lengths mode: 70---------------------------

 ***** Benchmarking EVP_EncodeUpdate *****:
Benchmark ran 50000 iterations (40000 used after warmup)
Total elapsed (wall):     15.472537 s
CPU cycles (avg):         1697038
Instructions (avg):       9976012
Instructions per cycle:   5.8785
Instructions per byte:    14.2641
Throughput:              1.81 GB/s
-----------------------Custom ctx->lengths mode: 71---------------------------

 ***** Benchmarking EVP_EncodeUpdate *****:
Benchmark ran 50000 iterations (40000 used after warmup)
Total elapsed (wall):     15.325884 s
CPU cycles (avg):         1682338
Instructions (avg):       9884947
Instructions per cycle:   5.8757
Instructions per byte:    14.1339
Throughput:              1.83 GB/s
-----------------------Custom ctx->lengths mode: 72---------------------------

 ***** Benchmarking EVP_EncodeUpdate *****:
Benchmark ran 50000 iterations (40000 used after warmup)
Total elapsed (wall):     2.047976 s
CPU cycles (avg):         200927
Instructions (avg):       949847
Instructions per cycle:   4.7273
Instructions per byte:    1.3581
Throughput:              13.66 GB/s
-----------------------Custom ctx->lengths mode: 73---------------------------

 ***** Benchmarking EVP_EncodeUpdate *****:
Benchmark ran 50000 iterations (40000 used after warmup)
Total elapsed (wall):     15.419684 s
CPU cycles (avg):         1692930
Instructions (avg):       9968693
Instructions per cycle:   5.8884
Instructions per byte:    14.2536
Throughput:              1.81 GB/s
-----------------------Custom ctx->lengths mode: 74---------------------------

 ***** Benchmarking EVP_EncodeUpdate *****:
Benchmark ran 50000 iterations (40000 used after warmup)
Total elapsed (wall):     15.308195 s
CPU cycles (avg):         1682055
Instructions (avg):       9881377
Instructions per cycle:   5.8746
Instructions per byte:    14.1287
Throughput:              1.83 GB/s
-----------------------Custom ctx->lengths mode: 75---------------------------

 ***** Benchmarking EVP_EncodeUpdate *****:
Benchmark ran 50000 iterations (40000 used after warmup)
Total elapsed (wall):     2.471544 s
CPU cycles (avg):         250499
Instructions (avg):       1053559
Instructions per cycle:   4.2058
Instructions per byte:    1.5064
Throughput:              11.32 GB/s
-----------------------Custom ctx->lengths mode: 76---------------------------

 ***** Benchmarking EVP_EncodeUpdate *****:
Benchmark ran 50000 iterations (40000 used after warmup)
Total elapsed (wall):     15.358597 s
CPU cycles (avg):         1692382
Instructions (avg):       9961834
Instructions per cycle:   5.8863
Instructions per byte:    14.2438
Throughput:              1.82 GB/s
-----------------------Custom ctx->lengths mode: 77---------------------------

 ***** Benchmarking EVP_EncodeUpdate *****:
Benchmark ran 50000 iterations (40000 used after warmup)
Total elapsed (wall):     15.329168 s
CPU cycles (avg):         1682727
Instructions (avg):       9878055
Instructions per cycle:   5.8703
Instructions per byte:    14.1240
Throughput:              1.82 GB/s
-----------------------Custom ctx->lengths mode: 78---------------------------

 ***** Benchmarking EVP_EncodeUpdate *****:
Benchmark ran 50000 iterations (40000 used after warmup)
Total elapsed (wall):     2.428123 s
CPU cycles (avg):         243587
Instructions (avg):       1030457
Instructions per cycle:   4.2303
Instructions per byte:    1.4734
Throughput:              11.52 GB/s
-----------------------Custom ctx->lengths mode: 79---------------------------

 ***** Benchmarking EVP_EncodeUpdate *****:
Benchmark ran 50000 iterations (40000 used after warmup)
Total elapsed (wall):     15.456159 s
CPU cycles (avg):         1696398
Instructions (avg):       9955629
Instructions per cycle:   5.8687
Instructions per byte:    14.2349
Throughput:              1.81 GB/s
-----------------------Custom ctx->lengths mode: 80---------------------------

 ***** Benchmarking EVP_EncodeUpdate *****:
Benchmark ran 50000 iterations (40000 used after warmup)
Total elapsed (wall):     15.304541 s
CPU cycles (avg):         1678420
Instructions (avg):       9874906
Instructions per cycle:   5.8835
Instructions per byte:    14.1195
Throughput:              1.83 GB/s

======================= Alphabet: SRP =======================
-----------------------DISABLE NEWLINES/NO_NL mode---------------------------

 ***** Benchmarking EVP_EncodeUpdate *****:
Benchmark ran 50000 iterations (40000 used after warmup)
Total elapsed (wall):     2.379569 s
CPU cycles (avg):         239475
Instructions (avg):       965186
Instructions per cycle:   4.0304
Instructions per byte:    1.3801
Throughput:              11.76 GB/s
-----------------------PEM mode---------------------------

 ***** Benchmarking EVP_EncodeUpdate *****:
Benchmark ran 50000 iterations (40000 used after warmup)
Total elapsed (wall):     2.370587 s
CPU cycles (avg):         240691
Instructions (avg):       965132
Instructions per cycle:   4.0098
Instructions per byte:    1.3800
Throughput:              11.80 GB/s
-----------------------Custom ctx->lengths mode: 1---------------------------

 ***** Benchmarking EVP_EncodeUpdate *****:
Benchmark ran 50000 iterations (40000 used after warmup)
Total elapsed (wall):     13.016924 s
CPU cycles (avg):         1419100
Instructions (avg):       6298262
Instructions per cycle:   4.4382
Instructions per byte:    9.0055
Throughput:              2.15 GB/s
-----------------------Custom ctx->lengths mode: 2---------------------------

 ***** Benchmarking EVP_EncodeUpdate *****:
Benchmark ran 50000 iterations (40000 used after warmup)
Total elapsed (wall):     28.857108 s
CPU cycles (avg):         3197138
Instructions (avg):       16789102
Instructions per cycle:   5.2513
Instructions per byte:    24.0057
Throughput:              0.97 GB/s
-----------------------Custom ctx->lengths mode: 3---------------------------

 ***** Benchmarking EVP_EncodeUpdate *****:
Benchmark ran 50000 iterations (40000 used after warmup)
Total elapsed (wall):     3.411888 s
CPU cycles (avg):         358018
Instructions (avg):       1389536
Instructions per cycle:   3.8812
Instructions per byte:    1.9868
Throughput:              8.20 GB/s
-----------------------Custom ctx->lengths mode: 4---------------------------

 ***** Benchmarking EVP_EncodeUpdate *****:
Benchmark ran 50000 iterations (40000 used after warmup)
Total elapsed (wall):     20.912878 s
CPU cycles (avg):         2311417
Instructions (avg):       12942633
Instructions per cycle:   5.5994
Instructions per byte:    18.5058
Throughput:              1.34 GB/s
-----------------------Custom ctx->lengths mode: 5---------------------------

 ***** Benchmarking EVP_EncodeUpdate *****:
Benchmark ran 50000 iterations (40000 used after warmup)
Total elapsed (wall):     18.177694 s
CPU cycles (avg):         1998084
Instructions (avg):       11055076
Instructions per cycle:   5.5328
Instructions per byte:    15.8069
Throughput:              1.54 GB/s
-----------------------Custom ctx->lengths mode: 6---------------------------

 ***** Benchmarking EVP_EncodeUpdate *****:
Benchmark ran 50000 iterations (40000 used after warmup)
Total elapsed (wall):     3.952697 s
CPU cycles (avg):         419970
Instructions (avg):       1226906
Instructions per cycle:   2.9214
Instructions per byte:    1.7543
Throughput:              7.08 GB/s
-----------------------Custom ctx->lengths mode: 7---------------------------

 ***** Benchmarking EVP_EncodeUpdate *****:
Benchmark ran 50000 iterations (40000 used after warmup)
Total elapsed (wall):     18.539939 s
CPU cycles (avg):         2034427
Instructions (avg):       11594541
Instructions per cycle:   5.6992
Instructions per byte:    16.5783
Throughput:              1.51 GB/s
-----------------------Custom ctx->lengths mode: 8---------------------------

 ***** Benchmarking EVP_EncodeUpdate *****:
Benchmark ran 50000 iterations (40000 used after warmup)
Total elapsed (wall):     17.053407 s
CPU cycles (avg):         1872510
Instructions (avg):       10582217
Instructions per cycle:   5.6514
Instructions per byte:    15.1308
Throughput:              1.64 GB/s
-----------------------Custom ctx->lengths mode: 9---------------------------

 ***** Benchmarking EVP_EncodeUpdate *****:
Benchmark ran 50000 iterations (40000 used after warmup)
Total elapsed (wall):     7.818410 s
CPU cycles (avg):         843860
Instructions (avg):       3632833
Instructions per cycle:   4.3050
Instructions per byte:    5.1944
Throughput:              3.58 GB/s
-----------------------Custom ctx->lengths mode: 10---------------------------

 ***** Benchmarking EVP_EncodeUpdate *****:
Benchmark ran 50000 iterations (40000 used after warmup)
Total elapsed (wall):     17.487202 s
CPU cycles (avg):         1920480
Instructions (avg):       11055022
Instructions per cycle:   5.7564
Instructions per byte:    15.8069
Throughput:              1.60 GB/s
-----------------------Custom ctx->lengths mode: 11---------------------------

 ***** Benchmarking EVP_EncodeUpdate *****:
Benchmark ran 50000 iterations (40000 used after warmup)
Total elapsed (wall):     16.716578 s
CPU cycles (avg):         1824998
Instructions (avg):       10368596
Instructions per cycle:   5.6814
Instructions per byte:    14.8254
Throughput:              1.67 GB/s
-----------------------Custom ctx->lengths mode: 12---------------------------

 ***** Benchmarking EVP_EncodeUpdate *****:
Benchmark ran 50000 iterations (40000 used after warmup)
Total elapsed (wall):     7.817897 s
CPU cycles (avg):         843773
Instructions (avg):       3823101
Instructions per cycle:   4.5310
Instructions per byte:    5.4664
Throughput:              3.58 GB/s
-----------------------Custom ctx->lengths mode: 13---------------------------

 ***** Benchmarking EVP_EncodeUpdate *****:
Benchmark ran 50000 iterations (40000 used after warmup)
Total elapsed (wall):     16.953630 s
CPU cycles (avg):         1860370
Instructions (avg):       10764491
Instructions per cycle:   5.7862
Instructions per byte:    15.3915
Throughput:              1.65 GB/s
-----------------------Custom ctx->lengths mode: 14---------------------------

 ***** Benchmarking EVP_EncodeUpdate *****:
Benchmark ran 50000 iterations (40000 used after warmup)
Total elapsed (wall):     16.232989 s
CPU cycles (avg):         1779361
Instructions (avg):       10245751
Instructions per cycle:   5.7581
Instructions per byte:    14.6497
Throughput:              1.72 GB/s
-----------------------Custom ctx->lengths mode: 15---------------------------

 ***** Benchmarking EVP_EncodeUpdate *****:
Benchmark ran 50000 iterations (40000 used after warmup)
Total elapsed (wall):     8.696410 s
CPU cycles (avg):         948122
Instructions (avg):       4120563
Instructions per cycle:   4.3460
Instructions per byte:    5.8917
Throughput:              3.22 GB/s
-----------------------Custom ctx->lengths mode: 16---------------------------

 ***** Benchmarking EVP_EncodeUpdate *****:
Benchmark ran 50000 iterations (40000 used after warmup)
Total elapsed (wall):     16.592079 s
CPU cycles (avg):         1821936
Instructions (avg):       10582393
Instructions per cycle:   5.8083
Instructions per byte:    15.1311
Throughput:              1.69 GB/s
-----------------------Custom ctx->lengths mode: 17---------------------------

 ***** Benchmarking EVP_EncodeUpdate *****:
Benchmark ran 50000 iterations (40000 used after warmup)
Total elapsed (wall):     16.025327 s
CPU cycles (avg):         1757655
Instructions (avg):       10166538
Instructions per cycle:   5.7841
Instructions per byte:    14.5365
Throughput:              1.75 GB/s
-----------------------Custom ctx->lengths mode: 18---------------------------

 ***** Benchmarking EVP_EncodeUpdate *****:
Benchmark ran 50000 iterations (40000 used after warmup)
Total elapsed (wall):     7.524832 s
CPU cycles (avg):         814717
Instructions (avg):       3726454
Instructions per cycle:   4.5739
Instructions per byte:    5.3282
Throughput:              3.72 GB/s
-----------------------Custom ctx->lengths mode: 19---------------------------

 ***** Benchmarking EVP_EncodeUpdate *****:
Benchmark ran 50000 iterations (40000 used after warmup)
Total elapsed (wall):     16.332326 s
CPU cycles (avg):         1793866
Instructions (avg):       10458822
Instructions per cycle:   5.8303
Instructions per byte:    14.9544
Throughput:              1.71 GB/s
-----------------------Custom ctx->lengths mode: 20---------------------------

 ***** Benchmarking EVP_EncodeUpdate *****:
Benchmark ran 50000 iterations (40000 used after warmup)
Total elapsed (wall):     15.839928 s
CPU cycles (avg):         1739433
Instructions (avg):       10110903
Instructions per cycle:   5.8128
Instructions per byte:    14.4569
Throughput:              1.77 GB/s
-----------------------Custom ctx->lengths mode: 21---------------------------

 ***** Benchmarking EVP_EncodeUpdate *****:
Benchmark ran 50000 iterations (40000 used after warmup)
Total elapsed (wall):     7.768361 s
CPU cycles (avg):         844294
Instructions (avg):       3716100
Instructions per cycle:   4.4014
Instructions per byte:    5.3134
Throughput:              3.60 GB/s
-----------------------Custom ctx->lengths mode: 22---------------------------

 ***** Benchmarking EVP_EncodeUpdate *****:
Benchmark ran 50000 iterations (40000 used after warmup)
Total elapsed (wall):     16.150255 s
CPU cycles (avg):         1775390
Instructions (avg):       10368534
Instructions per cycle:   5.8401
Instructions per byte:    14.8253
Throughput:              1.73 GB/s
-----------------------Custom ctx->lengths mode: 23---------------------------

 ***** Benchmarking EVP_EncodeUpdate *****:
Benchmark ran 50000 iterations (40000 used after warmup)
Total elapsed (wall):     15.764465 s
CPU cycles (avg):         1730139
Instructions (avg):       10069836
Instructions per cycle:   5.8202
Instructions per byte:    14.3982
Throughput:              1.77 GB/s
-----------------------Custom ctx->lengths mode: 24---------------------------

 ***** Benchmarking EVP_EncodeUpdate *****:
Benchmark ran 50000 iterations (40000 used after warmup)
Total elapsed (wall):     2.620757 s
CPU cycles (avg):         263956
Instructions (avg):       1298805
Instructions per cycle:   4.9205
Instructions per byte:    1.8571
Throughput:              10.67 GB/s
-----------------------Custom ctx->lengths mode: 25---------------------------

 ***** Benchmarking EVP_EncodeUpdate *****:
Benchmark ran 50000 iterations (40000 used after warmup)
Total elapsed (wall):     16.049769 s
CPU cycles (avg):         1761945
Instructions (avg):       10299764
Instructions per cycle:   5.8457
Instructions per byte:    14.7270
Throughput:              1.74 GB/s
-----------------------Custom ctx->lengths mode: 26---------------------------

 ***** Benchmarking EVP_EncodeUpdate *****:
Benchmark ran 50000 iterations (40000 used after warmup)
Total elapsed (wall):     15.655032 s
CPU cycles (avg):         1720871
Instructions (avg):       10038255
Instructions per cycle:   5.8332
Instructions per byte:    14.3531
Throughput:              1.79 GB/s
-----------------------Custom ctx->lengths mode: 27---------------------------

 ***** Benchmarking EVP_EncodeUpdate *****:
Benchmark ran 50000 iterations (40000 used after warmup)
Total elapsed (wall):     3.497931 s
CPU cycles (avg):         364785
Instructions (avg):       1577838
Instructions per cycle:   4.3254
Instructions per byte:    2.2560
Throughput:              8.00 GB/s
-----------------------Custom ctx->lengths mode: 28---------------------------

 ***** Benchmarking EVP_EncodeUpdate *****:
Benchmark ran 50000 iterations (40000 used after warmup)
Total elapsed (wall):     16.057739 s
CPU cycles (avg):         1760900
Instructions (avg):       10245733
Instructions per cycle:   5.8185
Instructions per byte:    14.6497
Throughput:              1.74 GB/s
-----------------------Custom ctx->lengths mode: 29---------------------------

 ***** Benchmarking EVP_EncodeUpdate *****:
Benchmark ran 50000 iterations (40000 used after warmup)
Total elapsed (wall):     15.657369 s
CPU cycles (avg):         1715797
Instructions (avg):       10013428
Instructions per cycle:   5.8360
Instructions per byte:    14.3176
Throughput:              1.79 GB/s
-----------------------Custom ctx->lengths mode: 30---------------------------

 ***** Benchmarking EVP_EncodeUpdate *****:
Benchmark ran 50000 iterations (40000 used after warmup)
Total elapsed (wall):     3.216713 s
CPU cycles (avg):         333370
Instructions (avg):       1496272
Instructions per cycle:   4.4883
Instructions per byte:    2.1394
Throughput:              8.70 GB/s
-----------------------Custom ctx->lengths mode: 31---------------------------

 ***** Benchmarking EVP_EncodeUpdate *****:
Benchmark ran 50000 iterations (40000 used after warmup)
Total elapsed (wall):     15.828637 s
CPU cycles (avg):         1740576
Instructions (avg):       10202408
Instructions per cycle:   5.8615
Instructions per byte:    14.5878
Throughput:              1.77 GB/s
-----------------------Custom ctx->lengths mode: 32---------------------------

 ***** Benchmarking EVP_EncodeUpdate *****:
Benchmark ran 50000 iterations (40000 used after warmup)
Total elapsed (wall):     15.684612 s
CPU cycles (avg):         1714900
Instructions (avg):       9992293
Instructions per cycle:   5.8267
Instructions per byte:    14.2873
Throughput:              1.78 GB/s
-----------------------Custom ctx->lengths mode: 33---------------------------

 ***** Benchmarking EVP_EncodeUpdate *****:
Benchmark ran 50000 iterations (40000 used after warmup)
Total elapsed (wall):     3.265792 s
CPU cycles (avg):         338963
Instructions (avg):       1512308
Instructions per cycle:   4.4616
Instructions per byte:    2.1624
Throughput:              8.57 GB/s
-----------------------Custom ctx->lengths mode: 34---------------------------

 ***** Benchmarking EVP_EncodeUpdate *****:
Benchmark ran 50000 iterations (40000 used after warmup)
Total elapsed (wall):     15.789821 s
CPU cycles (avg):         1733374
Instructions (avg):       10166467
Instructions per cycle:   5.8651
Instructions per byte:    14.5364
Throughput:              1.77 GB/s
-----------------------Custom ctx->lengths mode: 35---------------------------

 ***** Benchmarking EVP_EncodeUpdate *****:
Benchmark ran 50000 iterations (40000 used after warmup)
Total elapsed (wall):     15.529458 s
CPU cycles (avg):         1705253
Instructions (avg):       9976117
Instructions per cycle:   5.8502
Instructions per byte:    14.2642
Throughput:              1.80 GB/s
-----------------------Custom ctx->lengths mode: 36---------------------------

 ***** Benchmarking EVP_EncodeUpdate *****:
Benchmark ran 50000 iterations (40000 used after warmup)
Total elapsed (wall):     2.916303 s
CPU cycles (avg):         297372
Instructions (avg):       1376968
Instructions per cycle:   4.6304
Instructions per byte:    1.9688
Throughput:              9.59 GB/s
-----------------------Custom ctx->lengths mode: 37---------------------------

 ***** Benchmarking EVP_EncodeUpdate *****:
Benchmark ran 50000 iterations (40000 used after warmup)
Total elapsed (wall):     15.797414 s
CPU cycles (avg):         1729969
Instructions (avg):       10136546
Instructions per cycle:   5.8594
Instructions per byte:    14.4936
Throughput:              1.77 GB/s
-----------------------Custom ctx->lengths mode: 38---------------------------

 ***** Benchmarking EVP_EncodeUpdate *****:
Benchmark ran 50000 iterations (40000 used after warmup)
Total elapsed (wall):     15.448702 s
CPU cycles (avg):         1697710
Instructions (avg):       9961915
Instructions per cycle:   5.8679
Instructions per byte:    14.2439
Throughput:              1.81 GB/s
-----------------------Custom ctx->lengths mode: 39---------------------------

 ***** Benchmarking EVP_EncodeUpdate *****:
Benchmark ran 50000 iterations (40000 used after warmup)
Total elapsed (wall):     3.186834 s
CPU cycles (avg):         330864
Instructions (avg):       1464986
Instructions per cycle:   4.4277
Instructions per byte:    2.0947
Throughput:              8.78 GB/s
-----------------------Custom ctx->lengths mode: 40---------------------------

 ***** Benchmarking EVP_EncodeUpdate *****:
Benchmark ran 50000 iterations (40000 used after warmup)
Total elapsed (wall):     15.705585 s
CPU cycles (avg):         1722358
Instructions (avg):       10110851
Instructions per cycle:   5.8704
Instructions per byte:    14.4569
Throughput:              1.78 GB/s
-----------------------Custom ctx->lengths mode: 41---------------------------

 ***** Benchmarking EVP_EncodeUpdate *****:
Benchmark ran 50000 iterations (40000 used after warmup)
Total elapsed (wall):     15.470845 s
CPU cycles (avg):         1697291
Instructions (avg):       9949883
Instructions per cycle:   5.8622
Instructions per byte:    14.2267
Throughput:              1.81 GB/s
-----------------------Custom ctx->lengths mode: 42---------------------------

 ***** Benchmarking EVP_EncodeUpdate *****:
Benchmark ran 50000 iterations (40000 used after warmup)
Total elapsed (wall):     3.058082 s
CPU cycles (avg):         316242
Instructions (avg):       1415691
Instructions per cycle:   4.4766
Instructions per byte:    2.0242
Throughput:              9.15 GB/s
-----------------------Custom ctx->lengths mode: 43---------------------------

 ***** Benchmarking EVP_EncodeUpdate *****:
Benchmark ran 50000 iterations (40000 used after warmup)
Total elapsed (wall):     15.649530 s
CPU cycles (avg):         1716579
Instructions (avg):       10089088
Instructions per cycle:   5.8774
Instructions per byte:    14.4257
Throughput:              1.79 GB/s
-----------------------Custom ctx->lengths mode: 44---------------------------

 ***** Benchmarking EVP_EncodeUpdate *****:
Benchmark ran 50000 iterations (40000 used after warmup)
Total elapsed (wall):     15.481687 s
CPU cycles (avg):         1697117
Instructions (avg):       9939401
Instructions per cycle:   5.8566
Instructions per byte:    14.2117
Throughput:              1.81 GB/s
-----------------------Custom ctx->lengths mode: 45---------------------------

 ***** Benchmarking EVP_EncodeUpdate *****:
Benchmark ran 50000 iterations (40000 used after warmup)
Total elapsed (wall):     3.120019 s
CPU cycles (avg):         321697
Instructions (avg):       1431310
Instructions per cycle:   4.4492
Instructions per byte:    2.0465
Throughput:              8.97 GB/s
-----------------------Custom ctx->lengths mode: 46---------------------------

 ***** Benchmarking EVP_EncodeUpdate *****:
Benchmark ran 50000 iterations (40000 used after warmup)
Total elapsed (wall):     15.636817 s
CPU cycles (avg):         1714219
Instructions (avg):       10069793
Instructions per cycle:   5.8743
Instructions per byte:    14.3982
Throughput:              1.79 GB/s
-----------------------Custom ctx->lengths mode: 47---------------------------

 ***** Benchmarking EVP_EncodeUpdate *****:
Benchmark ran 50000 iterations (40000 used after warmup)
Total elapsed (wall):     15.391038 s
CPU cycles (avg):         1691012
Instructions (avg):       9930182
Instructions per cycle:   5.8723
Instructions per byte:    14.1985
Throughput:              1.82 GB/s
-----------------------Custom ctx->lengths mode: 48---------------------------

 ***** Benchmarking EVP_EncodeUpdate *****:
Benchmark ran 50000 iterations (40000 used after warmup)
Total elapsed (wall):     2.391696 s
CPU cycles (avg):         239837
Instructions (avg):       965129
Instructions per cycle:   4.0241
Instructions per byte:    1.3800
Throughput:              11.70 GB/s
-----------------------Custom ctx->lengths mode: 49---------------------------

 ***** Benchmarking EVP_EncodeUpdate *****:
Benchmark ran 50000 iterations (40000 used after warmup)
Total elapsed (wall):     15.552548 s
CPU cycles (avg):         1709285
Instructions (avg):       10053172
Instructions per cycle:   5.8815
Instructions per byte:    14.3744
Throughput:              1.80 GB/s
-----------------------Custom ctx->lengths mode: 50---------------------------

 ***** Benchmarking EVP_EncodeUpdate *****:
Benchmark ran 50000 iterations (40000 used after warmup)
Total elapsed (wall):     15.625527 s
CPU cycles (avg):         1706993
Instructions (avg):       9922174
Instructions per cycle:   5.8127
Instructions per byte:    14.1871
Throughput:              1.79 GB/s
-----------------------Custom ctx->lengths mode: 51---------------------------

 ***** Benchmarking EVP_EncodeUpdate *****:
Benchmark ran 50000 iterations (40000 used after warmup)
Total elapsed (wall):     3.059979 s
CPU cycles (avg):         314769
Instructions (avg):       1405470
Instructions per cycle:   4.4651
Instructions per byte:    2.0096
Throughput:              9.14 GB/s
-----------------------Custom ctx->lengths mode: 52---------------------------

 ***** Benchmarking EVP_EncodeUpdate *****:
Benchmark ran 50000 iterations (40000 used after warmup)
Total elapsed (wall):     15.648754 s
CPU cycles (avg):         1713254
Instructions (avg):       10038217
Instructions per cycle:   5.8592
Instructions per byte:    14.3530
Throughput:              1.79 GB/s
-----------------------Custom ctx->lengths mode: 53---------------------------

 ***** Benchmarking EVP_EncodeUpdate *****:
Benchmark ran 50000 iterations (40000 used after warmup)
Total elapsed (wall):     15.405130 s
CPU cycles (avg):         1692156
Instructions (avg):       9915113
Instructions per cycle:   5.8595
Instructions per byte:    14.1770
Throughput:              1.82 GB/s
-----------------------Custom ctx->lengths mode: 54---------------------------

 ***** Benchmarking EVP_EncodeUpdate *****:
Benchmark ran 50000 iterations (40000 used after warmup)
Total elapsed (wall):     2.987861 s
CPU cycles (avg):         304874
Instructions (avg):       1371623
Instructions per cycle:   4.4990
Instructions per byte:    1.9612
Throughput:              9.36 GB/s
-----------------------Custom ctx->lengths mode: 55---------------------------

 ***** Benchmarking EVP_EncodeUpdate *****:
Benchmark ran 50000 iterations (40000 used after warmup)
Total elapsed (wall):     15.657301 s
CPU cycles (avg):         1713723
Instructions (avg):       10025237
Instructions per cycle:   5.8500
Instructions per byte:    14.3344
Throughput:              1.79 GB/s
-----------------------Custom ctx->lengths mode: 56---------------------------

 ***** Benchmarking EVP_EncodeUpdate *****:
Benchmark ran 50000 iterations (40000 used after warmup)
Total elapsed (wall):     15.501880 s
CPU cycles (avg):         1695975
Instructions (avg):       9908592
Instructions per cycle:   5.8424
Instructions per byte:    14.1677
Throughput:              1.80 GB/s
-----------------------Custom ctx->lengths mode: 57---------------------------

 ***** Benchmarking EVP_EncodeUpdate *****:
Benchmark ran 50000 iterations (40000 used after warmup)
Total elapsed (wall):     3.030717 s
CPU cycles (avg):         312699
Instructions (avg):       1385038
Instructions per cycle:   4.4293
Instructions per byte:    1.9804
Throughput:              9.23 GB/s
-----------------------Custom ctx->lengths mode: 58---------------------------

 ***** Benchmarking EVP_EncodeUpdate *****:
Benchmark ran 50000 iterations (40000 used after warmup)
Total elapsed (wall):     15.586618 s
CPU cycles (avg):         1709315
Instructions (avg):       10013363
Instructions per cycle:   5.8581
Instructions per byte:    14.3175
Throughput:              1.79 GB/s
-----------------------Custom ctx->lengths mode: 59---------------------------

 ***** Benchmarking EVP_EncodeUpdate *****:
Benchmark ran 50000 iterations (40000 used after warmup)
Total elapsed (wall):     15.441399 s
CPU cycles (avg):         1691047
Instructions (avg):       9903049
Instructions per cycle:   5.8562
Instructions per byte:    14.1597
Throughput:              1.81 GB/s
-----------------------Custom ctx->lengths mode: 60---------------------------

 ***** Benchmarking EVP_EncodeUpdate *****:
Benchmark ran 50000 iterations (40000 used after warmup)
Total elapsed (wall):     2.785278 s
CPU cycles (avg):         284910
Instructions (avg):       1310815
Instructions per cycle:   4.6008
Instructions per byte:    1.8743
Throughput:              10.04 GB/s
-----------------------Custom ctx->lengths mode: 61---------------------------

 ***** Benchmarking EVP_EncodeUpdate *****:
Benchmark ran 50000 iterations (40000 used after warmup)
Total elapsed (wall):     15.802264 s
CPU cycles (avg):         1722873
Instructions (avg):       10002743
Instructions per cycle:   5.8058
Instructions per byte:    14.3023
Throughput:              1.77 GB/s
-----------------------Custom ctx->lengths mode: 62---------------------------

 ***** Benchmarking EVP_EncodeUpdate *****:
Benchmark ran 50000 iterations (40000 used after warmup)
Total elapsed (wall):     15.392151 s
CPU cycles (avg):         1686871
Instructions (avg):       9897885
Instructions per cycle:   5.8676
Instructions per byte:    14.1524
Throughput:              1.82 GB/s
-----------------------Custom ctx->lengths mode: 63---------------------------

 ***** Benchmarking EVP_EncodeUpdate *****:
Benchmark ran 50000 iterations (40000 used after warmup)
Total elapsed (wall):     2.950051 s
CPU cycles (avg):         300538
Instructions (avg):       1368510
Instructions per cycle:   4.5535
Instructions per byte:    1.9567
Throughput:              9.48 GB/s
-----------------------Custom ctx->lengths mode: 64---------------------------

 ***** Benchmarking EVP_EncodeUpdate *****:
Benchmark ran 50000 iterations (40000 used after warmup)
Total elapsed (wall):     15.465446 s
CPU cycles (avg):         1697665
Instructions (avg):       9992372
Instructions per cycle:   5.8859
Instructions per byte:    14.2875
Throughput:              1.81 GB/s
-----------------------Custom ctx->lengths mode: 65---------------------------

 ***** Benchmarking EVP_EncodeUpdate *****:
Benchmark ran 50000 iterations (40000 used after warmup)
Total elapsed (wall):     15.345106 s
CPU cycles (avg):         1684333
Instructions (avg):       9893065
Instructions per cycle:   5.8736
Instructions per byte:    14.1455
Throughput:              1.82 GB/s
-----------------------Custom ctx->lengths mode: 66---------------------------

 ***** Benchmarking EVP_EncodeUpdate *****:
Benchmark ran 50000 iterations (40000 used after warmup)
Total elapsed (wall):     2.908472 s
CPU cycles (avg):         295267
Instructions (avg):       1342701
Instructions per cycle:   4.5474
Instructions per byte:    1.9198
Throughput:              9.62 GB/s
-----------------------Custom ctx->lengths mode: 67---------------------------

 ***** Benchmarking EVP_EncodeUpdate *****:
Benchmark ran 50000 iterations (40000 used after warmup)
Total elapsed (wall):     15.459074 s
CPU cycles (avg):         1698327
Instructions (avg):       9984143
Instructions per cycle:   5.8788
Instructions per byte:    14.2757
Throughput:              1.81 GB/s
-----------------------Custom ctx->lengths mode: 68---------------------------

 ***** Benchmarking EVP_EncodeUpdate *****:
Benchmark ran 50000 iterations (40000 used after warmup)
Total elapsed (wall):     15.303410 s
CPU cycles (avg):         1682012
Instructions (avg):       9888816
Instructions per cycle:   5.8792
Instructions per byte:    14.1394
Throughput:              1.83 GB/s
-----------------------Custom ctx->lengths mode: 69---------------------------

 ***** Benchmarking EVP_EncodeUpdate *****:
Benchmark ran 50000 iterations (40000 used after warmup)
Total elapsed (wall):     2.918271 s
CPU cycles (avg):         298824
Instructions (avg):       1355862
Instructions per cycle:   4.5373
Instructions per byte:    1.9387
Throughput:              9.59 GB/s
-----------------------Custom ctx->lengths mode: 70---------------------------

 ***** Benchmarking EVP_EncodeUpdate *****:
Benchmark ran 50000 iterations (40000 used after warmup)
Total elapsed (wall):     15.483489 s
CPU cycles (avg):         1698335
Instructions (avg):       9976063
Instructions per cycle:   5.8740
Instructions per byte:    14.2641
Throughput:              1.81 GB/s
-----------------------Custom ctx->lengths mode: 71---------------------------

 ***** Benchmarking EVP_EncodeUpdate *****:
Benchmark ran 50000 iterations (40000 used after warmup)
Total elapsed (wall):     15.324419 s
CPU cycles (avg):         1684599
Instructions (avg):       9884998
Instructions per cycle:   5.8679
Instructions per byte:    14.1339
Throughput:              1.83 GB/s
-----------------------Custom ctx->lengths mode: 72---------------------------

 ***** Benchmarking EVP_EncodeUpdate *****:
Benchmark ran 50000 iterations (40000 used after warmup)
Total elapsed (wall):     2.572043 s
CPU cycles (avg):         262375
Instructions (avg):       1240898
Instructions per cycle:   4.7295
Instructions per byte:    1.7743
Throughput:              10.88 GB/s
-----------------------Custom ctx->lengths mode: 73---------------------------

 ***** Benchmarking EVP_EncodeUpdate *****:
Benchmark ran 50000 iterations (40000 used after warmup)
Total elapsed (wall):     15.408537 s
CPU cycles (avg):         1694339
Instructions (avg):       9968744
Instructions per cycle:   5.8836
Instructions per byte:    14.2537
Throughput:              1.82 GB/s
-----------------------Custom ctx->lengths mode: 74---------------------------

 ***** Benchmarking EVP_EncodeUpdate *****:
Benchmark ran 50000 iterations (40000 used after warmup)
Total elapsed (wall):     15.418747 s
CPU cycles (avg):         1688727
Instructions (avg):       9881428
Instructions per cycle:   5.8514
Instructions per byte:    14.1288
Throughput:              1.81 GB/s
-----------------------Custom ctx->lengths mode: 75---------------------------

 ***** Benchmarking EVP_EncodeUpdate *****:
Benchmark ran 50000 iterations (40000 used after warmup)
Total elapsed (wall):     2.930187 s
CPU cycles (avg):         302202
Instructions (avg):       1344570
Instructions per cycle:   4.4492
Instructions per byte:    1.9225
Throughput:              9.55 GB/s
-----------------------Custom ctx->lengths mode: 76---------------------------

 ***** Benchmarking EVP_EncodeUpdate *****:
Benchmark ran 50000 iterations (40000 used after warmup)
Total elapsed (wall):     15.482106 s
CPU cycles (avg):         1697569
Instructions (avg):       9961885
Instructions per cycle:   5.8683
Instructions per byte:    14.2439
Throughput:              1.81 GB/s
-----------------------Custom ctx->lengths mode: 77---------------------------

 ***** Benchmarking EVP_EncodeUpdate *****:
Benchmark ran 50000 iterations (40000 used after warmup)
Total elapsed (wall):     15.343307 s
CPU cycles (avg):         1682961
Instructions (avg):       9878106
Instructions per cycle:   5.8695
Instructions per byte:    14.1241
Throughput:              1.82 GB/s
-----------------------Custom ctx->lengths mode: 78---------------------------

 ***** Benchmarking EVP_EncodeUpdate *****:
Benchmark ran 50000 iterations (40000 used after warmup)
Total elapsed (wall):     2.874142 s
CPU cycles (avg):         296216
Instructions (avg):       1321508
Instructions per cycle:   4.4613
Instructions per byte:    1.8895
Throughput:              9.73 GB/s
-----------------------Custom ctx->lengths mode: 79---------------------------

 ***** Benchmarking EVP_EncodeUpdate *****:
Benchmark ran 50000 iterations (40000 used after warmup)
Total elapsed (wall):     15.478208 s
CPU cycles (avg):         1699053
Instructions (avg):       9955680
Instructions per cycle:   5.8595
Instructions per byte:    14.2350
Throughput:              1.81 GB/s
-----------------------Custom ctx->lengths mode: 80---------------------------

 ***** Benchmarking EVP_EncodeUpdate *****:
Benchmark ran 50000 iterations (40000 used after warmup)
Total elapsed (wall):     15.439488 s
CPU cycles (avg):         1687559
Instructions (avg):       9874957
Instructions per cycle:   5.8516
Instructions per byte:    14.1196
Throughput:              1.81 GB/s


Processed files:
File: enron7.txt.decoded (247296 bytes)
File: enron12.txt.decoded (36552 bytes)
File: enron13.txt.decoded (59904 bytes)
File: enron10.txt.decoded (34773 bytes)
File: enron9.txt.decoded (58368 bytes)
File: enron11.txt.decoded (57696 bytes)
File: enron14.txt.decoded (35328 bytes)
File: enron2.txt.decoded (38400 bytes)
File: enron4.txt.decoded (72192 bytes)
File: enron15.txt.decoded (32760 bytes)
File: enron3.txt.decoded (26112 bytes)
 
🖼️  Benchmark: Mula JPG files

======================= Alphabet: STD =======================
-----------------------DISABLE NEWLINES/NO_NL mode---------------------------

 ***** Benchmarking EVP_EncodeUpdate *****:
Benchmark ran 500000 iterations (490000 used after warmup)
Total elapsed (wall):     12.131878 s
CPU cycles (avg):         83202
Instructions (avg):       344673
Instructions per cycle:   4.1426
Instructions per byte:    0.9413
Throughput:              14.79 GB/s
-----------------------PEM mode---------------------------

 ***** Benchmarking EVP_EncodeUpdate *****:
Benchmark ran 50000 iterations (40000 used after warmup)
Total elapsed (wall):     1.003502 s
CPU cycles (avg):         85062
Instructions (avg):       351159
Instructions per cycle:   4.1282
Instructions per byte:    0.9590
Throughput:              14.60 GB/s
-----------------------Custom ctx->lengths mode: 1---------------------------

 ***** Benchmarking EVP_EncodeUpdate *****:
Benchmark ran 50000 iterations (40000 used after warmup)
Total elapsed (wall):     6.936823 s
CPU cycles (avg):         740694
Instructions (avg):       3297327
Instructions per cycle:   4.4517
Instructions per byte:    9.0048
Throughput:              2.11 GB/s
-----------------------Custom ctx->lengths mode: 2---------------------------

 ***** Benchmarking EVP_EncodeUpdate *****:
Benchmark ran 50000 iterations (40000 used after warmup)
Total elapsed (wall):     15.184257 s
CPU cycles (avg):         1667943
Instructions (avg):       8790166
Instructions per cycle:   5.2701
Instructions per byte:    24.0053
Throughput:              0.96 GB/s
-----------------------Custom ctx->lengths mode: 3---------------------------

 ***** Benchmarking EVP_EncodeUpdate *****:
Benchmark ran 50000 iterations (40000 used after warmup)
Total elapsed (wall):     1.513623 s
CPU cycles (avg):         143314
Instructions (avg):       571082
Instructions per cycle:   3.9848
Instructions per byte:    1.5596
Throughput:              9.68 GB/s
-----------------------Custom ctx->lengths mode: 4---------------------------

 ***** Benchmarking EVP_EncodeUpdate *****:
Benchmark ran 50000 iterations (40000 used after warmup)
Total elapsed (wall):     11.026045 s
CPU cycles (avg):         1208372
Instructions (avg):       6776428
Instructions per cycle:   5.6079
Instructions per byte:    18.5059
Throughput:              1.33 GB/s
-----------------------Custom ctx->lengths mode: 5---------------------------

 ***** Benchmarking EVP_EncodeUpdate *****:
Benchmark ran 50000 iterations (40000 used after warmup)
Total elapsed (wall):     9.673849 s
CPU cycles (avg):         1048260
Instructions (avg):       5787774
Instructions per cycle:   5.5213
Instructions per byte:    15.8060
Throughput:              1.51 GB/s
-----------------------Custom ctx->lengths mode: 6---------------------------

 ***** Benchmarking EVP_EncodeUpdate *****:
Benchmark ran 50000 iterations (40000 used after warmup)
Total elapsed (wall):     1.833827 s
CPU cycles (avg):         180122
Instructions (avg):       486568
Instructions per cycle:   2.7013
Instructions per byte:    1.3288
Throughput:              7.99 GB/s
-----------------------Custom ctx->lengths mode: 7---------------------------

 ***** Benchmarking EVP_EncodeUpdate *****:
Benchmark ran 50000 iterations (40000 used after warmup)
Total elapsed (wall):     9.772216 s
CPU cycles (avg):         1064133
Instructions (avg):       6070249
Instructions per cycle:   5.7044
Instructions per byte:    16.5774
Throughput:              1.50 GB/s
-----------------------Custom ctx->lengths mode: 8---------------------------

 ***** Benchmarking EVP_EncodeUpdate *****:
Benchmark ran 50000 iterations (40000 used after warmup)
Total elapsed (wall):     9.061431 s
CPU cycles (avg):         983389
Instructions (avg):       5540703
Instructions per cycle:   5.6343
Instructions per byte:    15.1313
Throughput:              1.62 GB/s
-----------------------Custom ctx->lengths mode: 9---------------------------

 ***** Benchmarking EVP_EncodeUpdate *****:
Benchmark ran 50000 iterations (40000 used after warmup)
Total elapsed (wall):     3.846884 s
CPU cycles (avg):         402823
Instructions (avg):       1746832
Instructions per cycle:   4.3365
Instructions per byte:    4.7705
Throughput:              3.81 GB/s
-----------------------Custom ctx->lengths mode: 10---------------------------

 ***** Benchmarking EVP_EncodeUpdate *****:
Benchmark ran 50000 iterations (40000 used after warmup)
Total elapsed (wall):     9.203036 s
CPU cycles (avg):         1003281
Instructions (avg):       5787853
Instructions per cycle:   5.7689
Instructions per byte:    15.8062
Throughput:              1.59 GB/s
-----------------------Custom ctx->lengths mode: 11---------------------------

 ***** Benchmarking EVP_EncodeUpdate *****:
Benchmark ran 50000 iterations (40000 used after warmup)
Total elapsed (wall):     8.857287 s
CPU cycles (avg):         956271
Instructions (avg):       5428358
Instructions per cycle:   5.6766
Instructions per byte:    14.8245
Throughput:              1.65 GB/s
-----------------------Custom ctx->lengths mode: 12---------------------------

 ***** Benchmarking EVP_EncodeUpdate *****:
Benchmark ran 50000 iterations (40000 used after warmup)
Total elapsed (wall):     3.814191 s
CPU cycles (avg):         400306
Instructions (avg):       1848019
Instructions per cycle:   4.6165
Instructions per byte:    5.0468
Throughput:              3.84 GB/s
-----------------------Custom ctx->lengths mode: 13---------------------------

 ***** Benchmarking EVP_EncodeUpdate *****:
Benchmark ran 50000 iterations (40000 used after warmup)
Total elapsed (wall):     8.945422 s
CPU cycles (avg):         972085
Instructions (avg):       5635776
Instructions per cycle:   5.7976
Instructions per byte:    15.3909
Throughput:              1.64 GB/s
-----------------------Custom ctx->lengths mode: 14---------------------------

 ***** Benchmarking EVP_EncodeUpdate *****:
Benchmark ran 50000 iterations (40000 used after warmup)
Total elapsed (wall):     8.562494 s
CPU cycles (avg):         928159
Instructions (avg):       5364051
Instructions per cycle:   5.7792
Instructions per byte:    14.6488
Throughput:              1.71 GB/s
-----------------------Custom ctx->lengths mode: 15---------------------------

 ***** Benchmarking EVP_EncodeUpdate *****:
Benchmark ran 50000 iterations (40000 used after warmup)
Total elapsed (wall):     4.451694 s
CPU cycles (avg):         470706
Instructions (avg):       2002618
Instructions per cycle:   4.2545
Instructions per byte:    5.4690
Throughput:              3.29 GB/s
-----------------------Custom ctx->lengths mode: 16---------------------------

 ***** Benchmarking EVP_EncodeUpdate *****:
Benchmark ran 50000 iterations (40000 used after warmup)
Total elapsed (wall):     8.781709 s
CPU cycles (avg):         951488
Instructions (avg):       5540689
Instructions per cycle:   5.8232
Instructions per byte:    15.1312
Throughput:              1.67 GB/s
-----------------------Custom ctx->lengths mode: 17---------------------------

 ***** Benchmarking EVP_EncodeUpdate *****:
Benchmark ran 50000 iterations (40000 used after warmup)
Total elapsed (wall):     8.526027 s
CPU cycles (avg):         920414
Instructions (avg):       5322604
Instructions per cycle:   5.7828
Instructions per byte:    14.5356
Throughput:              1.72 GB/s
-----------------------Custom ctx->lengths mode: 18---------------------------

 ***** Benchmarking EVP_EncodeUpdate *****:
Benchmark ran 50000 iterations (40000 used after warmup)
Total elapsed (wall):     3.706946 s
CPU cycles (avg):         386481
Instructions (avg):       1796211
Instructions per cycle:   4.6476
Instructions per byte:    4.9053
Throughput:              3.95 GB/s
-----------------------Custom ctx->lengths mode: 19---------------------------

 ***** Benchmarking EVP_EncodeUpdate *****:
Benchmark ran 50000 iterations (40000 used after warmup)
Total elapsed (wall):     8.643007 s
CPU cycles (avg):         938214
Instructions (avg):       5475653
Instructions per cycle:   5.8362
Instructions per byte:    14.9536
Throughput:              1.69 GB/s
-----------------------Custom ctx->lengths mode: 20---------------------------

 ***** Benchmarking EVP_EncodeUpdate *****:
Benchmark ran 50000 iterations (40000 used after warmup)
Total elapsed (wall):     8.493347 s
CPU cycles (avg):         915264
Instructions (avg):       5293520
Instructions per cycle:   5.7836
Instructions per byte:    14.4562
Throughput:              1.72 GB/s
-----------------------Custom ctx->lengths mode: 21---------------------------

 ***** Benchmarking EVP_EncodeUpdate *****:
Benchmark ran 50000 iterations (40000 used after warmup)
Total elapsed (wall):     3.948980 s
CPU cycles (avg):         415318
Instructions (avg):       1791275
Instructions per cycle:   4.3130
Instructions per byte:    4.8918
Throughput:              3.71 GB/s
-----------------------Custom ctx->lengths mode: 22---------------------------

 ***** Benchmarking EVP_EncodeUpdate *****:
Benchmark ran 50000 iterations (40000 used after warmup)
Total elapsed (wall):     8.591976 s
CPU cycles (avg):         929950
Instructions (avg):       5428337
Instructions per cycle:   5.8372
Instructions per byte:    14.8244
Throughput:              1.70 GB/s
-----------------------Custom ctx->lengths mode: 23---------------------------

 ***** Benchmarking EVP_EncodeUpdate *****:
Benchmark ran 50000 iterations (40000 used after warmup)
Total elapsed (wall):     8.322125 s
CPU cycles (avg):         903354
Instructions (avg):       5272026
Instructions per cycle:   5.8361
Instructions per byte:    14.3975
Throughput:              1.76 GB/s
-----------------------Custom ctx->lengths mode: 24---------------------------

 ***** Benchmarking EVP_EncodeUpdate *****:
Benchmark ran 50000 iterations (40000 used after warmup)
Total elapsed (wall):     1.159843 s
CPU cycles (avg):         101319
Instructions (avg):       526546
Instructions per cycle:   5.1969
Instructions per byte:    1.4380
Throughput:              12.63 GB/s
-----------------------Custom ctx->lengths mode: 25---------------------------

 ***** Benchmarking EVP_EncodeUpdate *****:
Benchmark ran 50000 iterations (40000 used after warmup)
Total elapsed (wall):     8.465396 s
CPU cycles (avg):         919960
Instructions (avg):       5392395
Instructions per cycle:   5.8616
Instructions per byte:    14.7262
Throughput:              1.73 GB/s
-----------------------Custom ctx->lengths mode: 26---------------------------

 ***** Benchmarking EVP_EncodeUpdate *****:
Benchmark ran 50000 iterations (40000 used after warmup)
Total elapsed (wall):     8.283962 s
CPU cycles (avg):         899714
Instructions (avg):       5255499
Instructions per cycle:   5.8413
Instructions per byte:    14.3524
Throughput:              1.77 GB/s
-----------------------Custom ctx->lengths mode: 27---------------------------

 ***** Benchmarking EVP_EncodeUpdate *****:
Benchmark ran 50000 iterations (40000 used after warmup)
Total elapsed (wall):     1.735290 s
CPU cycles (avg):         167800
Instructions (avg):       669961
Instructions per cycle:   3.9926
Instructions per byte:    1.8296
Throughput:              8.44 GB/s
-----------------------Custom ctx->lengths mode: 28---------------------------

 ***** Benchmarking EVP_EncodeUpdate *****:
Benchmark ran 50000 iterations (40000 used after warmup)
Total elapsed (wall):     8.697958 s
CPU cycles (avg):         931723
Instructions (avg):       5364139
Instructions per cycle:   5.7572
Instructions per byte:    14.6491
Throughput:              1.68 GB/s
-----------------------Custom ctx->lengths mode: 29---------------------------

 ***** Benchmarking EVP_EncodeUpdate *****:
Benchmark ran 50000 iterations (40000 used after warmup)
Total elapsed (wall):     8.552404 s
CPU cycles (avg):         918768
Instructions (avg):       5242376
Instructions per cycle:   5.7059
Instructions per byte:    14.3165
Throughput:              1.71 GB/s
-----------------------Custom ctx->lengths mode: 30---------------------------

 ***** Benchmarking EVP_EncodeUpdate *****:
Benchmark ran 50000 iterations (40000 used after warmup)
Total elapsed (wall):     1.573832 s
CPU cycles (avg):         149241
Instructions (avg):       629015
Instructions per cycle:   4.2147
Instructions per byte:    1.7178
Throughput:              9.31 GB/s
-----------------------Custom ctx->lengths mode: 31---------------------------

 ***** Benchmarking EVP_EncodeUpdate *****:
Benchmark ran 50000 iterations (40000 used after warmup)
Total elapsed (wall):     8.414094 s
CPU cycles (avg):         911608
Instructions (avg):       5341338
Instructions per cycle:   5.8592
Instructions per byte:    14.5868
Throughput:              1.74 GB/s
-----------------------Custom ctx->lengths mode: 32---------------------------

 ***** Benchmarking EVP_EncodeUpdate *****:
Benchmark ran 50000 iterations (40000 used after warmup)
Total elapsed (wall):     8.416378 s
CPU cycles (avg):         903413
Instructions (avg):       5231747
Instructions per cycle:   5.7911
Instructions per byte:    14.2875
Throughput:              1.74 GB/s
-----------------------Custom ctx->lengths mode: 33---------------------------

 ***** Benchmarking EVP_EncodeUpdate *****:
Benchmark ran 50000 iterations (40000 used after warmup)
Total elapsed (wall):     1.707544 s
CPU cycles (avg):         159628
Instructions (avg):       636207
Instructions per cycle:   3.9855
Instructions per byte:    1.7374
Throughput:              8.58 GB/s
-----------------------Custom ctx->lengths mode: 34---------------------------

 ***** Benchmarking EVP_EncodeUpdate *****:
Benchmark ran 50000 iterations (40000 used after warmup)
Total elapsed (wall):     8.370309 s
CPU cycles (avg):         907316
Instructions (avg):       5322560
Instructions per cycle:   5.8663
Instructions per byte:    14.5355
Throughput:              1.75 GB/s
-----------------------Custom ctx->lengths mode: 35---------------------------

 ***** Benchmarking EVP_EncodeUpdate *****:
Benchmark ran 50000 iterations (40000 used after warmup)
Total elapsed (wall):     8.351311 s
CPU cycles (avg):         899238
Instructions (avg):       5222901
Instructions per cycle:   5.8081
Instructions per byte:    14.2634
Throughput:              1.75 GB/s
-----------------------Custom ctx->lengths mode: 36---------------------------

 ***** Benchmarking EVP_EncodeUpdate *****:
Benchmark ran 50000 iterations (40000 used after warmup)
Total elapsed (wall):     1.383350 s
CPU cycles (avg):         126485
Instructions (avg):       565967
Instructions per cycle:   4.4746
Instructions per byte:    1.5456
Throughput:              10.59 GB/s
-----------------------Custom ctx->lengths mode: 37---------------------------

 ***** Benchmarking EVP_EncodeUpdate *****:
Benchmark ran 50000 iterations (40000 used after warmup)
Total elapsed (wall):     8.336636 s
CPU cycles (avg):         905176
Instructions (avg):       5306855
Instructions per cycle:   5.8628
Instructions per byte:    14.4926
Throughput:              1.76 GB/s
-----------------------Custom ctx->lengths mode: 38---------------------------

 ***** Benchmarking EVP_EncodeUpdate *****:
Benchmark ran 50000 iterations (40000 used after warmup)
Total elapsed (wall):     8.235356 s
CPU cycles (avg):         890968
Instructions (avg):       5215494
Instructions per cycle:   5.8537
Instructions per byte:    14.2431
Throughput:              1.78 GB/s
-----------------------Custom ctx->lengths mode: 39---------------------------

 ***** Benchmarking EVP_EncodeUpdate *****:
Benchmark ran 50000 iterations (40000 used after warmup)
Total elapsed (wall):     1.557986 s
CPU cycles (avg):         147583
Instructions (avg):       612068
Instructions per cycle:   4.1473
Instructions per byte:    1.6715
Throughput:              9.40 GB/s
-----------------------Custom ctx->lengths mode: 40---------------------------

 ***** Benchmarking EVP_EncodeUpdate *****:
Benchmark ran 50000 iterations (40000 used after warmup)
Total elapsed (wall):     8.456107 s
CPU cycles (avg):         908069
Instructions (avg):       5293502
Instructions per cycle:   5.8294
Instructions per byte:    14.4562
Throughput:              1.73 GB/s
-----------------------Custom ctx->lengths mode: 41---------------------------

 ***** Benchmarking EVP_EncodeUpdate *****:
Benchmark ran 50000 iterations (40000 used after warmup)
Total elapsed (wall):     8.193072 s
CPU cycles (avg):         888392
Instructions (avg):       5209135
Instructions per cycle:   5.8636
Instructions per byte:    14.2258
Throughput:              1.79 GB/s
-----------------------Custom ctx->lengths mode: 42---------------------------

 ***** Benchmarking EVP_EncodeUpdate *****:
Benchmark ran 50000 iterations (40000 used after warmup)
Total elapsed (wall):     1.476112 s
CPU cycles (avg):         138858
Instructions (avg):       586296
Instructions per cycle:   4.2223
Instructions per byte:    1.6011
Throughput:              9.92 GB/s
-----------------------Custom ctx->lengths mode: 43---------------------------

 ***** Benchmarking EVP_EncodeUpdate *****:
Benchmark ran 50000 iterations (40000 used after warmup)
Total elapsed (wall):     8.665896 s
CPU cycles (avg):         925188
Instructions (avg):       5281996
Instructions per cycle:   5.7091
Instructions per byte:    14.4247
Throughput:              1.69 GB/s
-----------------------Custom ctx->lengths mode: 44---------------------------

 ***** Benchmarking EVP_EncodeUpdate *****:
Benchmark ran 50000 iterations (40000 used after warmup)
Total elapsed (wall):     8.251968 s
CPU cycles (avg):         890674
Instructions (avg):       5203632
Instructions per cycle:   5.8423
Instructions per byte:    14.2107
Throughput:              1.77 GB/s
-----------------------Custom ctx->lengths mode: 45---------------------------

 ***** Benchmarking EVP_EncodeUpdate *****:
Benchmark ran 50000 iterations (40000 used after warmup)
Total elapsed (wall):     1.562493 s
CPU cycles (avg):         146758
Instructions (avg):       594387
Instructions per cycle:   4.0501
Instructions per byte:    1.6232
Throughput:              9.37 GB/s
-----------------------Custom ctx->lengths mode: 46---------------------------

 ***** Benchmarking EVP_EncodeUpdate *****:
Benchmark ran 50000 iterations (40000 used after warmup)
Total elapsed (wall):     8.228431 s
CPU cycles (avg):         892792
Instructions (avg):       5272026
Instructions per cycle:   5.9051
Instructions per byte:    14.3975
Throughput:              1.78 GB/s
-----------------------Custom ctx->lengths mode: 47---------------------------

 ***** Benchmarking EVP_EncodeUpdate *****:
Benchmark ran 50000 iterations (40000 used after warmup)
Total elapsed (wall):     8.237779 s
CPU cycles (avg):         886253
Instructions (avg):       5198877
Instructions per cycle:   5.8661
Instructions per byte:    14.1978
Throughput:              1.78 GB/s
-----------------------Custom ctx->lengths mode: 48---------------------------

 ***** Benchmarking EVP_EncodeUpdate *****:
Benchmark ran 50000 iterations (40000 used after warmup)
Total elapsed (wall):     1.005309 s
CPU cycles (avg):         86016
Instructions (avg):       351160
Instructions per cycle:   4.0825
Instructions per byte:    0.9590
Throughput:              14.57 GB/s
-----------------------Custom ctx->lengths mode: 49---------------------------

 ***** Benchmarking EVP_EncodeUpdate *****:
Benchmark ran 50000 iterations (40000 used after warmup)
Total elapsed (wall):     8.224943 s
CPU cycles (avg):         893043
Instructions (avg):       5263242
Instructions per cycle:   5.8936
Instructions per byte:    14.3735
Throughput:              1.78 GB/s
-----------------------Custom ctx->lengths mode: 50---------------------------

 ***** Benchmarking EVP_EncodeUpdate *****:
Benchmark ran 50000 iterations (40000 used after warmup)
Total elapsed (wall):     8.409623 s
CPU cycles (avg):         901542
Instructions (avg):       5194685
Instructions per cycle:   5.7620
Instructions per byte:    14.1863
Throughput:              1.74 GB/s
-----------------------Custom ctx->lengths mode: 51---------------------------

 ***** Benchmarking EVP_EncodeUpdate *****:
Benchmark ran 50000 iterations (40000 used after warmup)
Total elapsed (wall):     1.497912 s
CPU cycles (avg):         139767
Instructions (avg):       581997
Instructions per cycle:   4.1640
Instructions per byte:    1.5894
Throughput:              9.78 GB/s
-----------------------Custom ctx->lengths mode: 52---------------------------

 ***** Benchmarking EVP_EncodeUpdate *****:
Benchmark ran 50000 iterations (40000 used after warmup)
Total elapsed (wall):     8.433220 s
CPU cycles (avg):         903890
Instructions (avg):       5255482
Instructions per cycle:   5.8143
Instructions per byte:    14.3523
Throughput:              1.74 GB/s
-----------------------Custom ctx->lengths mode: 53---------------------------

 ***** Benchmarking EVP_EncodeUpdate *****:
Benchmark ran 50000 iterations (40000 used after warmup)
Total elapsed (wall):     8.520771 s
CPU cycles (avg):         901316
Instructions (avg):       5190914
Instructions per cycle:   5.7593
Instructions per byte:    14.1760
Throughput:              1.72 GB/s
-----------------------Custom ctx->lengths mode: 54---------------------------

 ***** Benchmarking EVP_EncodeUpdate *****:
Benchmark ran 50000 iterations (40000 used after warmup)
Total elapsed (wall):     1.448967 s
CPU cycles (avg):         133926
Instructions (avg):       561426
Instructions per cycle:   4.1921
Instructions per byte:    1.5332
Throughput:              10.11 GB/s
-----------------------Custom ctx->lengths mode: 55---------------------------

 ***** Benchmarking EVP_EncodeUpdate *****:
Benchmark ran 50000 iterations (40000 used after warmup)
Total elapsed (wall):     8.265427 s
CPU cycles (avg):         890699
Instructions (avg):       5248535
Instructions per cycle:   5.8926
Instructions per byte:    14.3334
Throughput:              1.77 GB/s
-----------------------Custom ctx->lengths mode: 56---------------------------

 ***** Benchmarking EVP_EncodeUpdate *****:
Benchmark ran 50000 iterations (40000 used after warmup)
Total elapsed (wall):     8.374566 s
CPU cycles (avg):         896015
Instructions (avg):       5187593
Instructions per cycle:   5.7896
Instructions per byte:    14.1669
Throughput:              1.75 GB/s
-----------------------Custom ctx->lengths mode: 57---------------------------

 ***** Benchmarking EVP_EncodeUpdate *****:
Benchmark ran 50000 iterations (40000 used after warmup)
Total elapsed (wall):     1.493617 s
CPU cycles (avg):         138598
Instructions (avg):       570207
Instructions per cycle:   4.1141
Instructions per byte:    1.5572
Throughput:              9.81 GB/s
-----------------------Custom ctx->lengths mode: 58---------------------------

 ***** Benchmarking EVP_EncodeUpdate *****:
Benchmark ran 50000 iterations (40000 used after warmup)
Total elapsed (wall):     8.400651 s
CPU cycles (avg):         903659
Instructions (avg):       5242358
Instructions per cycle:   5.8013
Instructions per byte:    14.3165
Throughput:              1.74 GB/s
-----------------------Custom ctx->lengths mode: 59---------------------------

 ***** Benchmarking EVP_EncodeUpdate *****:
Benchmark ran 50000 iterations (40000 used after warmup)
Total elapsed (wall):     8.161118 s
CPU cycles (avg):         882189
Instructions (avg):       5184583
Instructions per cycle:   5.8770
Instructions per byte:    14.1587
Throughput:              1.79 GB/s
-----------------------Custom ctx->lengths mode: 60---------------------------

 ***** Benchmarking EVP_EncodeUpdate *****:
Benchmark ran 50000 iterations (40000 used after warmup)
Total elapsed (wall):     1.301689 s
CPU cycles (avg):         117983
Instructions (avg):       532493
Instructions per cycle:   4.5133
Instructions per byte:    1.4542
Throughput:              11.25 GB/s
-----------------------Custom ctx->lengths mode: 61---------------------------

 ***** Benchmarking EVP_EncodeUpdate *****:
Benchmark ran 50000 iterations (40000 used after warmup)
Total elapsed (wall):     8.315406 s
CPU cycles (avg):         897273
Instructions (avg):       5236764
Instructions per cycle:   5.8363
Instructions per byte:    14.3012
Throughput:              1.76 GB/s
-----------------------Custom ctx->lengths mode: 62---------------------------

 ***** Benchmarking EVP_EncodeUpdate *****:
Benchmark ran 50000 iterations (40000 used after warmup)
Total elapsed (wall):     8.285852 s
CPU cycles (avg):         887365
Instructions (avg):       5181897
Instructions per cycle:   5.8396
Instructions per byte:    14.1514
Throughput:              1.77 GB/s
-----------------------Custom ctx->lengths mode: 63---------------------------

 ***** Benchmarking EVP_EncodeUpdate *****:
Benchmark ran 50000 iterations (40000 used after warmup)
Total elapsed (wall):     1.423760 s
CPU cycles (avg):         132528
Instructions (avg):       561563
Instructions per cycle:   4.2373
Instructions per byte:    1.5336
Throughput:              10.29 GB/s
-----------------------Custom ctx->lengths mode: 64---------------------------

 ***** Benchmarking EVP_EncodeUpdate *****:
Benchmark ran 50000 iterations (40000 used after warmup)
Total elapsed (wall):     8.357108 s
CPU cycles (avg):         893039
Instructions (avg):       5231701
Instructions per cycle:   5.8583
Instructions per byte:    14.2874
Throughput:              1.75 GB/s
-----------------------Custom ctx->lengths mode: 65---------------------------

 ***** Benchmarking EVP_EncodeUpdate *****:
Benchmark ran 50000 iterations (40000 used after warmup)
Total elapsed (wall):     8.094757 s
CPU cycles (avg):         877074
Instructions (avg):       5179442
Instructions per cycle:   5.9054
Instructions per byte:    14.1447
Throughput:              1.81 GB/s
-----------------------Custom ctx->lengths mode: 66---------------------------

 ***** Benchmarking EVP_EncodeUpdate *****:
Benchmark ran 50000 iterations (40000 used after warmup)
Total elapsed (wall):     1.371180 s
CPU cycles (avg):         126167
Instructions (avg):       548546
Instructions per cycle:   4.3477
Instructions per byte:    1.4980
Throughput:              10.68 GB/s
-----------------------Custom ctx->lengths mode: 67---------------------------

 ***** Benchmarking EVP_EncodeUpdate *****:
Benchmark ran 50000 iterations (40000 used after warmup)
Total elapsed (wall):     8.264999 s
CPU cycles (avg):         891714
Instructions (avg):       5227099
Instructions per cycle:   5.8619
Instructions per byte:    14.2748
Throughput:              1.77 GB/s
-----------------------Custom ctx->lengths mode: 68---------------------------

 ***** Benchmarking EVP_EncodeUpdate *****:
Benchmark ran 50000 iterations (40000 used after warmup)
Total elapsed (wall):     8.103335 s
CPU cycles (avg):         878661
Instructions (avg):       5177191
Instructions per cycle:   5.8921
Instructions per byte:    14.1385
Throughput:              1.81 GB/s
-----------------------Custom ctx->lengths mode: 69---------------------------

 ***** Benchmarking EVP_EncodeUpdate *****:
Benchmark ran 50000 iterations (40000 used after warmup)
Total elapsed (wall):     1.397986 s
CPU cycles (avg):         129375
Instructions (avg):       555514
Instructions per cycle:   4.2938
Instructions per byte:    1.5171
Throughput:              10.48 GB/s
-----------------------Custom ctx->lengths mode: 70---------------------------

 ***** Benchmarking EVP_EncodeUpdate *****:
Benchmark ran 50000 iterations (40000 used after warmup)
Total elapsed (wall):     8.205557 s
CPU cycles (avg):         886293
Instructions (avg):       5222893
Instructions per cycle:   5.8930
Instructions per byte:    14.2633
Throughput:              1.79 GB/s
-----------------------Custom ctx->lengths mode: 71---------------------------

 ***** Benchmarking EVP_EncodeUpdate *****:
Benchmark ran 50000 iterations (40000 used after warmup)
Total elapsed (wall):     8.144096 s
CPU cycles (avg):         878731
Instructions (avg):       5175067
Instructions per cycle:   5.8892
Instructions per byte:    14.1327
Throughput:              1.80 GB/s
-----------------------Custom ctx->lengths mode: 72---------------------------

 ***** Benchmarking EVP_EncodeUpdate *****:
Benchmark ran 50000 iterations (40000 used after warmup)
Total elapsed (wall):     1.186547 s
CPU cycles (avg):         105979
Instructions (avg):       498182
Instructions per cycle:   4.7007
Instructions per byte:    1.3605
Throughput:              12.34 GB/s
-----------------------Custom ctx->lengths mode: 73---------------------------

 ***** Benchmarking EVP_EncodeUpdate *****:
Benchmark ran 50000 iterations (40000 used after warmup)
Total elapsed (wall):     8.132063 s
CPU cycles (avg):         881564
Instructions (avg):       5218997
Instructions per cycle:   5.9202
Instructions per byte:    14.2527
Throughput:              1.80 GB/s
-----------------------Custom ctx->lengths mode: 74---------------------------

 ***** Benchmarking EVP_EncodeUpdate *****:
Benchmark ran 50000 iterations (40000 used after warmup)
Total elapsed (wall):     8.167012 s
CPU cycles (avg):         882696
Instructions (avg):       5173270
Instructions per cycle:   5.8608
Instructions per byte:    14.1278
Throughput:              1.79 GB/s
-----------------------Custom ctx->lengths mode: 75---------------------------

 ***** Benchmarking EVP_EncodeUpdate *****:
Benchmark ran 50000 iterations (40000 used after warmup)
Total elapsed (wall):     1.353642 s
CPU cycles (avg):         125035
Instructions (avg):       548460
Instructions per cycle:   4.3864
Instructions per byte:    1.4978
Throughput:              10.82 GB/s
-----------------------Custom ctx->lengths mode: 76---------------------------

 ***** Benchmarking EVP_EncodeUpdate *****:
Benchmark ran 50000 iterations (40000 used after warmup)
Total elapsed (wall):     8.090155 s
CPU cycles (avg):         878855
Instructions (avg):       5215451
Instructions per cycle:   5.9344
Instructions per byte:    14.2430
Throughput:              1.81 GB/s
-----------------------Custom ctx->lengths mode: 77---------------------------

 ***** Benchmarking EVP_EncodeUpdate *****:
Benchmark ran 50000 iterations (40000 used after warmup)
Total elapsed (wall):     8.095916 s
CPU cycles (avg):         876013
Instructions (avg):       5171571
Instructions per cycle:   5.9035
Instructions per byte:    14.1232
Throughput:              1.81 GB/s
-----------------------Custom ctx->lengths mode: 78---------------------------

 ***** Benchmarking EVP_EncodeUpdate *****:
Benchmark ran 50000 iterations (40000 used after warmup)
Total elapsed (wall):     1.312536 s
CPU cycles (avg):         120626
Instructions (avg):       539228
Instructions per cycle:   4.4702
Instructions per byte:    1.4726
Throughput:              11.16 GB/s
-----------------------Custom ctx->lengths mode: 79---------------------------

 ***** Benchmarking EVP_EncodeUpdate *****:
Benchmark ran 50000 iterations (40000 used after warmup)
Total elapsed (wall):     8.387745 s
CPU cycles (avg):         911524
Instructions (avg):       5212160
Instructions per cycle:   5.7181
Instructions per byte:    14.2340
Throughput:              1.75 GB/s
-----------------------Custom ctx->lengths mode: 80---------------------------

 ***** Benchmarking EVP_EncodeUpdate *****:
Benchmark ran 50000 iterations (40000 used after warmup)
Total elapsed (wall):     8.176972 s
CPU cycles (avg):         878430
Instructions (avg):       5169969
Instructions per cycle:   5.8855
Instructions per byte:    14.1188
Throughput:              1.79 GB/s

======================= Alphabet: SRP =======================
-----------------------DISABLE NEWLINES/NO_NL mode---------------------------

 ***** Benchmarking EVP_EncodeUpdate *****:
Benchmark ran 50000 iterations (40000 used after warmup)
Total elapsed (wall):     1.318581 s
CPU cycles (avg):         122004
Instructions (avg):       503608
Instructions per cycle:   4.1278
Instructions per byte:    1.3753
Throughput:              11.11 GB/s
-----------------------PEM mode---------------------------

 ***** Benchmarking EVP_EncodeUpdate *****:
Benchmark ran 50000 iterations (40000 used after warmup)
Total elapsed (wall):     1.331995 s
CPU cycles (avg):         123445
Instructions (avg):       503584
Instructions per cycle:   4.0794
Instructions per byte:    1.3753
Throughput:              11.00 GB/s
-----------------------Custom ctx->lengths mode: 1---------------------------

 ***** Benchmarking EVP_EncodeUpdate *****:
Benchmark ran 50000 iterations (40000 used after warmup)
Total elapsed (wall):     7.065928 s
CPU cycles (avg):         749064
Instructions (avg):       3297348
Instructions per cycle:   4.4020
Instructions per byte:    9.0048
Throughput:              2.07 GB/s
-----------------------Custom ctx->lengths mode: 2---------------------------

 ***** Benchmarking EVP_EncodeUpdate *****:
Benchmark ran 50000 iterations (40000 used after warmup)
Total elapsed (wall):     15.492748 s
CPU cycles (avg):         1691566
Instructions (avg):       8790187
Instructions per cycle:   5.1965
Instructions per byte:    24.0054
Throughput:              0.95 GB/s
-----------------------Custom ctx->lengths mode: 3---------------------------

 ***** Benchmarking EVP_EncodeUpdate *****:
Benchmark ran 50000 iterations (40000 used after warmup)
Total elapsed (wall):     1.879710 s
CPU cycles (avg):         182470
Instructions (avg):       723583
Instructions per cycle:   3.9655
Instructions per byte:    1.9761
Throughput:              7.79 GB/s
-----------------------Custom ctx->lengths mode: 4---------------------------

 ***** Benchmarking EVP_EncodeUpdate *****:
Benchmark ran 50000 iterations (40000 used after warmup)
Total elapsed (wall):     11.112838 s
CPU cycles (avg):         1211045
Instructions (avg):       6776449
Instructions per cycle:   5.5955
Instructions per byte:    18.5060
Throughput:              1.32 GB/s
-----------------------Custom ctx->lengths mode: 5---------------------------

 ***** Benchmarking EVP_EncodeUpdate *****:
Benchmark ran 50000 iterations (40000 used after warmup)
Total elapsed (wall):     9.599082 s
CPU cycles (avg):         1043901
Instructions (avg):       5787795
Instructions per cycle:   5.5444
Instructions per byte:    15.8060
Throughput:              1.53 GB/s
-----------------------Custom ctx->lengths mode: 6---------------------------

 ***** Benchmarking EVP_EncodeUpdate *****:
Benchmark ran 50000 iterations (40000 used after warmup)
Total elapsed (wall):     2.195047 s
CPU cycles (avg):         220902
Instructions (avg):       639069
Instructions per cycle:   2.8930
Instructions per byte:    1.7453
Throughput:              6.67 GB/s
-----------------------Custom ctx->lengths mode: 7---------------------------

 ***** Benchmarking EVP_EncodeUpdate *****:
Benchmark ran 50000 iterations (40000 used after warmup)
Total elapsed (wall):     9.981900 s
CPU cycles (avg):         1075529
Instructions (avg):       6070270
Instructions per cycle:   5.6440
Instructions per byte:    16.5775
Throughput:              1.47 GB/s
-----------------------Custom ctx->lengths mode: 8---------------------------

 ***** Benchmarking EVP_EncodeUpdate *****:
Benchmark ran 50000 iterations (40000 used after warmup)
Total elapsed (wall):     9.288685 s
CPU cycles (avg):         997309
Instructions (avg):       5540724
Instructions per cycle:   5.5557
Instructions per byte:    15.1313
Throughput:              1.58 GB/s
-----------------------Custom ctx->lengths mode: 9---------------------------

 ***** Benchmarking EVP_EncodeUpdate *****:
Benchmark ran 50000 iterations (40000 used after warmup)
Total elapsed (wall):     4.283126 s
CPU cycles (avg):         444257
Instructions (avg):       1899333
Instructions per cycle:   4.2753
Instructions per byte:    5.1869
Throughput:              3.42 GB/s
-----------------------Custom ctx->lengths mode: 10---------------------------

 ***** Benchmarking EVP_EncodeUpdate *****:
Benchmark ran 50000 iterations (40000 used after warmup)
Total elapsed (wall):     9.509508 s
CPU cycles (avg):         1016545
Instructions (avg):       5787874
Instructions per cycle:   5.6937
Instructions per byte:    15.8063
Throughput:              1.54 GB/s
-----------------------Custom ctx->lengths mode: 11---------------------------

 ***** Benchmarking EVP_EncodeUpdate *****:
Benchmark ran 50000 iterations (40000 used after warmup)
Total elapsed (wall):     8.939599 s
CPU cycles (avg):         956104
Instructions (avg):       5428379
Instructions per cycle:   5.6776
Instructions per byte:    14.8245
Throughput:              1.64 GB/s
-----------------------Custom ctx->lengths mode: 12---------------------------

 ***** Benchmarking EVP_EncodeUpdate *****:
Benchmark ran 50000 iterations (40000 used after warmup)
Total elapsed (wall):     4.211914 s
CPU cycles (avg):         439937
Instructions (avg):       2000480
Instructions per cycle:   4.5472
Instructions per byte:    5.4632
Throughput:              3.48 GB/s
-----------------------Custom ctx->lengths mode: 13---------------------------

 ***** Benchmarking EVP_EncodeUpdate *****:
Benchmark ran 50000 iterations (40000 used after warmup)
Total elapsed (wall):     8.976307 s
CPU cycles (avg):         971497
Instructions (avg):       5635797
Instructions per cycle:   5.8011
Instructions per byte:    15.3910
Throughput:              1.63 GB/s
-----------------------Custom ctx->lengths mode: 14---------------------------

 ***** Benchmarking EVP_EncodeUpdate *****:
Benchmark ran 50000 iterations (40000 used after warmup)
Total elapsed (wall):     8.630070 s
CPU cycles (avg):         929416
Instructions (avg):       5364072
Instructions per cycle:   5.7714
Instructions per byte:    14.6489
Throughput:              1.70 GB/s
-----------------------Custom ctx->lengths mode: 15---------------------------

 ***** Benchmarking EVP_EncodeUpdate *****:
Benchmark ran 50000 iterations (40000 used after warmup)
Total elapsed (wall):     4.653065 s
CPU cycles (avg):         495210
Instructions (avg):       2155119
Instructions per cycle:   4.3519
Instructions per byte:    5.8855
Throughput:              3.15 GB/s
-----------------------Custom ctx->lengths mode: 16---------------------------

 ***** Benchmarking EVP_EncodeUpdate *****:
Benchmark ran 50000 iterations (40000 used after warmup)
Total elapsed (wall):     8.749515 s
CPU cycles (avg):         949850
Instructions (avg):       5540710
Instructions per cycle:   5.8332
Instructions per byte:    15.1313
Throughput:              1.67 GB/s
-----------------------Custom ctx->lengths mode: 17---------------------------

 ***** Benchmarking EVP_EncodeUpdate *****:
Benchmark ran 50000 iterations (40000 used after warmup)
Total elapsed (wall):     8.536974 s
CPU cycles (avg):         921843
Instructions (avg):       5322625
Instructions per cycle:   5.7739
Instructions per byte:    14.5357
Throughput:              1.72 GB/s
-----------------------Custom ctx->lengths mode: 18---------------------------

 ***** Benchmarking EVP_EncodeUpdate *****:
Benchmark ran 50000 iterations (40000 used after warmup)
Total elapsed (wall):     4.011997 s
CPU cycles (avg):         422035
Instructions (avg):       1948712
Instructions per cycle:   4.6174
Instructions per byte:    5.3218
Throughput:              3.65 GB/s
-----------------------Custom ctx->lengths mode: 19---------------------------

 ***** Benchmarking EVP_EncodeUpdate *****:
Benchmark ran 50000 iterations (40000 used after warmup)
Total elapsed (wall):     8.673261 s
CPU cycles (avg):         937118
Instructions (avg):       5475674
Instructions per cycle:   5.8431
Instructions per byte:    14.9537
Throughput:              1.69 GB/s
-----------------------Custom ctx->lengths mode: 20---------------------------

 ***** Benchmarking EVP_EncodeUpdate *****:
Benchmark ran 50000 iterations (40000 used after warmup)
Total elapsed (wall):     8.534554 s
CPU cycles (avg):         919341
Instructions (avg):       5293541
Instructions per cycle:   5.7580
Instructions per byte:    14.4563
Throughput:              1.72 GB/s
-----------------------Custom ctx->lengths mode: 21---------------------------

 ***** Benchmarking EVP_EncodeUpdate *****:
Benchmark ran 50000 iterations (40000 used after warmup)
Total elapsed (wall):     4.183001 s
CPU cycles (avg):         440810
Instructions (avg):       1943736
Instructions per cycle:   4.4095
Instructions per byte:    5.3082
Throughput:              3.50 GB/s
-----------------------Custom ctx->lengths mode: 22---------------------------

 ***** Benchmarking EVP_EncodeUpdate *****:
Benchmark ran 50000 iterations (40000 used after warmup)
Total elapsed (wall):     8.605726 s
CPU cycles (avg):         929660
Instructions (avg):       5428358
Instructions per cycle:   5.8391
Instructions per byte:    14.8245
Throughput:              1.70 GB/s
-----------------------Custom ctx->lengths mode: 23---------------------------

 ***** Benchmarking EVP_EncodeUpdate *****:
Benchmark ran 50000 iterations (40000 used after warmup)
Total elapsed (wall):     8.296435 s
CPU cycles (avg):         900893
Instructions (avg):       5272047
Instructions per cycle:   5.8520
Instructions per byte:    14.3976
Throughput:              1.77 GB/s
-----------------------Custom ctx->lengths mode: 24---------------------------

 ***** Benchmarking EVP_EncodeUpdate *****:
Benchmark ran 50000 iterations (40000 used after warmup)
Total elapsed (wall):     1.438532 s
CPU cycles (avg):         134320
Instructions (avg):       678967
Instructions per cycle:   5.0548
Instructions per byte:    1.8542
Throughput:              10.18 GB/s
-----------------------Custom ctx->lengths mode: 25---------------------------

 ***** Benchmarking EVP_EncodeUpdate *****:
Benchmark ran 50000 iterations (40000 used after warmup)
Total elapsed (wall):     8.487448 s
CPU cycles (avg):         920401
Instructions (avg):       5392416
Instructions per cycle:   5.8588
Instructions per byte:    14.7263
Throughput:              1.73 GB/s
-----------------------Custom ctx->lengths mode: 26---------------------------

 ***** Benchmarking EVP_EncodeUpdate *****:
Benchmark ran 50000 iterations (40000 used after warmup)
Total elapsed (wall):     8.337853 s
CPU cycles (avg):         904240
Instructions (avg):       5255520
Instructions per cycle:   5.8121
Instructions per byte:    14.3524
Throughput:              1.76 GB/s
-----------------------Custom ctx->lengths mode: 27---------------------------

 ***** Benchmarking EVP_EncodeUpdate *****:
Benchmark ran 50000 iterations (40000 used after warmup)
Total elapsed (wall):     1.930207 s
CPU cycles (avg):         186480
Instructions (avg):       822462
Instructions per cycle:   4.4104
Instructions per byte:    2.2461
Throughput:              7.59 GB/s
-----------------------Custom ctx->lengths mode: 28---------------------------

 ***** Benchmarking EVP_EncodeUpdate *****:
Benchmark ran 50000 iterations (40000 used after warmup)
Total elapsed (wall):     8.433547 s
CPU cycles (avg):         913942
Instructions (avg):       5364160
Instructions per cycle:   5.8693
Instructions per byte:    14.6491
Throughput:              1.74 GB/s
-----------------------Custom ctx->lengths mode: 29---------------------------

 ***** Benchmarking EVP_EncodeUpdate *****:
Benchmark ran 50000 iterations (40000 used after warmup)
Total elapsed (wall):     8.335763 s
CPU cycles (avg):         896162
Instructions (avg):       5242397
Instructions per cycle:   5.8498
Instructions per byte:    14.3166
Throughput:              1.76 GB/s
-----------------------Custom ctx->lengths mode: 30---------------------------

 ***** Benchmarking EVP_EncodeUpdate *****:
Benchmark ran 50000 iterations (40000 used after warmup)
Total elapsed (wall):     1.732235 s
CPU cycles (avg):         167357
Instructions (avg):       781476
Instructions per cycle:   4.6695
Instructions per byte:    2.1342
Throughput:              8.46 GB/s
-----------------------Custom ctx->lengths mode: 31---------------------------

 ***** Benchmarking EVP_EncodeUpdate *****:
Benchmark ran 50000 iterations (40000 used after warmup)
Total elapsed (wall):     8.415106 s
CPU cycles (avg):         909921
Instructions (avg):       5341359
Instructions per cycle:   5.8701
Instructions per byte:    14.5869
Throughput:              1.74 GB/s
-----------------------Custom ctx->lengths mode: 32---------------------------

 ***** Benchmarking EVP_EncodeUpdate *****:
Benchmark ran 50000 iterations (40000 used after warmup)
Total elapsed (wall):     8.222970 s
CPU cycles (avg):         891667
Instructions (avg):       5231768
Instructions per cycle:   5.8674
Instructions per byte:    14.2876
Throughput:              1.78 GB/s
-----------------------Custom ctx->lengths mode: 33---------------------------

 ***** Benchmarking EVP_EncodeUpdate *****:
Benchmark ran 50000 iterations (40000 used after warmup)
Total elapsed (wall):     1.792960 s
CPU cycles (avg):         172546
Instructions (avg):       788668
Instructions per cycle:   4.5708
Instructions per byte:    2.1538
Throughput:              8.17 GB/s
-----------------------Custom ctx->lengths mode: 34---------------------------

 ***** Benchmarking EVP_EncodeUpdate *****:
Benchmark ran 50000 iterations (40000 used after warmup)
Total elapsed (wall):     8.296594 s
CPU cycles (avg):         901815
Instructions (avg):       5322581
Instructions per cycle:   5.9021
Instructions per byte:    14.5356
Throughput:              1.77 GB/s
-----------------------Custom ctx->lengths mode: 35---------------------------

 ***** Benchmarking EVP_EncodeUpdate *****:
Benchmark ran 50000 iterations (40000 used after warmup)
Total elapsed (wall):     8.464106 s
CPU cycles (avg):         906874
Instructions (avg):       5222922
Instructions per cycle:   5.7593
Instructions per byte:    14.2634
Throughput:              1.73 GB/s
-----------------------Custom ctx->lengths mode: 36---------------------------

 ***** Benchmarking EVP_EncodeUpdate *****:
Benchmark ran 50000 iterations (40000 used after warmup)
Total elapsed (wall):     1.598183 s
CPU cycles (avg):         151509
Instructions (avg):       718428
Instructions per cycle:   4.7418
Instructions per byte:    1.9620
Throughput:              9.16 GB/s
-----------------------Custom ctx->lengths mode: 37---------------------------

 ***** Benchmarking EVP_EncodeUpdate *****:
Benchmark ran 50000 iterations (40000 used after warmup)
Total elapsed (wall):     8.356171 s
CPU cycles (avg):         906111
Instructions (avg):       5306876
Instructions per cycle:   5.8568
Instructions per byte:    14.4927
Throughput:              1.75 GB/s
-----------------------Custom ctx->lengths mode: 38---------------------------

 ***** Benchmarking EVP_EncodeUpdate *****:
Benchmark ran 50000 iterations (40000 used after warmup)
Total elapsed (wall):     8.225434 s
CPU cycles (avg):         888220
Instructions (avg):       5215515
Instructions per cycle:   5.8719
Instructions per byte:    14.2432
Throughput:              1.78 GB/s
-----------------------Custom ctx->lengths mode: 39---------------------------

 ***** Benchmarking EVP_EncodeUpdate *****:
Benchmark ran 50000 iterations (40000 used after warmup)
Total elapsed (wall):     1.722271 s
CPU cycles (avg):         166166
Instructions (avg):       764529
Instructions per cycle:   4.6010
Instructions per byte:    2.0879
Throughput:              8.50 GB/s
-----------------------Custom ctx->lengths mode: 40---------------------------

 ***** Benchmarking EVP_EncodeUpdate *****:
Benchmark ran 50000 iterations (40000 used after warmup)
Total elapsed (wall):     8.338264 s
CPU cycles (avg):         903580
Instructions (avg):       5293523
Instructions per cycle:   5.8584
Instructions per byte:    14.4562
Throughput:              1.76 GB/s
-----------------------Custom ctx->lengths mode: 41---------------------------

 ***** Benchmarking EVP_EncodeUpdate *****:
Benchmark ran 50000 iterations (40000 used after warmup)
Total elapsed (wall):     8.234939 s
CPU cycles (avg):         890441
Instructions (avg):       5209156
Instructions per cycle:   5.8501
Instructions per byte:    14.2258
Throughput:              1.78 GB/s
-----------------------Custom ctx->lengths mode: 42---------------------------

 ***** Benchmarking EVP_EncodeUpdate *****:
Benchmark ran 50000 iterations (40000 used after warmup)
Total elapsed (wall):     1.658915 s
CPU cycles (avg):         159341
Instructions (avg):       738757
Instructions per cycle:   4.6363
Instructions per byte:    2.0175
Throughput:              8.83 GB/s
-----------------------Custom ctx->lengths mode: 43---------------------------

 ***** Benchmarking EVP_EncodeUpdate *****:
Benchmark ran 50000 iterations (40000 used after warmup)
Total elapsed (wall):     8.308082 s
CPU cycles (avg):         896625
Instructions (avg):       5282017
Instructions per cycle:   5.8910
Instructions per byte:    14.4248
Throughput:              1.76 GB/s
-----------------------Custom ctx->lengths mode: 44---------------------------

 ***** Benchmarking EVP_EncodeUpdate *****:
Benchmark ran 50000 iterations (40000 used after warmup)
Total elapsed (wall):     8.145453 s
CPU cycles (avg):         883272
Instructions (avg):       5203653
Instructions per cycle:   5.8913
Instructions per byte:    14.2108
Throughput:              1.80 GB/s
-----------------------Custom ctx->lengths mode: 45---------------------------

 ***** Benchmarking EVP_EncodeUpdate *****:
Benchmark ran 50000 iterations (40000 used after warmup)
Total elapsed (wall):     1.695689 s
CPU cycles (avg):         163093
Instructions (avg):       746848
Instructions per cycle:   4.5793
Instructions per byte:    2.0396
Throughput:              8.64 GB/s
-----------------------Custom ctx->lengths mode: 46---------------------------

 ***** Benchmarking EVP_EncodeUpdate *****:
Benchmark ran 50000 iterations (40000 used after warmup)
Total elapsed (wall):     8.388718 s
CPU cycles (avg):         906990
Instructions (avg):       5272047
Instructions per cycle:   5.8127
Instructions per byte:    14.3976
Throughput:              1.75 GB/s
-----------------------Custom ctx->lengths mode: 47---------------------------

 ***** Benchmarking EVP_EncodeUpdate *****:
Benchmark ran 50000 iterations (40000 used after warmup)
Total elapsed (wall):     8.166060 s
CPU cycles (avg):         883819
Instructions (avg):       5198898
Instructions per cycle:   5.8823
Instructions per byte:    14.1978
Throughput:              1.79 GB/s
-----------------------Custom ctx->lengths mode: 48---------------------------

 ***** Benchmarking EVP_EncodeUpdate *****:
Benchmark ran 50000 iterations (40000 used after warmup)
Total elapsed (wall):     1.318685 s
CPU cycles (avg):         121916
Instructions (avg):       503581
Instructions per cycle:   4.1306
Instructions per byte:    1.3752
Throughput:              11.11 GB/s
-----------------------Custom ctx->lengths mode: 49---------------------------

 ***** Benchmarking EVP_EncodeUpdate *****:
Benchmark ran 50000 iterations (40000 used after warmup)
Total elapsed (wall):     8.190403 s
CPU cycles (avg):         890279
Instructions (avg):       5263263
Instructions per cycle:   5.9119
Instructions per byte:    14.3736
Throughput:              1.79 GB/s
-----------------------Custom ctx->lengths mode: 50---------------------------

 ***** Benchmarking EVP_EncodeUpdate *****:
Benchmark ran 50000 iterations (40000 used after warmup)
Total elapsed (wall):     8.106798 s
CPU cycles (avg):         880650
Instructions (avg):       5194706
Instructions per cycle:   5.8987
Instructions per byte:    14.1864
Throughput:              1.81 GB/s
-----------------------Custom ctx->lengths mode: 51---------------------------

 ***** Benchmarking EVP_EncodeUpdate *****:
Benchmark ran 50000 iterations (40000 used after warmup)
Total elapsed (wall):     1.656415 s
CPU cycles (avg):         158793
Instructions (avg):       734418
Instructions per cycle:   4.6250
Instructions per byte:    2.0056
Throughput:              8.84 GB/s
-----------------------Custom ctx->lengths mode: 52---------------------------

 ***** Benchmarking EVP_EncodeUpdate *****:
Benchmark ran 50000 iterations (40000 used after warmup)
Total elapsed (wall):     8.260490 s
CPU cycles (avg):         891969
Instructions (avg):       5255503
Instructions per cycle:   5.8920
Instructions per byte:    14.3524
Throughput:              1.77 GB/s
-----------------------Custom ctx->lengths mode: 53---------------------------

 ***** Benchmarking EVP_EncodeUpdate *****:
Benchmark ran 50000 iterations (40000 used after warmup)
Total elapsed (wall):     8.118114 s
CPU cycles (avg):         880780
Instructions (avg):       5190935
Instructions per cycle:   5.8936
Instructions per byte:    14.1761
Throughput:              1.80 GB/s
-----------------------Custom ctx->lengths mode: 54---------------------------

 ***** Benchmarking EVP_EncodeUpdate *****:
Benchmark ran 50000 iterations (40000 used after warmup)
Total elapsed (wall):     1.595628 s
CPU cycles (avg):         152315
Instructions (avg):       713927
Instructions per cycle:   4.6872
Instructions per byte:    1.9497
Throughput:              9.18 GB/s
-----------------------Custom ctx->lengths mode: 55---------------------------

 ***** Benchmarking EVP_EncodeUpdate *****:
Benchmark ran 50000 iterations (40000 used after warmup)
Total elapsed (wall):     8.329759 s
CPU cycles (avg):         896012
Instructions (avg):       5248556
Instructions per cycle:   5.8577
Instructions per byte:    14.3334
Throughput:              1.76 GB/s
-----------------------Custom ctx->lengths mode: 56---------------------------

 ***** Benchmarking EVP_EncodeUpdate *****:
Benchmark ran 50000 iterations (40000 used after warmup)
Total elapsed (wall):     8.120530 s
CPU cycles (avg):         879635
Instructions (avg):       5187614
Instructions per cycle:   5.8975
Instructions per byte:    14.1670
Throughput:              1.80 GB/s
-----------------------Custom ctx->lengths mode: 57---------------------------

 ***** Benchmarking EVP_EncodeUpdate *****:
Benchmark ran 50000 iterations (40000 used after warmup)
Total elapsed (wall):     1.625558 s
CPU cycles (avg):         155520
Instructions (avg):       722668
Instructions per cycle:   4.6468
Instructions per byte:    1.9736
Throughput:              9.01 GB/s
-----------------------Custom ctx->lengths mode: 58---------------------------

 ***** Benchmarking EVP_EncodeUpdate *****:
Benchmark ran 50000 iterations (40000 used after warmup)
Total elapsed (wall):     8.211478 s
CPU cycles (avg):         891643
Instructions (avg):       5242379
Instructions per cycle:   5.8795
Instructions per byte:    14.3166
Throughput:              1.78 GB/s
-----------------------Custom ctx->lengths mode: 59---------------------------

 ***** Benchmarking EVP_EncodeUpdate *****:
Benchmark ran 50000 iterations (40000 used after warmup)
Total elapsed (wall):     8.111629 s
CPU cycles (avg):         880680
Instructions (avg):       5184604
Instructions per cycle:   5.8870
Instructions per byte:    14.1588
Throughput:              1.81 GB/s
-----------------------Custom ctx->lengths mode: 60---------------------------

 ***** Benchmarking EVP_EncodeUpdate *****:
Benchmark ran 50000 iterations (40000 used after warmup)
Total elapsed (wall):     1.757257 s
CPU cycles (avg):         158520
Instructions (avg):       684914
Instructions per cycle:   4.3207
Instructions per byte:    1.8705
Throughput:              8.34 GB/s
-----------------------Custom ctx->lengths mode: 61---------------------------

 ***** Benchmarking EVP_EncodeUpdate *****:
Benchmark ran 50000 iterations (40000 used after warmup)
Total elapsed (wall):     8.321273 s
CPU cycles (avg):         895789
Instructions (avg):       5236785
Instructions per cycle:   5.8460
Instructions per byte:    14.3013
Throughput:              1.76 GB/s
-----------------------Custom ctx->lengths mode: 62---------------------------

 ***** Benchmarking EVP_EncodeUpdate *****:
Benchmark ran 50000 iterations (40000 used after warmup)
Total elapsed (wall):     8.223061 s
CPU cycles (avg):         883064
Instructions (avg):       5181918
Instructions per cycle:   5.8681
Instructions per byte:    14.1514
Throughput:              1.78 GB/s
-----------------------Custom ctx->lengths mode: 63---------------------------

 ***** Benchmarking EVP_EncodeUpdate *****:
Benchmark ran 50000 iterations (40000 used after warmup)
Total elapsed (wall):     1.602811 s
CPU cycles (avg):         152944
Instructions (avg):       714024
Instructions per cycle:   4.6685
Instructions per byte:    1.9499
Throughput:              9.14 GB/s
-----------------------Custom ctx->lengths mode: 64---------------------------

 ***** Benchmarking EVP_EncodeUpdate *****:
Benchmark ran 50000 iterations (40000 used after warmup)
Total elapsed (wall):     8.465810 s
CPU cycles (avg):         900936
Instructions (avg):       5231722
Instructions per cycle:   5.8070
Instructions per byte:    14.2875
Throughput:              1.73 GB/s
-----------------------Custom ctx->lengths mode: 65---------------------------

 ***** Benchmarking EVP_EncodeUpdate *****:
Benchmark ran 50000 iterations (40000 used after warmup)
Total elapsed (wall):     8.407401 s
CPU cycles (avg):         898380
Instructions (avg):       5179463
Instructions per cycle:   5.7653
Instructions per byte:    14.1447
Throughput:              1.74 GB/s
-----------------------Custom ctx->lengths mode: 66---------------------------

 ***** Benchmarking EVP_EncodeUpdate *****:
Benchmark ran 50000 iterations (40000 used after warmup)
Total elapsed (wall):     1.589611 s
CPU cycles (avg):         150745
Instructions (avg):       700967
Instructions per cycle:   4.6500
Instructions per byte:    1.9143
Throughput:              9.21 GB/s
-----------------------Custom ctx->lengths mode: 67---------------------------

 ***** Benchmarking EVP_EncodeUpdate *****:
Benchmark ran 50000 iterations (40000 used after warmup)
Total elapsed (wall):     8.789476 s
CPU cycles (avg):         926655
Instructions (avg):       5227120
Instructions per cycle:   5.6408
Instructions per byte:    14.2749
Throughput:              1.67 GB/s
-----------------------Custom ctx->lengths mode: 68---------------------------

 ***** Benchmarking EVP_EncodeUpdate *****:
Benchmark ran 50000 iterations (40000 used after warmup)
Total elapsed (wall):     8.263442 s
CPU cycles (avg):         884647
Instructions (avg):       5177212
Instructions per cycle:   5.8523
Instructions per byte:    14.1386
Throughput:              1.77 GB/s
-----------------------Custom ctx->lengths mode: 69---------------------------

 ***** Benchmarking EVP_EncodeUpdate *****:
Benchmark ran 50000 iterations (40000 used after warmup)
Total elapsed (wall):     1.597055 s
CPU cycles (avg):         151718
Instructions (avg):       707935
Instructions per cycle:   4.6661
Instructions per byte:    1.9333
Throughput:              9.17 GB/s
-----------------------Custom ctx->lengths mode: 70---------------------------

 ***** Benchmarking EVP_EncodeUpdate *****:
Benchmark ran 50000 iterations (40000 used after warmup)
Total elapsed (wall):     8.232351 s
CPU cycles (avg):         886693
Instructions (avg):       5222914
Instructions per cycle:   5.8903
Instructions per byte:    14.2634
Throughput:              1.78 GB/s
-----------------------Custom ctx->lengths mode: 71---------------------------

 ***** Benchmarking EVP_EncodeUpdate *****:
Benchmark ran 50000 iterations (40000 used after warmup)
Total elapsed (wall):     8.079765 s
CPU cycles (avg):         875124
Instructions (avg):       5175088
Instructions per cycle:   5.9135
Instructions per byte:    14.1328
Throughput:              1.81 GB/s
-----------------------Custom ctx->lengths mode: 72---------------------------

 ***** Benchmarking EVP_EncodeUpdate *****:
Benchmark ran 50000 iterations (40000 used after warmup)
Total elapsed (wall):     1.405624 s
CPU cycles (avg):         130681
Instructions (avg):       650523
Instructions per cycle:   4.9779
Instructions per byte:    1.7765
Throughput:              10.42 GB/s
-----------------------Custom ctx->lengths mode: 73---------------------------

 ***** Benchmarking EVP_EncodeUpdate *****:
Benchmark ran 50000 iterations (40000 used after warmup)
Total elapsed (wall):     8.135207 s
CPU cycles (avg):         882144
Instructions (avg):       5219018
Instructions per cycle:   5.9163
Instructions per byte:    14.2528
Throughput:              1.80 GB/s
-----------------------Custom ctx->lengths mode: 74---------------------------

 ***** Benchmarking EVP_EncodeUpdate *****:
Benchmark ran 50000 iterations (40000 used after warmup)
Total elapsed (wall):     8.087254 s
CPU cycles (avg):         875735
Instructions (avg):       5173291
Instructions per cycle:   5.9074
Instructions per byte:    14.1279
Throughput:              1.81 GB/s
-----------------------Custom ctx->lengths mode: 75---------------------------

 ***** Benchmarking EVP_EncodeUpdate *****:
Benchmark ran 50000 iterations (40000 used after warmup)
Total elapsed (wall):     1.570207 s
CPU cycles (avg):         149156
Instructions (avg):       700921
Instructions per cycle:   4.6992
Instructions per byte:    1.9142
Throughput:              9.33 GB/s
-----------------------Custom ctx->lengths mode: 76---------------------------

 ***** Benchmarking EVP_EncodeUpdate *****:
Benchmark ran 50000 iterations (40000 used after warmup)
Total elapsed (wall):     8.160959 s
CPU cycles (avg):         882663
Instructions (avg):       5215472
Instructions per cycle:   5.9088
Instructions per byte:    14.2431
Throughput:              1.79 GB/s
-----------------------Custom ctx->lengths mode: 77---------------------------

 ***** Benchmarking EVP_EncodeUpdate *****:
Benchmark ran 50000 iterations (40000 used after warmup)
Total elapsed (wall):     8.094716 s
CPU cycles (avg):         876041
Instructions (avg):       5171592
Instructions per cycle:   5.9034
Instructions per byte:    14.1232
Throughput:              1.81 GB/s
-----------------------Custom ctx->lengths mode: 78---------------------------

 ***** Benchmarking EVP_EncodeUpdate *****:
Benchmark ran 50000 iterations (40000 used after warmup)
Total elapsed (wall):     1.547629 s
CPU cycles (avg):         146786
Instructions (avg):       691609
Instructions per cycle:   4.7117
Instructions per byte:    1.8887
Throughput:              9.46 GB/s
-----------------------Custom ctx->lengths mode: 79---------------------------

 ***** Benchmarking EVP_EncodeUpdate *****:
Benchmark ran 50000 iterations (40000 used after warmup)
Total elapsed (wall):     8.261497 s
CPU cycles (avg):         895872
Instructions (avg):       5212181
Instructions per cycle:   5.8180
Instructions per byte:    14.2341
Throughput:              1.77 GB/s
-----------------------Custom ctx->lengths mode: 80---------------------------

 ***** Benchmarking EVP_EncodeUpdate *****:
Benchmark ran 50000 iterations (40000 used after warmup)
Total elapsed (wall):     8.045915 s
CPU cycles (avg):         873562
Instructions (avg):       5169990
Instructions per cycle:   5.9183
Instructions per byte:    14.1189
Throughput:              1.82 GB/s


Processed files:
File: lena_color_512.jpg (105764 bytes)
File: googlelogo.png (2357 bytes)
File: mandril_color.jpg (247222 bytes)
File: bing.png (1355 bytes)
File: peppers_color.jpg (9478 bytes)
 
rm -f libcrypto.so.3
rm -f libcrypto.so
rm -f libssl.so.3
rm -f libssl.so
rm -f apps/libapps.a libcrypto.a libssl.a providers/libcommon.a providers/libdefault.a providers/liblegacy.a providers/libtemplate.a test/libtestutil.a
rm -f *.ld
rm -f doc/html/man1/CA.pl.html doc/html/man1/openssl-asn1parse.html doc/html/man1/openssl-ca.html doc/html/man1/openssl-ciphers.html doc/html/man1/openssl-cmds.html doc/html/man1/openssl-cmp.html doc/html/man1/openssl-cms.html doc/html/man1/openssl-configutl.html doc/html/man1/openssl-crl.html doc/html/man1/openssl-crl2pkcs7.html doc/html/man1/openssl-dgst.html doc/html/man1/openssl-dhparam.html doc/html/man1/openssl-dsa.html doc/html/man1/openssl-dsaparam.html doc/html/man1/openssl-ec.html doc/html/man1/openssl-ecparam.html doc/html/man1/openssl-enc.html doc/html/man1/openssl-engine.html doc/html/man1/openssl-errstr.html doc/html/man1/openssl-fipsinstall.html doc/html/man1/openssl-format-options.html doc/html/man1/openssl-gendsa.html doc/html/man1/openssl-genpkey.html doc/html/man1/openssl-genrsa.html doc/html/man1/openssl-info.html doc/html/man1/openssl-kdf.html doc/html/man1/openssl-list.html doc/html/man1/openssl-mac.html doc/html/man1/openssl-namedisplay-options.html doc/html/man1/openssl-nseq.html doc/html/man1/openssl-ocsp.html doc/html/man1/openssl-passphrase-options.html doc/html/man1/openssl-passwd.html doc/html/man1/openssl-pkcs12.html doc/html/man1/openssl-pkcs7.html doc/html/man1/openssl-pkcs8.html doc/html/man1/openssl-pkey.html doc/html/man1/openssl-pkeyparam.html doc/html/man1/openssl-pkeyutl.html doc/html/man1/openssl-prime.html doc/html/man1/openssl-rand.html doc/html/man1/openssl-rehash.html doc/html/man1/openssl-req.html doc/html/man1/openssl-rsa.html doc/html/man1/openssl-rsautl.html doc/html/man1/openssl-s_client.html doc/html/man1/openssl-s_server.html doc/html/man1/openssl-s_time.html doc/html/man1/openssl-sess_id.html doc/html/man1/openssl-skeyutl.html doc/html/man1/openssl-smime.html doc/html/man1/openssl-speed.html doc/html/man1/openssl-spkac.html doc/html/man1/openssl-srp.html doc/html/man1/openssl-storeutl.html doc/html/man1/openssl-ts.html doc/html/man1/openssl-verification-options.html doc/html/man1/openssl-verify.html doc/html/man1/openssl-version.html doc/html/man1/openssl-x509.html doc/html/man1/openssl.html doc/html/man1/tsget.html
rm -f doc/html/man3/ADMISSIONS.html doc/html/man3/ASN1_EXTERN_FUNCS.html doc/html/man3/ASN1_INTEGER_get_int64.html doc/html/man3/ASN1_INTEGER_new.html doc/html/man3/ASN1_ITEM_lookup.html doc/html/man3/ASN1_OBJECT_new.html doc/html/man3/ASN1_STRING_TABLE_add.html doc/html/man3/ASN1_STRING_length.html doc/html/man3/ASN1_STRING_new.html doc/html/man3/ASN1_STRING_print_ex.html doc/html/man3/ASN1_TIME_set.html doc/html/man3/ASN1_TYPE_get.html doc/html/man3/ASN1_aux_cb.html doc/html/man3/ASN1_generate_nconf.html doc/html/man3/ASN1_item_d2i_bio.html doc/html/man3/ASN1_item_new.html doc/html/man3/ASN1_item_sign.html doc/html/man3/ASYNC_WAIT_CTX_new.html doc/html/man3/ASYNC_start_job.html doc/html/man3/BF_encrypt.html doc/html/man3/BIO_ADDR.html doc/html/man3/BIO_ADDRINFO.html doc/html/man3/BIO_connect.html doc/html/man3/BIO_ctrl.html doc/html/man3/BIO_f_base64.html doc/html/man3/BIO_f_buffer.html doc/html/man3/BIO_f_cipher.html doc/html/man3/BIO_f_md.html doc/html/man3/BIO_f_null.html doc/html/man3/BIO_f_prefix.html doc/html/man3/BIO_f_readbuffer.html doc/html/man3/BIO_f_ssl.html doc/html/man3/BIO_find_type.html doc/html/man3/BIO_get_data.html doc/html/man3/BIO_get_ex_new_index.html doc/html/man3/BIO_get_rpoll_descriptor.html doc/html/man3/BIO_meth_new.html doc/html/man3/BIO_new.html doc/html/man3/BIO_new_CMS.html doc/html/man3/BIO_parse_hostserv.html doc/html/man3/BIO_printf.html doc/html/man3/BIO_push.html doc/html/man3/BIO_read.html doc/html/man3/BIO_s_accept.html doc/html/man3/BIO_s_bio.html doc/html/man3/BIO_s_connect.html doc/html/man3/BIO_s_core.html doc/html/man3/BIO_s_datagram.html doc/html/man3/BIO_s_dgram_pair.html doc/html/man3/BIO_s_fd.html doc/html/man3/BIO_s_file.html doc/html/man3/BIO_s_mem.html doc/html/man3/BIO_s_null.html doc/html/man3/BIO_s_socket.html doc/html/man3/BIO_sendmmsg.html doc/html/man3/BIO_set_callback.html doc/html/man3/BIO_should_retry.html doc/html/man3/BIO_socket_wait.html doc/html/man3/BN_BLINDING_new.html doc/html/man3/BN_CTX_new.html doc/html/man3/BN_CTX_start.html doc/html/man3/BN_add.html doc/html/man3/BN_add_word.html doc/html/man3/BN_bn2bin.html doc/html/man3/BN_cmp.html doc/html/man3/BN_copy.html doc/html/man3/BN_generate_prime.html doc/html/man3/BN_mod_exp_mont.html doc/html/man3/BN_mod_inverse.html doc/html/man3/BN_mod_mul_montgomery.html doc/html/man3/BN_mod_mul_reciprocal.html doc/html/man3/BN_new.html doc/html/man3/BN_num_bytes.html doc/html/man3/BN_rand.html doc/html/man3/BN_security_bits.html doc/html/man3/BN_set_bit.html doc/html/man3/BN_swap.html doc/html/man3/BN_zero.html doc/html/man3/BUF_MEM_new.html doc/html/man3/CMAC_CTX.html doc/html/man3/CMS_EncryptedData_decrypt.html doc/html/man3/CMS_EncryptedData_encrypt.html doc/html/man3/CMS_EnvelopedData_create.html doc/html/man3/CMS_add0_cert.html doc/html/man3/CMS_add1_recipient_cert.html doc/html/man3/CMS_add1_signer.html doc/html/man3/CMS_compress.html doc/html/man3/CMS_data_create.html doc/html/man3/CMS_decrypt.html doc/html/man3/CMS_digest_create.html doc/html/man3/CMS_encrypt.html doc/html/man3/CMS_final.html doc/html/man3/CMS_get0_RecipientInfos.html doc/html/man3/CMS_get0_SignerInfos.html doc/html/man3/CMS_get0_type.html doc/html/man3/CMS_get1_ReceiptRequest.html doc/html/man3/CMS_sign.html doc/html/man3/CMS_sign_receipt.html doc/html/man3/CMS_signed_get_attr.html doc/html/man3/CMS_uncompress.html doc/html/man3/CMS_verify.html doc/html/man3/CMS_verify_receipt.html doc/html/man3/COMP_CTX_new.html doc/html/man3/CONF_modules_free.html doc/html/man3/CONF_modules_load_file.html doc/html/man3/CRYPTO_THREAD_run_once.html doc/html/man3/CRYPTO_get_ex_new_index.html doc/html/man3/CRYPTO_memcmp.html doc/html/man3/CTLOG_STORE_get0_log_by_id.html doc/html/man3/CTLOG_STORE_new.html doc/html/man3/CTLOG_new.html doc/html/man3/CT_POLICY_EVAL_CTX_new.html doc/html/man3/DEFINE_STACK_OF.html doc/html/man3/DES_random_key.html doc/html/man3/DH_generate_key.html doc/html/man3/DH_generate_parameters.html doc/html/man3/DH_get0_pqg.html doc/html/man3/DH_get_1024_160.html doc/html/man3/DH_meth_new.html doc/html/man3/DH_new.html doc/html/man3/DH_new_by_nid.html doc/html/man3/DH_set_method.html doc/html/man3/DH_size.html doc/html/man3/DSA_SIG_new.html doc/html/man3/DSA_do_sign.html doc/html/man3/DSA_dup_DH.html doc/html/man3/DSA_generate_key.html doc/html/man3/DSA_generate_parameters.html doc/html/man3/DSA_get0_pqg.html doc/html/man3/DSA_meth_new.html doc/html/man3/DSA_new.html doc/html/man3/DSA_set_method.html doc/html/man3/DSA_sign.html doc/html/man3/DSA_size.html doc/html/man3/DTLS_get_data_mtu.html doc/html/man3/DTLS_set_timer_cb.html doc/html/man3/DTLSv1_get_timeout.html doc/html/man3/DTLSv1_handle_timeout.html doc/html/man3/DTLSv1_listen.html doc/html/man3/ECDSA_SIG_new.html doc/html/man3/ECDSA_sign.html doc/html/man3/ECPKParameters_print.html doc/html/man3/EC_GFp_simple_method.html doc/html/man3/EC_GROUP_copy.html doc/html/man3/EC_GROUP_new.html doc/html/man3/EC_KEY_get_enc_flags.html doc/html/man3/EC_KEY_new.html doc/html/man3/EC_POINT_add.html doc/html/man3/EC_POINT_new.html doc/html/man3/ENGINE_add.html doc/html/man3/ERR_GET_LIB.html doc/html/man3/ERR_clear_error.html doc/html/man3/ERR_error_string.html doc/html/man3/ERR_get_error.html doc/html/man3/ERR_load_crypto_strings.html doc/html/man3/ERR_load_strings.html doc/html/man3/ERR_new.html doc/html/man3/ERR_print_errors.html doc/html/man3/ERR_put_error.html doc/html/man3/ERR_remove_state.html doc/html/man3/ERR_set_mark.html doc/html/man3/EVP_ASYM_CIPHER_free.html doc/html/man3/EVP_BytesToKey.html doc/html/man3/EVP_CIPHER_CTX_get_cipher_data.html doc/html/man3/EVP_CIPHER_CTX_get_original_iv.html doc/html/man3/EVP_CIPHER_meth_new.html doc/html/man3/EVP_DigestInit.html doc/html/man3/EVP_DigestSignInit.html doc/html/man3/EVP_DigestVerifyInit.html doc/html/man3/EVP_EncodeInit.html doc/html/man3/EVP_EncryptInit.html doc/html/man3/EVP_KDF.html doc/html/man3/EVP_KEM_free.html doc/html/man3/EVP_KEYEXCH_free.html doc/html/man3/EVP_KEYMGMT.html doc/html/man3/EVP_MAC.html doc/html/man3/EVP_MD_meth_new.html doc/html/man3/EVP_OpenInit.html doc/html/man3/EVP_PBE_CipherInit.html doc/html/man3/EVP_PKEY2PKCS8.html doc/html/man3/EVP_PKEY_ASN1_METHOD.html doc/html/man3/EVP_PKEY_CTX_ctrl.html doc/html/man3/EVP_PKEY_CTX_get0_libctx.html doc/html/man3/EVP_PKEY_CTX_get0_pkey.html doc/html/man3/EVP_PKEY_CTX_get_algor.html doc/html/man3/EVP_PKEY_CTX_new.html doc/html/man3/EVP_PKEY_CTX_set1_pbe_pass.html doc/html/man3/EVP_PKEY_CTX_set_hkdf_md.html doc/html/man3/EVP_PKEY_CTX_set_params.html doc/html/man3/EVP_PKEY_CTX_set_rsa_pss_keygen_md.html doc/html/man3/EVP_PKEY_CTX_set_scrypt_N.html doc/html/man3/EVP_PKEY_CTX_set_tls1_prf_md.html doc/html/man3/EVP_PKEY_asn1_get_count.html doc/html/man3/EVP_PKEY_check.html doc/html/man3/EVP_PKEY_copy_parameters.html doc/html/man3/EVP_PKEY_decapsulate.html doc/html/man3/EVP_PKEY_decrypt.html doc/html/man3/EVP_PKEY_derive.html doc/html/man3/EVP_PKEY_digestsign_supports_digest.html doc/html/man3/EVP_PKEY_encapsulate.html doc/html/man3/EVP_PKEY_encrypt.html doc/html/man3/EVP_PKEY_fromdata.html doc/html/man3/EVP_PKEY_get_attr.html doc/html/man3/EVP_PKEY_get_default_digest_nid.html doc/html/man3/EVP_PKEY_get_field_type.html doc/html/man3/EVP_PKEY_get_group_name.html doc/html/man3/EVP_PKEY_get_size.html doc/html/man3/EVP_PKEY_gettable_params.html doc/html/man3/EVP_PKEY_is_a.html doc/html/man3/EVP_PKEY_keygen.html doc/html/man3/EVP_PKEY_meth_get_count.html doc/html/man3/EVP_PKEY_meth_new.html doc/html/man3/EVP_PKEY_new.html doc/html/man3/EVP_PKEY_print_private.html doc/html/man3/EVP_PKEY_set1_RSA.html doc/html/man3/EVP_PKEY_set1_encoded_public_key.html doc/html/man3/EVP_PKEY_set_type.html doc/html/man3/EVP_PKEY_settable_params.html doc/html/man3/EVP_PKEY_sign.html doc/html/man3/EVP_PKEY_todata.html doc/html/man3/EVP_PKEY_verify.html doc/html/man3/EVP_PKEY_verify_recover.html doc/html/man3/EVP_RAND.html doc/html/man3/EVP_SIGNATURE.html doc/html/man3/EVP_SKEY.html doc/html/man3/EVP_SKEYMGMT.html doc/html/man3/EVP_SealInit.html doc/html/man3/EVP_SignInit.html doc/html/man3/EVP_VerifyInit.html doc/html/man3/EVP_aes_128_gcm.html doc/html/man3/EVP_aria_128_gcm.html doc/html/man3/EVP_bf_cbc.html doc/html/man3/EVP_blake2b512.html doc/html/man3/EVP_camellia_128_ecb.html doc/html/man3/EVP_cast5_cbc.html doc/html/man3/EVP_chacha20.html doc/html/man3/EVP_des_cbc.html doc/html/man3/EVP_desx_cbc.html doc/html/man3/EVP_idea_cbc.html doc/html/man3/EVP_md2.html doc/html/man3/EVP_md4.html doc/html/man3/EVP_md5.html doc/html/man3/EVP_mdc2.html doc/html/man3/EVP_rc2_cbc.html doc/html/man3/EVP_rc4.html doc/html/man3/EVP_rc5_32_12_16_cbc.html doc/html/man3/EVP_ripemd160.html doc/html/man3/EVP_seed_cbc.html doc/html/man3/EVP_set_default_properties.html doc/html/man3/EVP_sha1.html doc/html/man3/EVP_sha224.html doc/html/man3/EVP_sha3_224.html doc/html/man3/EVP_sm3.html doc/html/man3/EVP_sm4_cbc.html doc/html/man3/EVP_whirlpool.html doc/html/man3/GENERAL_NAME.html doc/html/man3/HMAC.html doc/html/man3/MD5.html doc/html/man3/MDC2_Init.html doc/html/man3/NCONF_new_ex.html doc/html/man3/OBJ_nid2obj.html doc/html/man3/OCSP_REQUEST_new.html doc/html/man3/OCSP_cert_to_id.html doc/html/man3/OCSP_request_add1_nonce.html doc/html/man3/OCSP_resp_find_status.html doc/html/man3/OCSP_response_status.html doc/html/man3/OCSP_sendreq_new.html doc/html/man3/OPENSSL_Applink.html doc/html/man3/OPENSSL_FILE.html doc/html/man3/OPENSSL_LH_COMPFUNC.html doc/html/man3/OPENSSL_LH_stats.html doc/html/man3/OPENSSL_config.html doc/html/man3/OPENSSL_fork_prepare.html doc/html/man3/OPENSSL_gmtime.html doc/html/man3/OPENSSL_hexchar2int.html doc/html/man3/OPENSSL_ia32cap.html doc/html/man3/OPENSSL_init_crypto.html doc/html/man3/OPENSSL_init_ssl.html doc/html/man3/OPENSSL_instrument_bus.html doc/html/man3/OPENSSL_load_builtin_modules.html doc/html/man3/OPENSSL_load_u16_le.html doc/html/man3/OPENSSL_malloc.html doc/html/man3/OPENSSL_riscvcap.html doc/html/man3/OPENSSL_s390xcap.html doc/html/man3/OPENSSL_secure_malloc.html doc/html/man3/OPENSSL_strcasecmp.html doc/html/man3/OSSL_ALGORITHM.html doc/html/man3/OSSL_CALLBACK.html doc/html/man3/OSSL_CMP_ATAV_set0.html doc/html/man3/OSSL_CMP_CTX_new.html doc/html/man3/OSSL_CMP_HDR_get0_transactionID.html doc/html/man3/OSSL_CMP_ITAV_new_caCerts.html doc/html/man3/OSSL_CMP_ITAV_set0.html doc/html/man3/OSSL_CMP_MSG_get0_header.html doc/html/man3/OSSL_CMP_MSG_http_perform.html doc/html/man3/OSSL_CMP_SRV_CTX_new.html doc/html/man3/OSSL_CMP_STATUSINFO_new.html doc/html/man3/OSSL_CMP_exec_certreq.html doc/html/man3/OSSL_CMP_log_open.html doc/html/man3/OSSL_CMP_validate_msg.html doc/html/man3/OSSL_CORE_MAKE_FUNC.html doc/html/man3/OSSL_CRMF_MSG_get0_tmpl.html doc/html/man3/OSSL_CRMF_MSG_set0_validity.html doc/html/man3/OSSL_CRMF_MSG_set1_regCtrl_regToken.html doc/html/man3/OSSL_CRMF_MSG_set1_regInfo_certReq.html doc/html/man3/OSSL_CRMF_pbmp_new.html doc/html/man3/OSSL_DECODER.html doc/html/man3/OSSL_DECODER_CTX.html doc/html/man3/OSSL_DECODER_CTX_new_for_pkey.html doc/html/man3/OSSL_DECODER_from_bio.html doc/html/man3/OSSL_DISPATCH.html doc/html/man3/OSSL_ENCODER.html doc/html/man3/OSSL_ENCODER_CTX.html doc/html/man3/OSSL_ENCODER_CTX_new_for_pkey.html doc/html/man3/OSSL_ENCODER_to_bio.html doc/html/man3/OSSL_ERR_STATE_save.html doc/html/man3/OSSL_ESS_check_signing_certs.html doc/html/man3/OSSL_GENERAL_NAMES_print.html doc/html/man3/OSSL_HPKE_CTX_new.html doc/html/man3/OSSL_HTTP_REQ_CTX.html doc/html/man3/OSSL_HTTP_parse_url.html doc/html/man3/OSSL_HTTP_transfer.html doc/html/man3/OSSL_IETF_ATTR_SYNTAX.html doc/html/man3/OSSL_IETF_ATTR_SYNTAX_print.html doc/html/man3/OSSL_INDICATOR_set_callback.html doc/html/man3/OSSL_ITEM.html doc/html/man3/OSSL_LIB_CTX.html doc/html/man3/OSSL_LIB_CTX_set_conf_diagnostics.html doc/html/man3/OSSL_PARAM.html doc/html/man3/OSSL_PARAM_BLD.html doc/html/man3/OSSL_PARAM_allocate_from_text.html doc/html/man3/OSSL_PARAM_dup.html doc/html/man3/OSSL_PARAM_int.html doc/html/man3/OSSL_PARAM_print_to_bio.html doc/html/man3/OSSL_PROVIDER.html doc/html/man3/OSSL_QUIC_client_method.html doc/html/man3/OSSL_SELF_TEST_new.html doc/html/man3/OSSL_SELF_TEST_set_callback.html doc/html/man3/OSSL_STORE_INFO.html doc/html/man3/OSSL_STORE_LOADER.html doc/html/man3/OSSL_STORE_SEARCH.html doc/html/man3/OSSL_STORE_attach.html doc/html/man3/OSSL_STORE_expect.html doc/html/man3/OSSL_STORE_open.html doc/html/man3/OSSL_sleep.html doc/html/man3/OSSL_trace_enabled.html doc/html/man3/OSSL_trace_get_category_num.html doc/html/man3/OSSL_trace_set_channel.html doc/html/man3/OpenSSL_add_all_algorithms.html doc/html/man3/OpenSSL_version.html doc/html/man3/PBMAC1_get1_pbkdf2_param.html doc/html/man3/PEM_X509_INFO_read_bio_ex.html doc/html/man3/PEM_bytes_read_bio.html doc/html/man3/PEM_read.html doc/html/man3/PEM_read_CMS.html doc/html/man3/PEM_read_bio_PrivateKey.html doc/html/man3/PEM_read_bio_ex.html doc/html/man3/PEM_write_bio_CMS_stream.html doc/html/man3/PEM_write_bio_PKCS7_stream.html doc/html/man3/PKCS12_PBE_keyivgen.html doc/html/man3/PKCS12_SAFEBAG_create_cert.html doc/html/man3/PKCS12_SAFEBAG_get0_attrs.html doc/html/man3/PKCS12_SAFEBAG_get1_cert.html doc/html/man3/PKCS12_SAFEBAG_set0_attrs.html doc/html/man3/PKCS12_add1_attr_by_NID.html doc/html/man3/PKCS12_add_CSPName_asc.html doc/html/man3/PKCS12_add_cert.html doc/html/man3/PKCS12_add_friendlyname_asc.html doc/html/man3/PKCS12_add_localkeyid.html doc/html/man3/PKCS12_add_safe.html doc/html/man3/PKCS12_create.html doc/html/man3/PKCS12_decrypt_skey.html doc/html/man3/PKCS12_gen_mac.html doc/html/man3/PKCS12_get_friendlyname.html doc/html/man3/PKCS12_init.html doc/html/man3/PKCS12_item_decrypt_d2i.html doc/html/man3/PKCS12_key_gen_utf8_ex.html doc/html/man3/PKCS12_newpass.html doc/html/man3/PKCS12_pack_p7encdata.html doc/html/man3/PKCS12_parse.html doc/html/man3/PKCS5_PBE_keyivgen.html doc/html/man3/PKCS5_PBKDF2_HMAC.html doc/html/man3/PKCS7_decrypt.html doc/html/man3/PKCS7_encrypt.html doc/html/man3/PKCS7_get_octet_string.html doc/html/man3/PKCS7_sign.html doc/html/man3/PKCS7_sign_add_signer.html doc/html/man3/PKCS7_type_is_other.html doc/html/man3/PKCS7_verify.html doc/html/man3/PKCS8_encrypt.html doc/html/man3/PKCS8_pkey_add1_attr.html doc/html/man3/RAND_add.html doc/html/man3/RAND_bytes.html doc/html/man3/RAND_cleanup.html doc/html/man3/RAND_egd.html doc/html/man3/RAND_get0_primary.html doc/html/man3/RAND_load_file.html doc/html/man3/RAND_set_DRBG_type.html doc/html/man3/RAND_set_rand_method.html doc/html/man3/RC4_set_key.html doc/html/man3/RIPEMD160_Init.html doc/html/man3/RSA_blinding_on.html doc/html/man3/RSA_check_key.html doc/html/man3/RSA_generate_key.html doc/html/man3/RSA_get0_key.html doc/html/man3/RSA_meth_new.html doc/html/man3/RSA_new.html doc/html/man3/RSA_padding_add_PKCS1_type_1.html doc/html/man3/RSA_print.html doc/html/man3/RSA_private_encrypt.html doc/html/man3/RSA_public_encrypt.html doc/html/man3/RSA_set_method.html doc/html/man3/RSA_sign.html doc/html/man3/RSA_sign_ASN1_OCTET_STRING.html doc/html/man3/RSA_size.html doc/html/man3/SCT_new.html doc/html/man3/SCT_print.html doc/html/man3/SCT_validate.html doc/html/man3/SHA256_Init.html doc/html/man3/SMIME_read_ASN1.html doc/html/man3/SMIME_read_CMS.html doc/html/man3/SMIME_read_PKCS7.html doc/html/man3/SMIME_write_ASN1.html doc/html/man3/SMIME_write_CMS.html doc/html/man3/SMIME_write_PKCS7.html doc/html/man3/SRP_Calc_B.html doc/html/man3/SRP_VBASE_new.html doc/html/man3/SRP_create_verifier.html doc/html/man3/SRP_user_pwd_new.html doc/html/man3/SSL_CIPHER_get_name.html doc/html/man3/SSL_COMP_add_compression_method.html doc/html/man3/SSL_CONF_CTX_new.html doc/html/man3/SSL_CONF_CTX_set1_prefix.html doc/html/man3/SSL_CONF_CTX_set_flags.html doc/html/man3/SSL_CONF_CTX_set_ssl_ctx.html doc/html/man3/SSL_CONF_cmd.html doc/html/man3/SSL_CONF_cmd_argv.html doc/html/man3/SSL_CTX_add1_chain_cert.html doc/html/man3/SSL_CTX_add_extra_chain_cert.html doc/html/man3/SSL_CTX_add_session.html doc/html/man3/SSL_CTX_config.html doc/html/man3/SSL_CTX_ctrl.html doc/html/man3/SSL_CTX_dane_enable.html doc/html/man3/SSL_CTX_flush_sessions.html doc/html/man3/SSL_CTX_free.html doc/html/man3/SSL_CTX_get0_param.html doc/html/man3/SSL_CTX_get_verify_mode.html doc/html/man3/SSL_CTX_has_client_custom_ext.html doc/html/man3/SSL_CTX_load_verify_locations.html doc/html/man3/SSL_CTX_new.html doc/html/man3/SSL_CTX_sess_number.html doc/html/man3/SSL_CTX_sess_set_cache_size.html doc/html/man3/SSL_CTX_sess_set_get_cb.html doc/html/man3/SSL_CTX_sessions.html doc/html/man3/SSL_CTX_set0_CA_list.html doc/html/man3/SSL_CTX_set1_cert_comp_preference.html doc/html/man3/SSL_CTX_set1_curves.html doc/html/man3/SSL_CTX_set1_sigalgs.html doc/html/man3/SSL_CTX_set1_verify_cert_store.html doc/html/man3/SSL_CTX_set_alpn_select_cb.html doc/html/man3/SSL_CTX_set_cert_cb.html doc/html/man3/SSL_CTX_set_cert_store.html doc/html/man3/SSL_CTX_set_cert_verify_callback.html doc/html/man3/SSL_CTX_set_cipher_list.html doc/html/man3/SSL_CTX_set_client_cert_cb.html doc/html/man3/SSL_CTX_set_client_hello_cb.html doc/html/man3/SSL_CTX_set_ct_validation_callback.html doc/html/man3/SSL_CTX_set_ctlog_list_file.html doc/html/man3/SSL_CTX_set_default_passwd_cb.html doc/html/man3/SSL_CTX_set_domain_flags.html doc/html/man3/SSL_CTX_set_generate_session_id.html doc/html/man3/SSL_CTX_set_info_callback.html doc/html/man3/SSL_CTX_set_keylog_callback.html doc/html/man3/SSL_CTX_set_max_cert_list.html doc/html/man3/SSL_CTX_set_min_proto_version.html doc/html/man3/SSL_CTX_set_mode.html doc/html/man3/SSL_CTX_set_msg_callback.html doc/html/man3/SSL_CTX_set_new_pending_conn_cb.html doc/html/man3/SSL_CTX_set_num_tickets.html doc/html/man3/SSL_CTX_set_options.html doc/html/man3/SSL_CTX_set_psk_client_callback.html doc/html/man3/SSL_CTX_set_quiet_shutdown.html doc/html/man3/SSL_CTX_set_read_ahead.html doc/html/man3/SSL_CTX_set_record_padding_callback.html doc/html/man3/SSL_CTX_set_security_level.html doc/html/man3/SSL_CTX_set_session_cache_mode.html doc/html/man3/SSL_CTX_set_session_id_context.html doc/html/man3/SSL_CTX_set_session_ticket_cb.html doc/html/man3/SSL_CTX_set_split_send_fragment.html doc/html/man3/SSL_CTX_set_srp_password.html doc/html/man3/SSL_CTX_set_ssl_version.html doc/html/man3/SSL_CTX_set_stateless_cookie_generate_cb.html doc/html/man3/SSL_CTX_set_timeout.html doc/html/man3/SSL_CTX_set_tlsext_servername_callback.html doc/html/man3/SSL_CTX_set_tlsext_status_cb.html doc/html/man3/SSL_CTX_set_tlsext_ticket_key_cb.html doc/html/man3/SSL_CTX_set_tlsext_use_srtp.html doc/html/man3/SSL_CTX_set_tmp_dh_callback.html doc/html/man3/SSL_CTX_set_tmp_ecdh.html doc/html/man3/SSL_CTX_set_verify.html doc/html/man3/SSL_CTX_use_certificate.html doc/html/man3/SSL_CTX_use_psk_identity_hint.html doc/html/man3/SSL_CTX_use_serverinfo.html doc/html/man3/SSL_SESSION_free.html doc/html/man3/SSL_SESSION_get0_cipher.html doc/html/man3/SSL_SESSION_get0_hostname.html doc/html/man3/SSL_SESSION_get0_id_context.html doc/html/man3/SSL_SESSION_get0_peer.html doc/html/man3/SSL_SESSION_get_compress_id.html doc/html/man3/SSL_SESSION_get_protocol_version.html doc/html/man3/SSL_SESSION_get_time.html doc/html/man3/SSL_SESSION_has_ticket.html doc/html/man3/SSL_SESSION_is_resumable.html doc/html/man3/SSL_SESSION_print.html doc/html/man3/SSL_SESSION_set1_id.html doc/html/man3/SSL_accept.html doc/html/man3/SSL_accept_stream.html doc/html/man3/SSL_alert_type_string.html doc/html/man3/SSL_alloc_buffers.html doc/html/man3/SSL_check_chain.html doc/html/man3/SSL_clear.html doc/html/man3/SSL_connect.html doc/html/man3/SSL_do_handshake.html doc/html/man3/SSL_export_keying_material.html doc/html/man3/SSL_extension_supported.html doc/html/man3/SSL_free.html doc/html/man3/SSL_get0_connection.html doc/html/man3/SSL_get0_group_name.html doc/html/man3/SSL_get0_peer_rpk.html doc/html/man3/SSL_get0_peer_scts.html doc/html/man3/SSL_get1_builtin_sigalgs.html doc/html/man3/SSL_get_SSL_CTX.html doc/html/man3/SSL_get_all_async_fds.html doc/html/man3/SSL_get_certificate.html doc/html/man3/SSL_get_ciphers.html doc/html/man3/SSL_get_client_random.html doc/html/man3/SSL_get_conn_close_info.html doc/html/man3/SSL_get_current_cipher.html doc/html/man3/SSL_get_default_timeout.html doc/html/man3/SSL_get_error.html doc/html/man3/SSL_get_event_timeout.html doc/html/man3/SSL_get_extms_support.html doc/html/man3/SSL_get_fd.html doc/html/man3/SSL_get_handshake_rtt.html doc/html/man3/SSL_get_peer_cert_chain.html doc/html/man3/SSL_get_peer_certificate.html doc/html/man3/SSL_get_peer_signature_nid.html doc/html/man3/SSL_get_peer_tmp_key.html doc/html/man3/SSL_get_psk_identity.html doc/html/man3/SSL_get_rbio.html doc/html/man3/SSL_get_rpoll_descriptor.html doc/html/man3/SSL_get_session.html doc/html/man3/SSL_get_shared_sigalgs.html doc/html/man3/SSL_get_stream_id.html doc/html/man3/SSL_get_stream_read_state.html doc/html/man3/SSL_get_value_uint.html doc/html/man3/SSL_get_verify_result.html doc/html/man3/SSL_get_version.html doc/html/man3/SSL_group_to_name.html doc/html/man3/SSL_handle_events.html doc/html/man3/SSL_in_init.html doc/html/man3/SSL_inject_net_dgram.html doc/html/man3/SSL_key_update.html doc/html/man3/SSL_library_init.html doc/html/man3/SSL_load_client_CA_file.html doc/html/man3/SSL_new.html doc/html/man3/SSL_new_domain.html doc/html/man3/SSL_new_listener.html doc/html/man3/SSL_new_stream.html doc/html/man3/SSL_pending.html doc/html/man3/SSL_poll.html doc/html/man3/SSL_read.html doc/html/man3/SSL_read_early_data.html doc/html/man3/SSL_rstate_string.html doc/html/man3/SSL_session_reused.html doc/html/man3/SSL_set1_host.html doc/html/man3/SSL_set1_initial_peer_addr.html doc/html/man3/SSL_set1_server_cert_type.html doc/html/man3/SSL_set_async_callback.html doc/html/man3/SSL_set_bio.html doc/html/man3/SSL_set_blocking_mode.html doc/html/man3/SSL_set_connect_state.html doc/html/man3/SSL_set_default_stream_mode.html doc/html/man3/SSL_set_fd.html doc/html/man3/SSL_set_incoming_stream_policy.html doc/html/man3/SSL_set_quic_tls_cbs.html doc/html/man3/SSL_set_retry_verify.html doc/html/man3/SSL_set_session.html doc/html/man3/SSL_set_session_secret_cb.html doc/html/man3/SSL_set_shutdown.html doc/html/man3/SSL_set_verify_result.html doc/html/man3/SSL_shutdown.html doc/html/man3/SSL_state_string.html doc/html/man3/SSL_stream_conclude.html doc/html/man3/SSL_stream_reset.html doc/html/man3/SSL_want.html doc/html/man3/SSL_write.html doc/html/man3/TS_RESP_CTX_new.html doc/html/man3/TS_VERIFY_CTX.html doc/html/man3/UI_STRING.html doc/html/man3/UI_UTIL_read_pw.html doc/html/man3/UI_create_method.html doc/html/man3/UI_new.html doc/html/man3/X509V3_get_d2i.html doc/html/man3/X509V3_set_ctx.html doc/html/man3/X509_ACERT_add1_attr.html doc/html/man3/X509_ACERT_add_attr_nconf.html doc/html/man3/X509_ACERT_get0_holder_baseCertId.html doc/html/man3/X509_ACERT_get_attr.html doc/html/man3/X509_ACERT_print_ex.html doc/html/man3/X509_ALGOR_dup.html doc/html/man3/X509_ATTRIBUTE.html doc/html/man3/X509_CRL_get0_by_serial.html doc/html/man3/X509_EXTENSION_set_object.html doc/html/man3/X509_LOOKUP.html doc/html/man3/X509_LOOKUP_hash_dir.html doc/html/man3/X509_LOOKUP_meth_new.html doc/html/man3/X509_NAME_ENTRY_get_object.html doc/html/man3/X509_NAME_add_entry_by_txt.html doc/html/man3/X509_NAME_get0_der.html doc/html/man3/X509_NAME_get_index_by_NID.html doc/html/man3/X509_NAME_print_ex.html doc/html/man3/X509_PUBKEY_new.html doc/html/man3/X509_REQ_get_attr.html doc/html/man3/X509_REQ_get_extensions.html doc/html/man3/X509_SIG_get0.html doc/html/man3/X509_STORE_CTX_get_by_subject.html doc/html/man3/X509_STORE_CTX_get_error.html doc/html/man3/X509_STORE_CTX_new.html doc/html/man3/X509_STORE_CTX_set_verify_cb.html doc/html/man3/X509_STORE_add_cert.html doc/html/man3/X509_STORE_get0_param.html doc/html/man3/X509_STORE_new.html doc/html/man3/X509_STORE_set_verify_cb_func.html doc/html/man3/X509_VERIFY_PARAM_set_flags.html doc/html/man3/X509_add_cert.html doc/html/man3/X509_check_ca.html doc/html/man3/X509_check_host.html doc/html/man3/X509_check_issued.html doc/html/man3/X509_check_private_key.html doc/html/man3/X509_check_purpose.html doc/html/man3/X509_cmp.html doc/html/man3/X509_cmp_time.html doc/html/man3/X509_digest.html doc/html/man3/X509_dup.html doc/html/man3/X509_get0_distinguishing_id.html doc/html/man3/X509_get0_notBefore.html doc/html/man3/X509_get0_signature.html doc/html/man3/X509_get0_uids.html doc/html/man3/X509_get_default_cert_file.html doc/html/man3/X509_get_extension_flags.html doc/html/man3/X509_get_pubkey.html doc/html/man3/X509_get_serialNumber.html doc/html/man3/X509_get_subject_name.html doc/html/man3/X509_get_version.html doc/html/man3/X509_load_http.html doc/html/man3/X509_new.html doc/html/man3/X509_sign.html doc/html/man3/X509_verify.html doc/html/man3/X509_verify_cert.html doc/html/man3/X509v3_get_ext_by_NID.html doc/html/man3/b2i_PVK_bio_ex.html doc/html/man3/d2i_PKCS8PrivateKey_bio.html doc/html/man3/d2i_PrivateKey.html doc/html/man3/d2i_RSAPrivateKey.html doc/html/man3/d2i_SSL_SESSION.html doc/html/man3/d2i_X509.html doc/html/man3/i2d_CMS_bio_stream.html doc/html/man3/i2d_PKCS7_bio_stream.html doc/html/man3/i2d_re_X509_tbs.html doc/html/man3/o2i_SCT_LIST.html doc/html/man3/s2i_ASN1_IA5STRING.html
rm -f doc/html/man5/config.html doc/html/man5/fips_config.html doc/html/man5/x509v3_config.html
rm -f doc/html/man7/EVP_ASYM_CIPHER-RSA.html doc/html/man7/EVP_ASYM_CIPHER-SM2.html doc/html/man7/EVP_CIPHER-AES.html doc/html/man7/EVP_CIPHER-ARIA.html doc/html/man7/EVP_CIPHER-BLOWFISH.html doc/html/man7/EVP_CIPHER-CAMELLIA.html doc/html/man7/EVP_CIPHER-CAST.html doc/html/man7/EVP_CIPHER-CHACHA.html doc/html/man7/EVP_CIPHER-DES.html doc/html/man7/EVP_CIPHER-IDEA.html doc/html/man7/EVP_CIPHER-NULL.html doc/html/man7/EVP_CIPHER-RC2.html doc/html/man7/EVP_CIPHER-RC4.html doc/html/man7/EVP_CIPHER-RC5.html doc/html/man7/EVP_CIPHER-SEED.html doc/html/man7/EVP_CIPHER-SM4.html doc/html/man7/EVP_KDF-ARGON2.html doc/html/man7/EVP_KDF-HKDF.html doc/html/man7/EVP_KDF-HMAC-DRBG.html doc/html/man7/EVP_KDF-KB.html doc/html/man7/EVP_KDF-KRB5KDF.html doc/html/man7/EVP_KDF-PBKDF1.html doc/html/man7/EVP_KDF-PBKDF2.html doc/html/man7/EVP_KDF-PKCS12KDF.html doc/html/man7/EVP_KDF-PVKKDF.html doc/html/man7/EVP_KDF-SCRYPT.html doc/html/man7/EVP_KDF-SS.html doc/html/man7/EVP_KDF-SSHKDF.html doc/html/man7/EVP_KDF-TLS13_KDF.html doc/html/man7/EVP_KDF-TLS1_PRF.html doc/html/man7/EVP_KDF-X942-ASN1.html doc/html/man7/EVP_KDF-X942-CONCAT.html doc/html/man7/EVP_KDF-X963.html doc/html/man7/EVP_KEM-EC.html doc/html/man7/EVP_KEM-ML-KEM.html doc/html/man7/EVP_KEM-RSA.html doc/html/man7/EVP_KEM-X25519.html doc/html/man7/EVP_KEYEXCH-DH.html doc/html/man7/EVP_KEYEXCH-ECDH.html doc/html/man7/EVP_KEYEXCH-X25519.html doc/html/man7/EVP_MAC-BLAKE2.html doc/html/man7/EVP_MAC-CMAC.html doc/html/man7/EVP_MAC-GMAC.html doc/html/man7/EVP_MAC-HMAC.html doc/html/man7/EVP_MAC-KMAC.html doc/html/man7/EVP_MAC-Poly1305.html doc/html/man7/EVP_MAC-Siphash.html doc/html/man7/EVP_MD-BLAKE2.html doc/html/man7/EVP_MD-KECCAK.html doc/html/man7/EVP_MD-MD2.html doc/html/man7/EVP_MD-MD4.html doc/html/man7/EVP_MD-MD5-SHA1.html doc/html/man7/EVP_MD-MD5.html doc/html/man7/EVP_MD-MDC2.html doc/html/man7/EVP_MD-NULL.html doc/html/man7/EVP_MD-RIPEMD160.html doc/html/man7/EVP_MD-SHA1.html doc/html/man7/EVP_MD-SHA2.html doc/html/man7/EVP_MD-SHA3.html doc/html/man7/EVP_MD-SHAKE.html doc/html/man7/EVP_MD-SM3.html doc/html/man7/EVP_MD-WHIRLPOOL.html doc/html/man7/EVP_MD-common.html doc/html/man7/EVP_PKEY-DH.html doc/html/man7/EVP_PKEY-DSA.html doc/html/man7/EVP_PKEY-EC.html doc/html/man7/EVP_PKEY-FFC.html doc/html/man7/EVP_PKEY-HMAC.html doc/html/man7/EVP_PKEY-ML-DSA.html doc/html/man7/EVP_PKEY-ML-KEM.html doc/html/man7/EVP_PKEY-RSA.html doc/html/man7/EVP_PKEY-SLH-DSA.html doc/html/man7/EVP_PKEY-SM2.html doc/html/man7/EVP_PKEY-X25519.html doc/html/man7/EVP_RAND-CRNG-TEST.html doc/html/man7/EVP_RAND-CTR-DRBG.html doc/html/man7/EVP_RAND-HASH-DRBG.html doc/html/man7/EVP_RAND-HMAC-DRBG.html doc/html/man7/EVP_RAND-JITTER.html doc/html/man7/EVP_RAND-SEED-SRC.html doc/html/man7/EVP_RAND-TEST-RAND.html doc/html/man7/EVP_RAND.html doc/html/man7/EVP_SIGNATURE-DSA.html doc/html/man7/EVP_SIGNATURE-ECDSA.html doc/html/man7/EVP_SIGNATURE-ED25519.html doc/html/man7/EVP_SIGNATURE-HMAC.html doc/html/man7/EVP_SIGNATURE-ML-DSA.html doc/html/man7/EVP_SIGNATURE-RSA.html doc/html/man7/EVP_SIGNATURE-SLH-DSA.html doc/html/man7/OSSL_PROVIDER-FIPS.html doc/html/man7/OSSL_PROVIDER-base.html doc/html/man7/OSSL_PROVIDER-default.html doc/html/man7/OSSL_PROVIDER-legacy.html doc/html/man7/OSSL_PROVIDER-null.html doc/html/man7/OSSL_STORE-winstore.html doc/html/man7/RAND.html doc/html/man7/RSA-PSS.html doc/html/man7/X25519.html doc/html/man7/bio.html doc/html/man7/ct.html doc/html/man7/des_modes.html doc/html/man7/evp.html doc/html/man7/fips_module.html doc/html/man7/life_cycle-cipher.html doc/html/man7/life_cycle-digest.html doc/html/man7/life_cycle-kdf.html doc/html/man7/life_cycle-mac.html doc/html/man7/life_cycle-pkey.html doc/html/man7/life_cycle-rand.html doc/html/man7/openssl-core.h.html doc/html/man7/openssl-core_dispatch.h.html doc/html/man7/openssl-core_names.h.html doc/html/man7/openssl-env.html doc/html/man7/openssl-glossary.html doc/html/man7/openssl-qlog.html doc/html/man7/openssl-quic-concurrency.html doc/html/man7/openssl-quic.html doc/html/man7/openssl-threads.html doc/html/man7/openssl_user_macros.html doc/html/man7/ossl-guide-introduction.html doc/html/man7/ossl-guide-libcrypto-introduction.html doc/html/man7/ossl-guide-libraries-introduction.html doc/html/man7/ossl-guide-libssl-introduction.html doc/html/man7/ossl-guide-migration.html doc/html/man7/ossl-guide-quic-client-block.html doc/html/man7/ossl-guide-quic-client-non-block.html doc/html/man7/ossl-guide-quic-introduction.html doc/html/man7/ossl-guide-quic-multi-stream.html doc/html/man7/ossl-guide-quic-server-block.html doc/html/man7/ossl-guide-quic-server-non-block.html doc/html/man7/ossl-guide-tls-client-block.html doc/html/man7/ossl-guide-tls-client-non-block.html doc/html/man7/ossl-guide-tls-introduction.html doc/html/man7/ossl-guide-tls-server-block.html doc/html/man7/ossl_store-file.html doc/html/man7/ossl_store.html doc/html/man7/passphrase-encoding.html doc/html/man7/property.html doc/html/man7/provider-asym_cipher.html doc/html/man7/provider-base.html doc/html/man7/provider-cipher.html doc/html/man7/provider-decoder.html doc/html/man7/provider-digest.html doc/html/man7/provider-encoder.html doc/html/man7/provider-kdf.html doc/html/man7/provider-kem.html doc/html/man7/provider-keyexch.html doc/html/man7/provider-keymgmt.html doc/html/man7/provider-mac.html doc/html/man7/provider-object.html doc/html/man7/provider-rand.html doc/html/man7/provider-signature.html doc/html/man7/provider-skeymgmt.html doc/html/man7/provider-storemgmt.html doc/html/man7/provider.html doc/html/man7/proxy-certificates.html doc/html/man7/x509.html
rm -f doc/man/man1/CA.pl.1 doc/man/man1/openssl-asn1parse.1 doc/man/man1/openssl-ca.1 doc/man/man1/openssl-ciphers.1 doc/man/man1/openssl-cmds.1 doc/man/man1/openssl-cmp.1 doc/man/man1/openssl-cms.1 doc/man/man1/openssl-configutl.1 doc/man/man1/openssl-crl.1 doc/man/man1/openssl-crl2pkcs7.1 doc/man/man1/openssl-dgst.1 doc/man/man1/openssl-dhparam.1 doc/man/man1/openssl-dsa.1 doc/man/man1/openssl-dsaparam.1 doc/man/man1/openssl-ec.1 doc/man/man1/openssl-ecparam.1 doc/man/man1/openssl-enc.1 doc/man/man1/openssl-engine.1 doc/man/man1/openssl-errstr.1 doc/man/man1/openssl-fipsinstall.1 doc/man/man1/openssl-format-options.1 doc/man/man1/openssl-gendsa.1 doc/man/man1/openssl-genpkey.1 doc/man/man1/openssl-genrsa.1 doc/man/man1/openssl-info.1 doc/man/man1/openssl-kdf.1 doc/man/man1/openssl-list.1 doc/man/man1/openssl-mac.1 doc/man/man1/openssl-namedisplay-options.1 doc/man/man1/openssl-nseq.1 doc/man/man1/openssl-ocsp.1 doc/man/man1/openssl-passphrase-options.1 doc/man/man1/openssl-passwd.1 doc/man/man1/openssl-pkcs12.1 doc/man/man1/openssl-pkcs7.1 doc/man/man1/openssl-pkcs8.1 doc/man/man1/openssl-pkey.1 doc/man/man1/openssl-pkeyparam.1 doc/man/man1/openssl-pkeyutl.1 doc/man/man1/openssl-prime.1 doc/man/man1/openssl-rand.1 doc/man/man1/openssl-rehash.1 doc/man/man1/openssl-req.1 doc/man/man1/openssl-rsa.1 doc/man/man1/openssl-rsautl.1 doc/man/man1/openssl-s_client.1 doc/man/man1/openssl-s_server.1 doc/man/man1/openssl-s_time.1 doc/man/man1/openssl-sess_id.1 doc/man/man1/openssl-skeyutl.1 doc/man/man1/openssl-smime.1 doc/man/man1/openssl-speed.1 doc/man/man1/openssl-spkac.1 doc/man/man1/openssl-srp.1 doc/man/man1/openssl-storeutl.1 doc/man/man1/openssl-ts.1 doc/man/man1/openssl-verification-options.1 doc/man/man1/openssl-verify.1 doc/man/man1/openssl-version.1 doc/man/man1/openssl-x509.1 doc/man/man1/openssl.1 doc/man/man1/tsget.1
rm -f doc/man/man3/ADMISSIONS.3 doc/man/man3/ASN1_EXTERN_FUNCS.3 doc/man/man3/ASN1_INTEGER_get_int64.3 doc/man/man3/ASN1_INTEGER_new.3 doc/man/man3/ASN1_ITEM_lookup.3 doc/man/man3/ASN1_OBJECT_new.3 doc/man/man3/ASN1_STRING_TABLE_add.3 doc/man/man3/ASN1_STRING_length.3 doc/man/man3/ASN1_STRING_new.3 doc/man/man3/ASN1_STRING_print_ex.3 doc/man/man3/ASN1_TIME_set.3 doc/man/man3/ASN1_TYPE_get.3 doc/man/man3/ASN1_aux_cb.3 doc/man/man3/ASN1_generate_nconf.3 doc/man/man3/ASN1_item_d2i_bio.3 doc/man/man3/ASN1_item_new.3 doc/man/man3/ASN1_item_sign.3 doc/man/man3/ASYNC_WAIT_CTX_new.3 doc/man/man3/ASYNC_start_job.3 doc/man/man3/BF_encrypt.3 doc/man/man3/BIO_ADDR.3 doc/man/man3/BIO_ADDRINFO.3 doc/man/man3/BIO_connect.3 doc/man/man3/BIO_ctrl.3 doc/man/man3/BIO_f_base64.3 doc/man/man3/BIO_f_buffer.3 doc/man/man3/BIO_f_cipher.3 doc/man/man3/BIO_f_md.3 doc/man/man3/BIO_f_null.3 doc/man/man3/BIO_f_prefix.3 doc/man/man3/BIO_f_readbuffer.3 doc/man/man3/BIO_f_ssl.3 doc/man/man3/BIO_find_type.3 doc/man/man3/BIO_get_data.3 doc/man/man3/BIO_get_ex_new_index.3 doc/man/man3/BIO_get_rpoll_descriptor.3 doc/man/man3/BIO_meth_new.3 doc/man/man3/BIO_new.3 doc/man/man3/BIO_new_CMS.3 doc/man/man3/BIO_parse_hostserv.3 doc/man/man3/BIO_printf.3 doc/man/man3/BIO_push.3 doc/man/man3/BIO_read.3 doc/man/man3/BIO_s_accept.3 doc/man/man3/BIO_s_bio.3 doc/man/man3/BIO_s_connect.3 doc/man/man3/BIO_s_core.3 doc/man/man3/BIO_s_datagram.3 doc/man/man3/BIO_s_dgram_pair.3 doc/man/man3/BIO_s_fd.3 doc/man/man3/BIO_s_file.3 doc/man/man3/BIO_s_mem.3 doc/man/man3/BIO_s_null.3 doc/man/man3/BIO_s_socket.3 doc/man/man3/BIO_sendmmsg.3 doc/man/man3/BIO_set_callback.3 doc/man/man3/BIO_should_retry.3 doc/man/man3/BIO_socket_wait.3 doc/man/man3/BN_BLINDING_new.3 doc/man/man3/BN_CTX_new.3 doc/man/man3/BN_CTX_start.3 doc/man/man3/BN_add.3 doc/man/man3/BN_add_word.3 doc/man/man3/BN_bn2bin.3 doc/man/man3/BN_cmp.3 doc/man/man3/BN_copy.3 doc/man/man3/BN_generate_prime.3 doc/man/man3/BN_mod_exp_mont.3 doc/man/man3/BN_mod_inverse.3 doc/man/man3/BN_mod_mul_montgomery.3 doc/man/man3/BN_mod_mul_reciprocal.3 doc/man/man3/BN_new.3 doc/man/man3/BN_num_bytes.3 doc/man/man3/BN_rand.3 doc/man/man3/BN_security_bits.3 doc/man/man3/BN_set_bit.3 doc/man/man3/BN_swap.3 doc/man/man3/BN_zero.3 doc/man/man3/BUF_MEM_new.3 doc/man/man3/CMAC_CTX.3 doc/man/man3/CMS_EncryptedData_decrypt.3 doc/man/man3/CMS_EncryptedData_encrypt.3 doc/man/man3/CMS_EnvelopedData_create.3 doc/man/man3/CMS_add0_cert.3 doc/man/man3/CMS_add1_recipient_cert.3 doc/man/man3/CMS_add1_signer.3 doc/man/man3/CMS_compress.3 doc/man/man3/CMS_data_create.3 doc/man/man3/CMS_decrypt.3 doc/man/man3/CMS_digest_create.3 doc/man/man3/CMS_encrypt.3 doc/man/man3/CMS_final.3 doc/man/man3/CMS_get0_RecipientInfos.3 doc/man/man3/CMS_get0_SignerInfos.3 doc/man/man3/CMS_get0_type.3 doc/man/man3/CMS_get1_ReceiptRequest.3 doc/man/man3/CMS_sign.3 doc/man/man3/CMS_sign_receipt.3 doc/man/man3/CMS_signed_get_attr.3 doc/man/man3/CMS_uncompress.3 doc/man/man3/CMS_verify.3 doc/man/man3/CMS_verify_receipt.3 doc/man/man3/COMP_CTX_new.3 doc/man/man3/CONF_modules_free.3 doc/man/man3/CONF_modules_load_file.3 doc/man/man3/CRYPTO_THREAD_run_once.3 doc/man/man3/CRYPTO_get_ex_new_index.3 doc/man/man3/CRYPTO_memcmp.3 doc/man/man3/CTLOG_STORE_get0_log_by_id.3 doc/man/man3/CTLOG_STORE_new.3 doc/man/man3/CTLOG_new.3 doc/man/man3/CT_POLICY_EVAL_CTX_new.3 doc/man/man3/DEFINE_STACK_OF.3 doc/man/man3/DES_random_key.3 doc/man/man3/DH_generate_key.3 doc/man/man3/DH_generate_parameters.3 doc/man/man3/DH_get0_pqg.3 doc/man/man3/DH_get_1024_160.3 doc/man/man3/DH_meth_new.3 doc/man/man3/DH_new.3 doc/man/man3/DH_new_by_nid.3 doc/man/man3/DH_set_method.3 doc/man/man3/DH_size.3 doc/man/man3/DSA_SIG_new.3 doc/man/man3/DSA_do_sign.3 doc/man/man3/DSA_dup_DH.3 doc/man/man3/DSA_generate_key.3 doc/man/man3/DSA_generate_parameters.3 doc/man/man3/DSA_get0_pqg.3 doc/man/man3/DSA_meth_new.3 doc/man/man3/DSA_new.3 doc/man/man3/DSA_set_method.3 doc/man/man3/DSA_sign.3 doc/man/man3/DSA_size.3 doc/man/man3/DTLS_get_data_mtu.3 doc/man/man3/DTLS_set_timer_cb.3 doc/man/man3/DTLSv1_get_timeout.3 doc/man/man3/DTLSv1_handle_timeout.3 doc/man/man3/DTLSv1_listen.3 doc/man/man3/ECDSA_SIG_new.3 doc/man/man3/ECDSA_sign.3 doc/man/man3/ECPKParameters_print.3 doc/man/man3/EC_GFp_simple_method.3 doc/man/man3/EC_GROUP_copy.3 doc/man/man3/EC_GROUP_new.3 doc/man/man3/EC_KEY_get_enc_flags.3 doc/man/man3/EC_KEY_new.3 doc/man/man3/EC_POINT_add.3 doc/man/man3/EC_POINT_new.3 doc/man/man3/ENGINE_add.3 doc/man/man3/ERR_GET_LIB.3 doc/man/man3/ERR_clear_error.3 doc/man/man3/ERR_error_string.3 doc/man/man3/ERR_get_error.3 doc/man/man3/ERR_load_crypto_strings.3 doc/man/man3/ERR_load_strings.3 doc/man/man3/ERR_new.3 doc/man/man3/ERR_print_errors.3 doc/man/man3/ERR_put_error.3 doc/man/man3/ERR_remove_state.3 doc/man/man3/ERR_set_mark.3 doc/man/man3/EVP_ASYM_CIPHER_free.3 doc/man/man3/EVP_BytesToKey.3 doc/man/man3/EVP_CIPHER_CTX_get_cipher_data.3 doc/man/man3/EVP_CIPHER_CTX_get_original_iv.3 doc/man/man3/EVP_CIPHER_meth_new.3 doc/man/man3/EVP_DigestInit.3 doc/man/man3/EVP_DigestSignInit.3 doc/man/man3/EVP_DigestVerifyInit.3 doc/man/man3/EVP_EncodeInit.3 doc/man/man3/EVP_EncryptInit.3 doc/man/man3/EVP_KDF.3 doc/man/man3/EVP_KEM_free.3 doc/man/man3/EVP_KEYEXCH_free.3 doc/man/man3/EVP_KEYMGMT.3 doc/man/man3/EVP_MAC.3 doc/man/man3/EVP_MD_meth_new.3 doc/man/man3/EVP_OpenInit.3 doc/man/man3/EVP_PBE_CipherInit.3 doc/man/man3/EVP_PKEY2PKCS8.3 doc/man/man3/EVP_PKEY_ASN1_METHOD.3 doc/man/man3/EVP_PKEY_CTX_ctrl.3 doc/man/man3/EVP_PKEY_CTX_get0_libctx.3 doc/man/man3/EVP_PKEY_CTX_get0_pkey.3 doc/man/man3/EVP_PKEY_CTX_get_algor.3 doc/man/man3/EVP_PKEY_CTX_new.3 doc/man/man3/EVP_PKEY_CTX_set1_pbe_pass.3 doc/man/man3/EVP_PKEY_CTX_set_hkdf_md.3 doc/man/man3/EVP_PKEY_CTX_set_params.3 doc/man/man3/EVP_PKEY_CTX_set_rsa_pss_keygen_md.3 doc/man/man3/EVP_PKEY_CTX_set_scrypt_N.3 doc/man/man3/EVP_PKEY_CTX_set_tls1_prf_md.3 doc/man/man3/EVP_PKEY_asn1_get_count.3 doc/man/man3/EVP_PKEY_check.3 doc/man/man3/EVP_PKEY_copy_parameters.3 doc/man/man3/EVP_PKEY_decapsulate.3 doc/man/man3/EVP_PKEY_decrypt.3 doc/man/man3/EVP_PKEY_derive.3 doc/man/man3/EVP_PKEY_digestsign_supports_digest.3 doc/man/man3/EVP_PKEY_encapsulate.3 doc/man/man3/EVP_PKEY_encrypt.3 doc/man/man3/EVP_PKEY_fromdata.3 doc/man/man3/EVP_PKEY_get_attr.3 doc/man/man3/EVP_PKEY_get_default_digest_nid.3 doc/man/man3/EVP_PKEY_get_field_type.3 doc/man/man3/EVP_PKEY_get_group_name.3 doc/man/man3/EVP_PKEY_get_size.3 doc/man/man3/EVP_PKEY_gettable_params.3 doc/man/man3/EVP_PKEY_is_a.3 doc/man/man3/EVP_PKEY_keygen.3 doc/man/man3/EVP_PKEY_meth_get_count.3 doc/man/man3/EVP_PKEY_meth_new.3 doc/man/man3/EVP_PKEY_new.3 doc/man/man3/EVP_PKEY_print_private.3 doc/man/man3/EVP_PKEY_set1_RSA.3 doc/man/man3/EVP_PKEY_set1_encoded_public_key.3 doc/man/man3/EVP_PKEY_set_type.3 doc/man/man3/EVP_PKEY_settable_params.3 doc/man/man3/EVP_PKEY_sign.3 doc/man/man3/EVP_PKEY_todata.3 doc/man/man3/EVP_PKEY_verify.3 doc/man/man3/EVP_PKEY_verify_recover.3 doc/man/man3/EVP_RAND.3 doc/man/man3/EVP_SIGNATURE.3 doc/man/man3/EVP_SKEY.3 doc/man/man3/EVP_SKEYMGMT.3 doc/man/man3/EVP_SealInit.3 doc/man/man3/EVP_SignInit.3 doc/man/man3/EVP_VerifyInit.3 doc/man/man3/EVP_aes_128_gcm.3 doc/man/man3/EVP_aria_128_gcm.3 doc/man/man3/EVP_bf_cbc.3 doc/man/man3/EVP_blake2b512.3 doc/man/man3/EVP_camellia_128_ecb.3 doc/man/man3/EVP_cast5_cbc.3 doc/man/man3/EVP_chacha20.3 doc/man/man3/EVP_des_cbc.3 doc/man/man3/EVP_desx_cbc.3 doc/man/man3/EVP_idea_cbc.3 doc/man/man3/EVP_md2.3 doc/man/man3/EVP_md4.3 doc/man/man3/EVP_md5.3 doc/man/man3/EVP_mdc2.3 doc/man/man3/EVP_rc2_cbc.3 doc/man/man3/EVP_rc4.3 doc/man/man3/EVP_rc5_32_12_16_cbc.3 doc/man/man3/EVP_ripemd160.3 doc/man/man3/EVP_seed_cbc.3 doc/man/man3/EVP_set_default_properties.3 doc/man/man3/EVP_sha1.3 doc/man/man3/EVP_sha224.3 doc/man/man3/EVP_sha3_224.3 doc/man/man3/EVP_sm3.3 doc/man/man3/EVP_sm4_cbc.3 doc/man/man3/EVP_whirlpool.3 doc/man/man3/GENERAL_NAME.3 doc/man/man3/HMAC.3 doc/man/man3/MD5.3 doc/man/man3/MDC2_Init.3 doc/man/man3/NCONF_new_ex.3 doc/man/man3/OBJ_nid2obj.3 doc/man/man3/OCSP_REQUEST_new.3 doc/man/man3/OCSP_cert_to_id.3 doc/man/man3/OCSP_request_add1_nonce.3 doc/man/man3/OCSP_resp_find_status.3 doc/man/man3/OCSP_response_status.3 doc/man/man3/OCSP_sendreq_new.3 doc/man/man3/OPENSSL_Applink.3 doc/man/man3/OPENSSL_FILE.3 doc/man/man3/OPENSSL_LH_COMPFUNC.3 doc/man/man3/OPENSSL_LH_stats.3 doc/man/man3/OPENSSL_config.3 doc/man/man3/OPENSSL_fork_prepare.3 doc/man/man3/OPENSSL_gmtime.3 doc/man/man3/OPENSSL_hexchar2int.3 doc/man/man3/OPENSSL_ia32cap.3 doc/man/man3/OPENSSL_init_crypto.3 doc/man/man3/OPENSSL_init_ssl.3 doc/man/man3/OPENSSL_instrument_bus.3 doc/man/man3/OPENSSL_load_builtin_modules.3 doc/man/man3/OPENSSL_load_u16_le.3 doc/man/man3/OPENSSL_malloc.3 doc/man/man3/OPENSSL_riscvcap.3 doc/man/man3/OPENSSL_s390xcap.3 doc/man/man3/OPENSSL_secure_malloc.3 doc/man/man3/OPENSSL_strcasecmp.3 doc/man/man3/OSSL_ALGORITHM.3 doc/man/man3/OSSL_CALLBACK.3 doc/man/man3/OSSL_CMP_ATAV_set0.3 doc/man/man3/OSSL_CMP_CTX_new.3 doc/man/man3/OSSL_CMP_HDR_get0_transactionID.3 doc/man/man3/OSSL_CMP_ITAV_new_caCerts.3 doc/man/man3/OSSL_CMP_ITAV_set0.3 doc/man/man3/OSSL_CMP_MSG_get0_header.3 doc/man/man3/OSSL_CMP_MSG_http_perform.3 doc/man/man3/OSSL_CMP_SRV_CTX_new.3 doc/man/man3/OSSL_CMP_STATUSINFO_new.3 doc/man/man3/OSSL_CMP_exec_certreq.3 doc/man/man3/OSSL_CMP_log_open.3 doc/man/man3/OSSL_CMP_validate_msg.3 doc/man/man3/OSSL_CORE_MAKE_FUNC.3 doc/man/man3/OSSL_CRMF_MSG_get0_tmpl.3 doc/man/man3/OSSL_CRMF_MSG_set0_validity.3 doc/man/man3/OSSL_CRMF_MSG_set1_regCtrl_regToken.3 doc/man/man3/OSSL_CRMF_MSG_set1_regInfo_certReq.3 doc/man/man3/OSSL_CRMF_pbmp_new.3 doc/man/man3/OSSL_DECODER.3 doc/man/man3/OSSL_DECODER_CTX.3 doc/man/man3/OSSL_DECODER_CTX_new_for_pkey.3 doc/man/man3/OSSL_DECODER_from_bio.3 doc/man/man3/OSSL_DISPATCH.3 doc/man/man3/OSSL_ENCODER.3 doc/man/man3/OSSL_ENCODER_CTX.3 doc/man/man3/OSSL_ENCODER_CTX_new_for_pkey.3 doc/man/man3/OSSL_ENCODER_to_bio.3 doc/man/man3/OSSL_ERR_STATE_save.3 doc/man/man3/OSSL_ESS_check_signing_certs.3 doc/man/man3/OSSL_GENERAL_NAMES_print.3 doc/man/man3/OSSL_HPKE_CTX_new.3 doc/man/man3/OSSL_HTTP_REQ_CTX.3 doc/man/man3/OSSL_HTTP_parse_url.3 doc/man/man3/OSSL_HTTP_transfer.3 doc/man/man3/OSSL_IETF_ATTR_SYNTAX.3 doc/man/man3/OSSL_IETF_ATTR_SYNTAX_print.3 doc/man/man3/OSSL_INDICATOR_set_callback.3 doc/man/man3/OSSL_ITEM.3 doc/man/man3/OSSL_LIB_CTX.3 doc/man/man3/OSSL_LIB_CTX_set_conf_diagnostics.3 doc/man/man3/OSSL_PARAM.3 doc/man/man3/OSSL_PARAM_BLD.3 doc/man/man3/OSSL_PARAM_allocate_from_text.3 doc/man/man3/OSSL_PARAM_dup.3 doc/man/man3/OSSL_PARAM_int.3 doc/man/man3/OSSL_PARAM_print_to_bio.3 doc/man/man3/OSSL_PROVIDER.3 doc/man/man3/OSSL_QUIC_client_method.3 doc/man/man3/OSSL_SELF_TEST_new.3 doc/man/man3/OSSL_SELF_TEST_set_callback.3 doc/man/man3/OSSL_STORE_INFO.3 doc/man/man3/OSSL_STORE_LOADER.3 doc/man/man3/OSSL_STORE_SEARCH.3 doc/man/man3/OSSL_STORE_attach.3 doc/man/man3/OSSL_STORE_expect.3 doc/man/man3/OSSL_STORE_open.3 doc/man/man3/OSSL_sleep.3 doc/man/man3/OSSL_trace_enabled.3 doc/man/man3/OSSL_trace_get_category_num.3 doc/man/man3/OSSL_trace_set_channel.3 doc/man/man3/OpenSSL_add_all_algorithms.3 doc/man/man3/OpenSSL_version.3 doc/man/man3/PBMAC1_get1_pbkdf2_param.3 doc/man/man3/PEM_X509_INFO_read_bio_ex.3 doc/man/man3/PEM_bytes_read_bio.3 doc/man/man3/PEM_read.3 doc/man/man3/PEM_read_CMS.3 doc/man/man3/PEM_read_bio_PrivateKey.3 doc/man/man3/PEM_read_bio_ex.3 doc/man/man3/PEM_write_bio_CMS_stream.3 doc/man/man3/PEM_write_bio_PKCS7_stream.3 doc/man/man3/PKCS12_PBE_keyivgen.3 doc/man/man3/PKCS12_SAFEBAG_create_cert.3 doc/man/man3/PKCS12_SAFEBAG_get0_attrs.3 doc/man/man3/PKCS12_SAFEBAG_get1_cert.3 doc/man/man3/PKCS12_SAFEBAG_set0_attrs.3 doc/man/man3/PKCS12_add1_attr_by_NID.3 doc/man/man3/PKCS12_add_CSPName_asc.3 doc/man/man3/PKCS12_add_cert.3 doc/man/man3/PKCS12_add_friendlyname_asc.3 doc/man/man3/PKCS12_add_localkeyid.3 doc/man/man3/PKCS12_add_safe.3 doc/man/man3/PKCS12_create.3 doc/man/man3/PKCS12_decrypt_skey.3 doc/man/man3/PKCS12_gen_mac.3 doc/man/man3/PKCS12_get_friendlyname.3 doc/man/man3/PKCS12_init.3 doc/man/man3/PKCS12_item_decrypt_d2i.3 doc/man/man3/PKCS12_key_gen_utf8_ex.3 doc/man/man3/PKCS12_newpass.3 doc/man/man3/PKCS12_pack_p7encdata.3 doc/man/man3/PKCS12_parse.3 doc/man/man3/PKCS5_PBE_keyivgen.3 doc/man/man3/PKCS5_PBKDF2_HMAC.3 doc/man/man3/PKCS7_decrypt.3 doc/man/man3/PKCS7_encrypt.3 doc/man/man3/PKCS7_get_octet_string.3 doc/man/man3/PKCS7_sign.3 doc/man/man3/PKCS7_sign_add_signer.3 doc/man/man3/PKCS7_type_is_other.3 doc/man/man3/PKCS7_verify.3 doc/man/man3/PKCS8_encrypt.3 doc/man/man3/PKCS8_pkey_add1_attr.3 doc/man/man3/RAND_add.3 doc/man/man3/RAND_bytes.3 doc/man/man3/RAND_cleanup.3 doc/man/man3/RAND_egd.3 doc/man/man3/RAND_get0_primary.3 doc/man/man3/RAND_load_file.3 doc/man/man3/RAND_set_DRBG_type.3 doc/man/man3/RAND_set_rand_method.3 doc/man/man3/RC4_set_key.3 doc/man/man3/RIPEMD160_Init.3 doc/man/man3/RSA_blinding_on.3 doc/man/man3/RSA_check_key.3 doc/man/man3/RSA_generate_key.3 doc/man/man3/RSA_get0_key.3 doc/man/man3/RSA_meth_new.3 doc/man/man3/RSA_new.3 doc/man/man3/RSA_padding_add_PKCS1_type_1.3 doc/man/man3/RSA_print.3 doc/man/man3/RSA_private_encrypt.3 doc/man/man3/RSA_public_encrypt.3 doc/man/man3/RSA_set_method.3 doc/man/man3/RSA_sign.3 doc/man/man3/RSA_sign_ASN1_OCTET_STRING.3 doc/man/man3/RSA_size.3 doc/man/man3/SCT_new.3 doc/man/man3/SCT_print.3 doc/man/man3/SCT_validate.3 doc/man/man3/SHA256_Init.3 doc/man/man3/SMIME_read_ASN1.3 doc/man/man3/SMIME_read_CMS.3 doc/man/man3/SMIME_read_PKCS7.3 doc/man/man3/SMIME_write_ASN1.3 doc/man/man3/SMIME_write_CMS.3 doc/man/man3/SMIME_write_PKCS7.3 doc/man/man3/SRP_Calc_B.3 doc/man/man3/SRP_VBASE_new.3 doc/man/man3/SRP_create_verifier.3 doc/man/man3/SRP_user_pwd_new.3 doc/man/man3/SSL_CIPHER_get_name.3 doc/man/man3/SSL_COMP_add_compression_method.3 doc/man/man3/SSL_CONF_CTX_new.3 doc/man/man3/SSL_CONF_CTX_set1_prefix.3 doc/man/man3/SSL_CONF_CTX_set_flags.3 doc/man/man3/SSL_CONF_CTX_set_ssl_ctx.3 doc/man/man3/SSL_CONF_cmd.3 doc/man/man3/SSL_CONF_cmd_argv.3 doc/man/man3/SSL_CTX_add1_chain_cert.3 doc/man/man3/SSL_CTX_add_extra_chain_cert.3 doc/man/man3/SSL_CTX_add_session.3 doc/man/man3/SSL_CTX_config.3 doc/man/man3/SSL_CTX_ctrl.3 doc/man/man3/SSL_CTX_dane_enable.3 doc/man/man3/SSL_CTX_flush_sessions.3 doc/man/man3/SSL_CTX_free.3 doc/man/man3/SSL_CTX_get0_param.3 doc/man/man3/SSL_CTX_get_verify_mode.3 doc/man/man3/SSL_CTX_has_client_custom_ext.3 doc/man/man3/SSL_CTX_load_verify_locations.3 doc/man/man3/SSL_CTX_new.3 doc/man/man3/SSL_CTX_sess_number.3 doc/man/man3/SSL_CTX_sess_set_cache_size.3 doc/man/man3/SSL_CTX_sess_set_get_cb.3 doc/man/man3/SSL_CTX_sessions.3 doc/man/man3/SSL_CTX_set0_CA_list.3 doc/man/man3/SSL_CTX_set1_cert_comp_preference.3 doc/man/man3/SSL_CTX_set1_curves.3 doc/man/man3/SSL_CTX_set1_sigalgs.3 doc/man/man3/SSL_CTX_set1_verify_cert_store.3 doc/man/man3/SSL_CTX_set_alpn_select_cb.3 doc/man/man3/SSL_CTX_set_cert_cb.3 doc/man/man3/SSL_CTX_set_cert_store.3 doc/man/man3/SSL_CTX_set_cert_verify_callback.3 doc/man/man3/SSL_CTX_set_cipher_list.3 doc/man/man3/SSL_CTX_set_client_cert_cb.3 doc/man/man3/SSL_CTX_set_client_hello_cb.3 doc/man/man3/SSL_CTX_set_ct_validation_callback.3 doc/man/man3/SSL_CTX_set_ctlog_list_file.3 doc/man/man3/SSL_CTX_set_default_passwd_cb.3 doc/man/man3/SSL_CTX_set_domain_flags.3 doc/man/man3/SSL_CTX_set_generate_session_id.3 doc/man/man3/SSL_CTX_set_info_callback.3 doc/man/man3/SSL_CTX_set_keylog_callback.3 doc/man/man3/SSL_CTX_set_max_cert_list.3 doc/man/man3/SSL_CTX_set_min_proto_version.3 doc/man/man3/SSL_CTX_set_mode.3 doc/man/man3/SSL_CTX_set_msg_callback.3 doc/man/man3/SSL_CTX_set_new_pending_conn_cb.3 doc/man/man3/SSL_CTX_set_num_tickets.3 doc/man/man3/SSL_CTX_set_options.3 doc/man/man3/SSL_CTX_set_psk_client_callback.3 doc/man/man3/SSL_CTX_set_quiet_shutdown.3 doc/man/man3/SSL_CTX_set_read_ahead.3 doc/man/man3/SSL_CTX_set_record_padding_callback.3 doc/man/man3/SSL_CTX_set_security_level.3 doc/man/man3/SSL_CTX_set_session_cache_mode.3 doc/man/man3/SSL_CTX_set_session_id_context.3 doc/man/man3/SSL_CTX_set_session_ticket_cb.3 doc/man/man3/SSL_CTX_set_split_send_fragment.3 doc/man/man3/SSL_CTX_set_srp_password.3 doc/man/man3/SSL_CTX_set_ssl_version.3 doc/man/man3/SSL_CTX_set_stateless_cookie_generate_cb.3 doc/man/man3/SSL_CTX_set_timeout.3 doc/man/man3/SSL_CTX_set_tlsext_servername_callback.3 doc/man/man3/SSL_CTX_set_tlsext_status_cb.3 doc/man/man3/SSL_CTX_set_tlsext_ticket_key_cb.3 doc/man/man3/SSL_CTX_set_tlsext_use_srtp.3 doc/man/man3/SSL_CTX_set_tmp_dh_callback.3 doc/man/man3/SSL_CTX_set_tmp_ecdh.3 doc/man/man3/SSL_CTX_set_verify.3 doc/man/man3/SSL_CTX_use_certificate.3 doc/man/man3/SSL_CTX_use_psk_identity_hint.3 doc/man/man3/SSL_CTX_use_serverinfo.3 doc/man/man3/SSL_SESSION_free.3 doc/man/man3/SSL_SESSION_get0_cipher.3 doc/man/man3/SSL_SESSION_get0_hostname.3 doc/man/man3/SSL_SESSION_get0_id_context.3 doc/man/man3/SSL_SESSION_get0_peer.3 doc/man/man3/SSL_SESSION_get_compress_id.3 doc/man/man3/SSL_SESSION_get_protocol_version.3 doc/man/man3/SSL_SESSION_get_time.3 doc/man/man3/SSL_SESSION_has_ticket.3 doc/man/man3/SSL_SESSION_is_resumable.3 doc/man/man3/SSL_SESSION_print.3 doc/man/man3/SSL_SESSION_set1_id.3 doc/man/man3/SSL_accept.3 doc/man/man3/SSL_accept_stream.3 doc/man/man3/SSL_alert_type_string.3 doc/man/man3/SSL_alloc_buffers.3 doc/man/man3/SSL_check_chain.3 doc/man/man3/SSL_clear.3 doc/man/man3/SSL_connect.3 doc/man/man3/SSL_do_handshake.3 doc/man/man3/SSL_export_keying_material.3 doc/man/man3/SSL_extension_supported.3 doc/man/man3/SSL_free.3 doc/man/man3/SSL_get0_connection.3 doc/man/man3/SSL_get0_group_name.3 doc/man/man3/SSL_get0_peer_rpk.3 doc/man/man3/SSL_get0_peer_scts.3 doc/man/man3/SSL_get1_builtin_sigalgs.3 doc/man/man3/SSL_get_SSL_CTX.3 doc/man/man3/SSL_get_all_async_fds.3 doc/man/man3/SSL_get_certificate.3 doc/man/man3/SSL_get_ciphers.3 doc/man/man3/SSL_get_client_random.3 doc/man/man3/SSL_get_conn_close_info.3 doc/man/man3/SSL_get_current_cipher.3 doc/man/man3/SSL_get_default_timeout.3 doc/man/man3/SSL_get_error.3 doc/man/man3/SSL_get_event_timeout.3 doc/man/man3/SSL_get_extms_support.3 doc/man/man3/SSL_get_fd.3 doc/man/man3/SSL_get_handshake_rtt.3 doc/man/man3/SSL_get_peer_cert_chain.3 doc/man/man3/SSL_get_peer_certificate.3 doc/man/man3/SSL_get_peer_signature_nid.3 doc/man/man3/SSL_get_peer_tmp_key.3 doc/man/man3/SSL_get_psk_identity.3 doc/man/man3/SSL_get_rbio.3 doc/man/man3/SSL_get_rpoll_descriptor.3 doc/man/man3/SSL_get_session.3 doc/man/man3/SSL_get_shared_sigalgs.3 doc/man/man3/SSL_get_stream_id.3 doc/man/man3/SSL_get_stream_read_state.3 doc/man/man3/SSL_get_value_uint.3 doc/man/man3/SSL_get_verify_result.3 doc/man/man3/SSL_get_version.3 doc/man/man3/SSL_group_to_name.3 doc/man/man3/SSL_handle_events.3 doc/man/man3/SSL_in_init.3 doc/man/man3/SSL_inject_net_dgram.3 doc/man/man3/SSL_key_update.3 doc/man/man3/SSL_library_init.3 doc/man/man3/SSL_load_client_CA_file.3 doc/man/man3/SSL_new.3 doc/man/man3/SSL_new_domain.3 doc/man/man3/SSL_new_listener.3 doc/man/man3/SSL_new_stream.3 doc/man/man3/SSL_pending.3 doc/man/man3/SSL_poll.3 doc/man/man3/SSL_read.3 doc/man/man3/SSL_read_early_data.3 doc/man/man3/SSL_rstate_string.3 doc/man/man3/SSL_session_reused.3 doc/man/man3/SSL_set1_host.3 doc/man/man3/SSL_set1_initial_peer_addr.3 doc/man/man3/SSL_set1_server_cert_type.3 doc/man/man3/SSL_set_async_callback.3 doc/man/man3/SSL_set_bio.3 doc/man/man3/SSL_set_blocking_mode.3 doc/man/man3/SSL_set_connect_state.3 doc/man/man3/SSL_set_default_stream_mode.3 doc/man/man3/SSL_set_fd.3 doc/man/man3/SSL_set_incoming_stream_policy.3 doc/man/man3/SSL_set_quic_tls_cbs.3 doc/man/man3/SSL_set_retry_verify.3 doc/man/man3/SSL_set_session.3 doc/man/man3/SSL_set_session_secret_cb.3 doc/man/man3/SSL_set_shutdown.3 doc/man/man3/SSL_set_verify_result.3 doc/man/man3/SSL_shutdown.3 doc/man/man3/SSL_state_string.3 doc/man/man3/SSL_stream_conclude.3 doc/man/man3/SSL_stream_reset.3 doc/man/man3/SSL_want.3 doc/man/man3/SSL_write.3 doc/man/man3/TS_RESP_CTX_new.3 doc/man/man3/TS_VERIFY_CTX.3 doc/man/man3/UI_STRING.3 doc/man/man3/UI_UTIL_read_pw.3 doc/man/man3/UI_create_method.3 doc/man/man3/UI_new.3 doc/man/man3/X509V3_get_d2i.3 doc/man/man3/X509V3_set_ctx.3 doc/man/man3/X509_ACERT_add1_attr.3 doc/man/man3/X509_ACERT_add_attr_nconf.3 doc/man/man3/X509_ACERT_get0_holder_baseCertId.3 doc/man/man3/X509_ACERT_get_attr.3 doc/man/man3/X509_ACERT_print_ex.3 doc/man/man3/X509_ALGOR_dup.3 doc/man/man3/X509_ATTRIBUTE.3 doc/man/man3/X509_CRL_get0_by_serial.3 doc/man/man3/X509_EXTENSION_set_object.3 doc/man/man3/X509_LOOKUP.3 doc/man/man3/X509_LOOKUP_hash_dir.3 doc/man/man3/X509_LOOKUP_meth_new.3 doc/man/man3/X509_NAME_ENTRY_get_object.3 doc/man/man3/X509_NAME_add_entry_by_txt.3 doc/man/man3/X509_NAME_get0_der.3 doc/man/man3/X509_NAME_get_index_by_NID.3 doc/man/man3/X509_NAME_print_ex.3 doc/man/man3/X509_PUBKEY_new.3 doc/man/man3/X509_REQ_get_attr.3 doc/man/man3/X509_REQ_get_extensions.3 doc/man/man3/X509_SIG_get0.3 doc/man/man3/X509_STORE_CTX_get_by_subject.3 doc/man/man3/X509_STORE_CTX_get_error.3 doc/man/man3/X509_STORE_CTX_new.3 doc/man/man3/X509_STORE_CTX_set_verify_cb.3 doc/man/man3/X509_STORE_add_cert.3 doc/man/man3/X509_STORE_get0_param.3 doc/man/man3/X509_STORE_new.3 doc/man/man3/X509_STORE_set_verify_cb_func.3 doc/man/man3/X509_VERIFY_PARAM_set_flags.3 doc/man/man3/X509_add_cert.3 doc/man/man3/X509_check_ca.3 doc/man/man3/X509_check_host.3 doc/man/man3/X509_check_issued.3 doc/man/man3/X509_check_private_key.3 doc/man/man3/X509_check_purpose.3 doc/man/man3/X509_cmp.3 doc/man/man3/X509_cmp_time.3 doc/man/man3/X509_digest.3 doc/man/man3/X509_dup.3 doc/man/man3/X509_get0_distinguishing_id.3 doc/man/man3/X509_get0_notBefore.3 doc/man/man3/X509_get0_signature.3 doc/man/man3/X509_get0_uids.3 doc/man/man3/X509_get_default_cert_file.3 doc/man/man3/X509_get_extension_flags.3 doc/man/man3/X509_get_pubkey.3 doc/man/man3/X509_get_serialNumber.3 doc/man/man3/X509_get_subject_name.3 doc/man/man3/X509_get_version.3 doc/man/man3/X509_load_http.3 doc/man/man3/X509_new.3 doc/man/man3/X509_sign.3 doc/man/man3/X509_verify.3 doc/man/man3/X509_verify_cert.3 doc/man/man3/X509v3_get_ext_by_NID.3 doc/man/man3/b2i_PVK_bio_ex.3 doc/man/man3/d2i_PKCS8PrivateKey_bio.3 doc/man/man3/d2i_PrivateKey.3 doc/man/man3/d2i_RSAPrivateKey.3 doc/man/man3/d2i_SSL_SESSION.3 doc/man/man3/d2i_X509.3 doc/man/man3/i2d_CMS_bio_stream.3 doc/man/man3/i2d_PKCS7_bio_stream.3 doc/man/man3/i2d_re_X509_tbs.3 doc/man/man3/o2i_SCT_LIST.3 doc/man/man3/s2i_ASN1_IA5STRING.3
rm -f doc/man/man5/config.5 doc/man/man5/fips_config.5 doc/man/man5/x509v3_config.5
rm -f doc/man/man7/EVP_ASYM_CIPHER-RSA.7 doc/man/man7/EVP_ASYM_CIPHER-SM2.7 doc/man/man7/EVP_CIPHER-AES.7 doc/man/man7/EVP_CIPHER-ARIA.7 doc/man/man7/EVP_CIPHER-BLOWFISH.7 doc/man/man7/EVP_CIPHER-CAMELLIA.7 doc/man/man7/EVP_CIPHER-CAST.7 doc/man/man7/EVP_CIPHER-CHACHA.7 doc/man/man7/EVP_CIPHER-DES.7 doc/man/man7/EVP_CIPHER-IDEA.7 doc/man/man7/EVP_CIPHER-NULL.7 doc/man/man7/EVP_CIPHER-RC2.7 doc/man/man7/EVP_CIPHER-RC4.7 doc/man/man7/EVP_CIPHER-RC5.7 doc/man/man7/EVP_CIPHER-SEED.7 doc/man/man7/EVP_CIPHER-SM4.7 doc/man/man7/EVP_KDF-ARGON2.7 doc/man/man7/EVP_KDF-HKDF.7 doc/man/man7/EVP_KDF-HMAC-DRBG.7 doc/man/man7/EVP_KDF-KB.7 doc/man/man7/EVP_KDF-KRB5KDF.7 doc/man/man7/EVP_KDF-PBKDF1.7 doc/man/man7/EVP_KDF-PBKDF2.7 doc/man/man7/EVP_KDF-PKCS12KDF.7 doc/man/man7/EVP_KDF-PVKKDF.7 doc/man/man7/EVP_KDF-SCRYPT.7 doc/man/man7/EVP_KDF-SS.7 doc/man/man7/EVP_KDF-SSHKDF.7 doc/man/man7/EVP_KDF-TLS13_KDF.7 doc/man/man7/EVP_KDF-TLS1_PRF.7 doc/man/man7/EVP_KDF-X942-ASN1.7 doc/man/man7/EVP_KDF-X942-CONCAT.7 doc/man/man7/EVP_KDF-X963.7 doc/man/man7/EVP_KEM-EC.7 doc/man/man7/EVP_KEM-ML-KEM.7 doc/man/man7/EVP_KEM-RSA.7 doc/man/man7/EVP_KEM-X25519.7 doc/man/man7/EVP_KEYEXCH-DH.7 doc/man/man7/EVP_KEYEXCH-ECDH.7 doc/man/man7/EVP_KEYEXCH-X25519.7 doc/man/man7/EVP_MAC-BLAKE2.7 doc/man/man7/EVP_MAC-CMAC.7 doc/man/man7/EVP_MAC-GMAC.7 doc/man/man7/EVP_MAC-HMAC.7 doc/man/man7/EVP_MAC-KMAC.7 doc/man/man7/EVP_MAC-Poly1305.7 doc/man/man7/EVP_MAC-Siphash.7 doc/man/man7/EVP_MD-BLAKE2.7 doc/man/man7/EVP_MD-KECCAK.7 doc/man/man7/EVP_MD-MD2.7 doc/man/man7/EVP_MD-MD4.7 doc/man/man7/EVP_MD-MD5-SHA1.7 doc/man/man7/EVP_MD-MD5.7 doc/man/man7/EVP_MD-MDC2.7 doc/man/man7/EVP_MD-NULL.7 doc/man/man7/EVP_MD-RIPEMD160.7 doc/man/man7/EVP_MD-SHA1.7 doc/man/man7/EVP_MD-SHA2.7 doc/man/man7/EVP_MD-SHA3.7 doc/man/man7/EVP_MD-SHAKE.7 doc/man/man7/EVP_MD-SM3.7 doc/man/man7/EVP_MD-WHIRLPOOL.7 doc/man/man7/EVP_MD-common.7 doc/man/man7/EVP_PKEY-DH.7 doc/man/man7/EVP_PKEY-DSA.7 doc/man/man7/EVP_PKEY-EC.7 doc/man/man7/EVP_PKEY-FFC.7 doc/man/man7/EVP_PKEY-HMAC.7 doc/man/man7/EVP_PKEY-ML-DSA.7 doc/man/man7/EVP_PKEY-ML-KEM.7 doc/man/man7/EVP_PKEY-RSA.7 doc/man/man7/EVP_PKEY-SLH-DSA.7 doc/man/man7/EVP_PKEY-SM2.7 doc/man/man7/EVP_PKEY-X25519.7 doc/man/man7/EVP_RAND-CRNG-TEST.7 doc/man/man7/EVP_RAND-CTR-DRBG.7 doc/man/man7/EVP_RAND-HASH-DRBG.7 doc/man/man7/EVP_RAND-HMAC-DRBG.7 doc/man/man7/EVP_RAND-JITTER.7 doc/man/man7/EVP_RAND-SEED-SRC.7 doc/man/man7/EVP_RAND-TEST-RAND.7 doc/man/man7/EVP_RAND.7 doc/man/man7/EVP_SIGNATURE-DSA.7 doc/man/man7/EVP_SIGNATURE-ECDSA.7 doc/man/man7/EVP_SIGNATURE-ED25519.7 doc/man/man7/EVP_SIGNATURE-HMAC.7 doc/man/man7/EVP_SIGNATURE-ML-DSA.7 doc/man/man7/EVP_SIGNATURE-RSA.7 doc/man/man7/EVP_SIGNATURE-SLH-DSA.7 doc/man/man7/OSSL_PROVIDER-FIPS.7 doc/man/man7/OSSL_PROVIDER-base.7 doc/man/man7/OSSL_PROVIDER-default.7 doc/man/man7/OSSL_PROVIDER-legacy.7 doc/man/man7/OSSL_PROVIDER-null.7 doc/man/man7/OSSL_STORE-winstore.7 doc/man/man7/RAND.7 doc/man/man7/RSA-PSS.7 doc/man/man7/X25519.7 doc/man/man7/bio.7 doc/man/man7/ct.7 doc/man/man7/des_modes.7 doc/man/man7/evp.7 doc/man/man7/fips_module.7 doc/man/man7/life_cycle-cipher.7 doc/man/man7/life_cycle-digest.7 doc/man/man7/life_cycle-kdf.7 doc/man/man7/life_cycle-mac.7 doc/man/man7/life_cycle-pkey.7 doc/man/man7/life_cycle-rand.7 doc/man/man7/openssl-core.h.7 doc/man/man7/openssl-core_dispatch.h.7 doc/man/man7/openssl-core_names.h.7 doc/man/man7/openssl-env.7 doc/man/man7/openssl-glossary.7 doc/man/man7/openssl-qlog.7 doc/man/man7/openssl-quic-concurrency.7 doc/man/man7/openssl-quic.7 doc/man/man7/openssl-threads.7 doc/man/man7/openssl_user_macros.7 doc/man/man7/ossl-guide-introduction.7 doc/man/man7/ossl-guide-libcrypto-introduction.7 doc/man/man7/ossl-guide-libraries-introduction.7 doc/man/man7/ossl-guide-libssl-introduction.7 doc/man/man7/ossl-guide-migration.7 doc/man/man7/ossl-guide-quic-client-block.7 doc/man/man7/ossl-guide-quic-client-non-block.7 doc/man/man7/ossl-guide-quic-introduction.7 doc/man/man7/ossl-guide-quic-multi-stream.7 doc/man/man7/ossl-guide-quic-server-block.7 doc/man/man7/ossl-guide-quic-server-non-block.7 doc/man/man7/ossl-guide-tls-client-block.7 doc/man/man7/ossl-guide-tls-client-non-block.7 doc/man/man7/ossl-guide-tls-introduction.7 doc/man/man7/ossl-guide-tls-server-block.7 doc/man/man7/ossl_store-file.7 doc/man/man7/ossl_store.7 doc/man/man7/passphrase-encoding.7 doc/man/man7/property.7 doc/man/man7/provider-asym_cipher.7 doc/man/man7/provider-base.7 doc/man/man7/provider-cipher.7 doc/man/man7/provider-decoder.7 doc/man/man7/provider-digest.7 doc/man/man7/provider-encoder.7 doc/man/man7/provider-kdf.7 doc/man/man7/provider-kem.7 doc/man/man7/provider-keyexch.7 doc/man/man7/provider-keymgmt.7 doc/man/man7/provider-mac.7 doc/man/man7/provider-object.7 doc/man/man7/provider-rand.7 doc/man/man7/provider-signature.7 doc/man/man7/provider-skeymgmt.7 doc/man/man7/provider-storemgmt.7 doc/man/man7/provider.7 doc/man/man7/proxy-certificates.7 doc/man/man7/x509.7
rm -f apps/openssl fuzz/acert-test fuzz/asn1-test fuzz/asn1parse-test fuzz/bignum-test fuzz/bndiv-test fuzz/client-test fuzz/cmp-test fuzz/cms-test fuzz/conf-test fuzz/crl-test fuzz/ct-test fuzz/decoder-test fuzz/dtlsclient-test fuzz/dtlsserver-test fuzz/hashtable-test fuzz/ml-dsa-test fuzz/ml-kem-test fuzz/pem-test fuzz/provider-test fuzz/punycode-test fuzz/quic-client-test fuzz/quic-lcidm-test fuzz/quic-rcidm-test fuzz/quic-server-test fuzz/quic-srtm-test fuzz/server-test fuzz/slh-dsa-test fuzz/smime-test fuzz/v3name-test fuzz/x509-test test/aborttest test/aesgcmtest test/afalgtest test/algorithmid_test test/asn1_decode_test test/asn1_dsa_internal_test test/asn1_encode_test test/asn1_internal_test test/asn1_stable_parse_test test/asn1_string_table_test test/asn1_time_test test/asynciotest test/asynctest test/bad_dtls_test test/bftest test/bio_addr_test test/bio_base64_test test/bio_callback_test test/bio_core_test test/bio_dgram_test test/bio_enc_test test/bio_memleak_test test/bio_meth_test test/bio_prefix_text test/bio_pw_callback_test test/bio_readbuffer_test test/bio_tfo_test test/bioprinttest test/bn_internal_test test/bntest test/build_wincrypt_test test/buildtest_c_aes test/buildtest_c_async test/buildtest_c_blowfish test/buildtest_c_bn test/buildtest_c_buffer test/buildtest_c_byteorder test/buildtest_c_camellia test/buildtest_c_cast test/buildtest_c_cmac test/buildtest_c_cmp_util test/buildtest_c_conf_api test/buildtest_c_configuration test/buildtest_c_conftypes test/buildtest_c_core test/buildtest_c_core_dispatch test/buildtest_c_core_object test/buildtest_c_cryptoerr_legacy test/buildtest_c_decoder test/buildtest_c_des test/buildtest_c_dh test/buildtest_c_dsa test/buildtest_c_dtls1 test/buildtest_c_e_os2 test/buildtest_c_e_ostime test/buildtest_c_ebcdic test/buildtest_c_ec test/buildtest_c_ecdh test/buildtest_c_ecdsa test/buildtest_c_encoder test/buildtest_c_engine test/buildtest_c_evp test/buildtest_c_fips_names test/buildtest_c_hmac test/buildtest_c_hpke test/buildtest_c_http test/buildtest_c_idea test/buildtest_c_indicator test/buildtest_c_kdf test/buildtest_c_macros test/buildtest_c_md4 test/buildtest_c_md5 test/buildtest_c_mdc2 test/buildtest_c_ml_kem test/buildtest_c_modes test/buildtest_c_obj_mac test/buildtest_c_objects test/buildtest_c_ossl_typ test/buildtest_c_param_build test/buildtest_c_params test/buildtest_c_pem test/buildtest_c_pem2 test/buildtest_c_prov_ssl test/buildtest_c_provider test/buildtest_c_quic test/buildtest_c_rand test/buildtest_c_rc2 test/buildtest_c_rc4 test/buildtest_c_ripemd test/buildtest_c_rsa test/buildtest_c_seed test/buildtest_c_self_test test/buildtest_c_sha test/buildtest_c_srtp test/buildtest_c_ssl2 test/buildtest_c_sslerr_legacy test/buildtest_c_stack test/buildtest_c_store test/buildtest_c_symhacks test/buildtest_c_thread test/buildtest_c_tls1 test/buildtest_c_ts test/buildtest_c_txt_db test/buildtest_c_types test/buildtest_c_whrlpool test/byteorder_test test/ca_internals_test test/casttest test/chacha_internal_test test/cipher_overhead_test test/cipherbytes_test test/cipherlist_test test/ciphername_test test/clienthellotest test/cmactest test/cmp_asn_test test/cmp_client_test test/cmp_ctx_test test/cmp_hdr_test test/cmp_msg_test test/cmp_protect_test test/cmp_server_test test/cmp_status_test test/cmp_vfy_test test/cmsapitest test/conf_include_test test/confdump test/constant_time_test test/context_internal_test test/crltest test/ct_test test/ctype_internal_test test/curve448_internal_test test/d2i_test test/danetest test/decoder_propq_test test/defltfips_test test/destest test/dhtest test/drbgtest test/dsa_no_digest_size_test test/dsatest test/dtls_mtu_test test/dtlstest test/dtlsv1listentest test/ec_internal_test test/ecdsatest test/ecstresstest test/ectest test/endecode_test test/endecoder_legacy_test test/enginetest test/errtest test/evp_byname_test test/evp_extra_test test/evp_extra_test2 test/evp_fetch_prov_test test/evp_kdf_test test/evp_libctx_test test/evp_pkey_ctx_new_from_name test/evp_pkey_dhkem_test test/evp_pkey_dparams_test test/evp_pkey_provided_test test/evp_skey_test test/evp_test test/evp_xof_test test/exdatatest test/exptest test/ext_internal_test test/fatalerrtest test/ffc_internal_test test/fips_version_test test/gmdifftest test/hexstr_test test/hmactest test/hpke_test test/http_test test/ideatest test/igetest test/json_test test/keymgmt_internal_test test/lhash_test test/list_test test/localetest test/mdc2_internal_test test/mdc2test test/membio_test test/memleaktest test/ml_dsa_test test/ml_kem_evp_extra_test test/ml_kem_internal_test test/modes_internal_test test/moduleloadtest test/namemap_internal_test test/nodefltctxtest test/ocspapitest test/ossl_store_test test/packettest test/pairwise_fail_test test/param_build_test test/params_api_test test/params_conversion_test test/params_test test/pbelutest test/pbetest test/pem_read_depr_test test/pemtest test/pkcs12_api_test test/pkcs12_format_test test/pkcs7_test test/pkey_meth_kdf_test test/pkey_meth_test test/poly1305_internal_test test/priority_queue_test test/property_test test/prov_config_test test/provfetchtest test/provider_default_search_path_test test/provider_fallback_test test/provider_internal_test test/provider_pkey_test test/provider_status_test test/provider_test test/punycode_test test/quic_ackm_test test/quic_cc_test test/quic_cfq_test test/quic_client_test test/quic_fc_test test/quic_fifd_test test/quic_lcidm_test test/quic_multistream_test test/quic_newcid_test test/quic_qlog_test test/quic_radix_test test/quic_rcidm_test test/quic_record_test test/quic_srt_gen_test test/quic_srtm_test test/quic_stream_test test/quic_tserver_test test/quic_txp_test test/quic_txpim_test test/quic_wire_test test/quicapitest test/quicfaultstest test/rand_status_test test/rand_test test/rc2test test/rc4test test/rc5test test/rdcpu_sanitytest test/recordlentest test/rpktest test/rsa_complex test/rsa_mp_test test/rsa_sp800_56b_test test/rsa_test test/rsa_x931_test test/safe_math_test test/sanitytest test/secmemtest test/servername_test test/sha_test test/shlibloadtest test/siphash_internal_test test/slh_dsa_test test/sm2_internal_test test/sm3_internal_test test/sm4_internal_test test/sparse_array_test test/srptest test/ssl_cert_table_internal_test test/ssl_ctx_test test/ssl_handshake_rtt_test test/ssl_old_test test/ssl_test test/ssl_test_ctx_test test/sslapitest test/sslbuffertest test/sslcorrupttest test/stack_test test/strtoultest test/sysdefaulttest test/test_base64_simdutf test/test_test test/threadpool_test test/threadstest test/threadstest_fips test/time_offset_test test/time_test test/timing_load_creds test/tls13ccstest test/tls13encryptiontest test/tls13groupselection_test test/tls13secretstest test/trace_api_test test/uitest test/upcallstest test/user_property_test test/v3ext test/v3nametest test/verify_extra_test test/versions test/wpackettest test/x509_acert_test test/x509_check_cert_pkey_test test/x509_dup_cert_test test/x509_internal_test test/x509_load_cert_file_test test/x509_req_test test/x509_test test/x509_time_test test/x509aux  engines/afalg.so engines/capi.so engines/dasync.so engines/loader_attic.so engines/ossltest.so engines/padlock.so providers/legacy.so test/p_minimal.so test/p_test.so  apps/CA.pl apps/tsget.pl tools/c_rehash util/shlib_wrap.sh util/wrap.pl
rm -f OpenSSLConfigVersion.cmake exporters/OpenSSLConfigVersion.cmake exporters/openssl.pc include/crypto/bn_conf.h include/crypto/dso_conf.h include/internal/param_names.h include/openssl/asn1.h include/openssl/asn1t.h include/openssl/bio.h include/openssl/cmp.h include/openssl/cms.h include/openssl/comp.h include/openssl/conf.h include/openssl/core_names.h include/openssl/crmf.h include/openssl/crypto.h include/openssl/ct.h include/openssl/err.h include/openssl/ess.h include/openssl/fipskey.h include/openssl/lhash.h include/openssl/ocsp.h include/openssl/opensslv.h include/openssl/pkcs12.h include/openssl/pkcs7.h include/openssl/safestack.h include/openssl/srp.h include/openssl/ssl.h include/openssl/ui.h include/openssl/x509.h include/openssl/x509_acert.h include/openssl/x509_vfy.h include/openssl/x509v3.h openssl.pc providers/implementations/ciphers/cipher_chacha20_poly1305.c providers/implementations/ciphers/ciphercommon.c providers/implementations/keymgmt/ml_dsa_kmgmt.c providers/implementations/keymgmt/ml_kem_kmgmt.c test/provider_internal_test.cnf OpenSSLConfig.cmake apps/CA.pl apps/progs.c apps/progs.h apps/tsget.pl builddata.pm crypto/aes/aes-x86_64.s crypto/aes/aesni-mb-x86_64.s crypto/aes/aesni-sha1-x86_64.s crypto/aes/aesni-sha256-x86_64.s crypto/aes/aesni-x86_64.s crypto/aes/aesni-xts-avx512.s crypto/aes/bsaes-x86_64.s crypto/aes/vpaes-x86_64.s crypto/bn/rsaz-2k-avx512.s crypto/bn/rsaz-2k-avxifma.s crypto/bn/rsaz-3k-avx512.s crypto/bn/rsaz-3k-avxifma.s crypto/bn/rsaz-4k-avx512.s crypto/bn/rsaz-4k-avxifma.s crypto/bn/rsaz-avx2.s crypto/bn/rsaz-x86_64.s crypto/bn/x86_64-gf2m.s crypto/bn/x86_64-mont.s crypto/bn/x86_64-mont5.s crypto/buildinf.h crypto/camellia/cmll-x86_64.s crypto/chacha/chacha-x86_64.s crypto/ec/ecp_nistz256-x86_64.s crypto/ec/x25519-x86_64.s crypto/md5/md5-x86_64.s crypto/modes/aes-gcm-avx512.s crypto/modes/aesni-gcm-x86_64.s crypto/modes/ghash-x86_64.s crypto/poly1305/poly1305-x86_64.s crypto/rc4/rc4-md5-x86_64.s crypto/rc4/rc4-x86_64.s crypto/sha/keccak1600-x86_64.s crypto/sha/sha1-mb-x86_64.s crypto/sha/sha1-x86_64.s crypto/sha/sha256-mb-x86_64.s crypto/sha/sha256-x86_64.s crypto/sha/sha512-x86_64.s crypto/sm3/sm3-x86_64.S crypto/sm4/sm4-x86_64.S crypto/whrlpool/wp-x86_64.s crypto/x86_64cpuid.s doc/man1/openssl-asn1parse.pod doc/man1/openssl-ca.pod doc/man1/openssl-ciphers.pod doc/man1/openssl-cmds.pod doc/man1/openssl-cmp.pod doc/man1/openssl-cms.pod doc/man1/openssl-configutl.pod doc/man1/openssl-crl.pod doc/man1/openssl-crl2pkcs7.pod doc/man1/openssl-dgst.pod doc/man1/openssl-dhparam.pod doc/man1/openssl-dsa.pod doc/man1/openssl-dsaparam.pod doc/man1/openssl-ec.pod doc/man1/openssl-ecparam.pod doc/man1/openssl-enc.pod doc/man1/openssl-engine.pod doc/man1/openssl-errstr.pod doc/man1/openssl-fipsinstall.pod doc/man1/openssl-gendsa.pod doc/man1/openssl-genpkey.pod doc/man1/openssl-genrsa.pod doc/man1/openssl-info.pod doc/man1/openssl-kdf.pod doc/man1/openssl-list.pod doc/man1/openssl-mac.pod doc/man1/openssl-nseq.pod doc/man1/openssl-ocsp.pod doc/man1/openssl-passwd.pod doc/man1/openssl-pkcs12.pod doc/man1/openssl-pkcs7.pod doc/man1/openssl-pkcs8.pod doc/man1/openssl-pkey.pod doc/man1/openssl-pkeyparam.pod doc/man1/openssl-pkeyutl.pod doc/man1/openssl-prime.pod doc/man1/openssl-rand.pod doc/man1/openssl-rehash.pod doc/man1/openssl-req.pod doc/man1/openssl-rsa.pod doc/man1/openssl-rsautl.pod doc/man1/openssl-s_client.pod doc/man1/openssl-s_server.pod doc/man1/openssl-s_time.pod doc/man1/openssl-sess_id.pod doc/man1/openssl-skeyutl.pod doc/man1/openssl-smime.pod doc/man1/openssl-speed.pod doc/man1/openssl-spkac.pod doc/man1/openssl-srp.pod doc/man1/openssl-storeutl.pod doc/man1/openssl-ts.pod doc/man1/openssl-verify.pod doc/man1/openssl-version.pod doc/man1/openssl-x509.pod doc/man7/openssl_user_macros.pod engines/afalg.ld engines/capi.ld engines/dasync.ld engines/e_padlock-x86_64.s engines/loader_attic.ld engines/ossltest.ld engines/padlock.ld exporters/OpenSSLConfig.cmake exporters/libcrypto.pc exporters/libssl.pc installdata.pm libcrypto.ld libcrypto.pc libssl.ld libssl.pc providers/common/der/der_digests_gen.c providers/common/der/der_dsa_gen.c providers/common/der/der_ec_gen.c providers/common/der/der_ecx_gen.c providers/common/der/der_ml_dsa_gen.c providers/common/der/der_rsa_gen.c providers/common/der/der_slh_dsa_gen.c providers/common/der/der_sm2_gen.c providers/common/der/der_wrap_gen.c providers/common/include/prov/der_digests.h providers/common/include/prov/der_dsa.h providers/common/include/prov/der_ec.h providers/common/include/prov/der_ecx.h providers/common/include/prov/der_ml_dsa.h providers/common/include/prov/der_rsa.h providers/common/include/prov/der_slh_dsa.h providers/common/include/prov/der_sm2.h providers/common/include/prov/der_wrap.h providers/implementations/ciphers/cipher_chacha20_poly1305.c providers/implementations/ciphers/ciphercommon.c providers/implementations/keymgmt/ml_dsa_kmgmt.c providers/implementations/keymgmt/ml_kem_kmgmt.c providers/legacy.ld test/buildtest_aes.c test/buildtest_async.c test/buildtest_blowfish.c test/buildtest_bn.c test/buildtest_buffer.c test/buildtest_byteorder.c test/buildtest_camellia.c test/buildtest_cast.c test/buildtest_cmac.c test/buildtest_cmp_util.c test/buildtest_conf_api.c test/buildtest_configuration.c test/buildtest_conftypes.c test/buildtest_core.c test/buildtest_core_dispatch.c test/buildtest_core_object.c test/buildtest_cryptoerr_legacy.c test/buildtest_decoder.c test/buildtest_des.c test/buildtest_dh.c test/buildtest_dsa.c test/buildtest_dtls1.c test/buildtest_e_os2.c test/buildtest_e_ostime.c test/buildtest_ebcdic.c test/buildtest_ec.c test/buildtest_ecdh.c test/buildtest_ecdsa.c test/buildtest_encoder.c test/buildtest_engine.c test/buildtest_evp.c test/buildtest_fips_names.c test/buildtest_hmac.c test/buildtest_hpke.c test/buildtest_http.c test/buildtest_idea.c test/buildtest_indicator.c test/buildtest_kdf.c test/buildtest_macros.c test/buildtest_md4.c test/buildtest_md5.c test/buildtest_mdc2.c test/buildtest_ml_kem.c test/buildtest_modes.c test/buildtest_obj_mac.c test/buildtest_objects.c test/buildtest_ossl_typ.c test/buildtest_param_build.c test/buildtest_params.c test/buildtest_pem.c test/buildtest_pem2.c test/buildtest_prov_ssl.c test/buildtest_provider.c test/buildtest_quic.c test/buildtest_rand.c test/buildtest_rc2.c test/buildtest_rc4.c test/buildtest_ripemd.c test/buildtest_rsa.c test/buildtest_seed.c test/buildtest_self_test.c test/buildtest_sha.c test/buildtest_srtp.c test/buildtest_ssl2.c test/buildtest_sslerr_legacy.c test/buildtest_stack.c test/buildtest_store.c test/buildtest_symhacks.c test/buildtest_thread.c test/buildtest_tls1.c test/buildtest_ts.c test/buildtest_txt_db.c test/buildtest_types.c test/buildtest_whrlpool.c test/p_minimal.ld test/p_test.ld tools/c_rehash util/shlib_wrap.sh util/wrap.pl
find . -name '*.d' \! -name '.*' \! -type d -exec rm -f {} \;
find . -name '*.o' \! -name '.*' \! -type d -exec rm -f {} \;
rm -f core
rm -f tags TAGS doc-nits md-nits
rm -f -r test/test-runs
rm -f providers/fips*.new
find . -type l \! -name '.*' -exec rm -f {} \;
✅ Benchmarks complete at Thu 16 Oct 2025 01:43:21 PM EDT
Results logged to: ./benchmark_results/base64_benchmark_clang_2025-10-16_12-40-38.log
